,_index,_type,_id,_score,sort,redVarietal,isVQA,subCategory,consumerRating,featured,_isLimitedTimeOffer,regularPrice,isCraft,isDraft,promotionStartDate,whiteVarietal,tastingDescription,_promotionStartDate,_all_featured,promotionEndDate,isBCSpirit,sku,isLimitedTimeOffer,_featured,image,availableUnits,last_updated,subRegion,unitSize,upc,_blacklist,isDealcoholizedWine,volume,certificates,name,style,countryName,isBCCraft,region,statusCode,status,color,grapeType,isOrganic,storeCount,nameSuffix,alcoholPercentage,productCategory,isExclusive,all_featured,restrictionCode,productSubCategory,namePrefix,countryCode,isOntarioVQA,class,productType,isKosher,_whitelist,inventoryCode,currentPrice,sweetness,isNew,all_promotions,promotions,nameSanitized,isBCVQA,_promotionEndDate,votes,category,ribbons,isImageCacheFile,category_id,subCategory_id,class_id,totalVolume,totalPrice,totalAlcoholContent,alcoholCost,storePercent
0,bcls,product,772335,0.24271375,33 ACRES OF LIFE LAGER,,,Domestic - BC Beer,3.4,[],,16.49,True,False,,,"Easy on the alcohol content and weighing in on taste for a complete balance. Utilizing Northern Brewer hops lends a hint of evergreen traditional to style. A fruit-like quality is created by fermenting the lager at ale temperatures. Gaining a complex taste through subtle approach; hints at a full-bodied ale yet retains a crisp finish. Aroma: Faint fruit, toasted malt, caramel. Flavour: Sharp carbonation bite, pronounced hop character, light caramel aftertaste. Relatively clean finish.
",,[],,,772335,,[],http://www.bcliquorstores.com/sites/default/files/imagecache/height400px/772335.jpeg,637,2026-10-01 21:10:01,,6,['00626990216308'],False,,0.33,[],33 ACRES OF LIFE LAGER,California Common Or Steam,Canada,True,,2,2,,,False,56.0,33 ACRES OF LIFE LAGER,0.048,Domestic Beer,False,[],SR,BC Craft Beer,,CA,,Domestic - BC Micro Brew Beer,,False,False,0,16.49,,False,,,33 acres of life lager,,,174,Beer,[],True,1000,1006,1133,1261.26,10504.13,0.09504,173.50589225589223,0.28426395939086296
1,bcls,product,474748,0.24271375,33 ACRES OF NIRVANA CAN,,,Domestic - BC Beer,3.7,[],True,16.49,True,False,2026-09-27T00:00:00.000-07:00,,"33 Acres is one of Vancouver's most well-loved craft beer brewers. This West Coast Indian Pale Ale beautifully balances bitter-fresh pine notes with grapefruit rind and candied orange citrus. Try it with fried chicken for a true taste of nirvana.
",2026-09-27T00:00:00.000-07:00,['On Sale'],2026-10-24T00:00:00.000-07:00,,474748,True,[],http://www.bcliquorstores.com/sites/default/files/imagecache/height400px/474748.jpeg,682,2026-10-01 21:10:01,,6,['00696852001250'],False,,0.355,[],33 ACRES OF NIRVANA CAN,India Pale Ale,Canada,True,,2,2,,,False,61.0,33 ACRES OF NIRVANA CAN,0.07,Domestic Beer,False,['On Sale'],SR,BC Craft Beer,,CA,,Domestic - BC Micro Brew Beer,,False,False,0,15.49,,False,,,33 acres of nirvana can,,2026-10-24T00:00:00.000-07:00,48,Beer,[],True,1000,1006,1133,1452.6599999999999,11246.179999999998,0.1491,110.59691482226691,0.3096446700507614
2,bcls,product,837591,0.24544263,33 ACRES OF OCEAN PALE ALE,,,Domestic - BC Beer,3.5,[],True,16.49,True,False,2026-09-27T00:00:00.000-07:00,,"This is a full flavoured beer integrated with a distinct floral hop which gives it a quality unique to our Pacific Northwest surroundings. This style is evolutionary from a typical IPA with an assertive hop, lower alcohol content, and slight pine aroma. Low in malt character, this beer has a refined quality and a refreshing temperament. Aroma: Fruit, floral hop aroma, predominantly citrus and a little pine. Flavour: Light caramel, strong hop flavour.
",2026-09-27T00:00:00.000-07:00,['On Sale'],2026-10-24T00:00:00.000-07:00,,837591,True,[],http://www.bcliquorstores.com/sites/default/files/imagecache/height400px/837591.jpeg,1098,2026-10-01 21:10:01,,6,['00626990216346'],False,,0.33,[],33 ACRES OF OCEAN PALE ALE,Pale Ale,Canada,True,,2,2,,,False,74.0,33 ACRES OF OCEAN PALE ALE,0.055999999999999994,Domestic Beer,False,['On Sale'],SR,BC Craft Beer,,CA,,Domestic - BC Micro Brew Beer,,False,False,0,15.49,,False,,,33 acres of ocean pale ale,,2026-10-24T00:00:00.000-07:00,144,Beer,[],True,1000,1006,1133,2174.04,18106.019999999997,0.11087999999999999,148.7193362193362,0.3756345177664975
3,bcls,product,90837,0.24544263,33 ACRES OF SUNSHINE BLANCHE,,,Domestic - BC Beer,3.7,[],,16.49,True,False,,,"Born of the sun this unfiltered wheat ale has long been praised by the Belgians and revered by the French. This dreamy Blanchè beer is silky smooth and subspiced with orange peel, coriander and anise seed to pair perfectly with the golden days of summer. Aroma: Fruity, orange peel, coriander, black liquorice. Flavour: Fruity, orange peel, coriander, black liquorice, sweet aftertaste.
",,[],,,90837,,[],http://www.bcliquorstores.com/sites/default/files/imagecache/height400px/90837.jpeg,763,2026-10-01 21:10:01,,6,['00626990216353'],False,,0.33,[],33 ACRES OF SUNSHINE BLANCHE,Wheat,Canada,True,,2,2,,,False,79.0,33 ACRES OF SUNSHINE BLANCHE,0.05,Domestic Beer,False,[],SR,BC Craft Beer,,CA,,Domestic - BC Micro Brew Beer,,False,False,0,16.49,,False,,,33 acres of sunshine blanche,,,179,Beer,[],True,1000,1006,1133,1510.74,12581.869999999999,0.099,166.56565656565655,0.4010152284263959
4,bcls,product,23859,0.24544263,33 ACRES OF SUNSHINE CAN,,,Domestic - BC Beer,3.8,[],True,26.99,True,False,2026-09-27T00:00:00.000-07:00,,"Born of the sun this unfiltered wheat ale has long been praised by the Belgians and revered by the French. This dreamy Blanchè beer is silky smooth and subspiced with orange peel, coriander and anise seed to pair perfectly with the golden days of summer. Aroma: Fruity, orange peel, coriander, black liquorice. Flavour: Fruity, orange peel, coriander, black liquorice, sweet aftertaste.
",2026-09-27T00:00:00.000-07:00,"['BCL Select', 'On Sale']",2026-10-24T00:00:00.000-07:00,,23859,True,[],http://www.bcliquorstores.com/sites/default/files/imagecache/height400px/23859.jpeg,598,2026-10-01 21:10:01,,12,['00626990372486'],False,,0.355,[],33 ACRES OF SUNSHINE CAN,Wheat,Canada,True,,2,2,,,False,72.0,33 ACRES OF SUNSHINE CAN,0.05,Domestic Beer,True,"['BCL Select', 'On Sale']",C,BC Craft Beer,,CA,,Domestic - BC Micro Brew Beer,,False,False,0,23.99,,False,,,33 acres of sunshine can,,2026-10-24T00:00:00.000-07:00,125,Beer,"[{'id': 'empty-placeholder', 'label': '&nbsp;', 'labelLengthWithoutTags': 1}, {'id': 'exclusive', 'label': 'ONLY@BCL', 'labelLengthWithoutTags': 8}]",True,1000,1006,1133,2547.48,16140.019999999999,0.213,126.71361502347418,0.36548223350253806
5,bcls,product,418729,0.24271375,33 BREWING EXP - MEZCAL GOSE CAN,,,Domestic - BC Beer,3.7,[],,15.49,True,False,,,"A bracingly sour, bright, gose with Vancouver Island sea salt, fresh lime zest and juice. Conditioned on Mezcal oak to suggest warm, Oaxacan beaches and salt-rimmed cocktail glasses with tiny umbrellas.",,[],,,418729,,[],http://www.bcliquorstores.com/sites/default/files/imagecache/height400px/418729.jpeg,1078,2026-10-01 21:10:01,,6,['00626990456872'],False,,0.355,[],33 BREWING EXP - MEZCAL GOSE CAN,Sour,Canada,True,,2,2,,,False,90.0, MEZCAL GOSE CAN,0.05,Domestic Beer,False,[],SR,BC Craft Beer,33 BREWING EXP ,CA,,Domestic - BC Micro Brew Beer,,False,False,0,15.49,,False,,,33 brewing exp - mezcal gose can,,,79,Beer,[],True,1000,1006,1133,2296.14,16698.22,0.1065,145.44600938967136,0.45685279187817257
6,bcls,product,496769,0.24544263,ABANDONED RAIL BREWING CO - BELLHOP PORTER TALL CAN,,,Domestic - BC Beer,4.8,[],,16.29,False,False,,,"Gold, 2025 Canadian Brewing Awards: ""Bellhop Porter is a rich and smooth dark ale. Brewed with choice roasted malts for bold coffee and dark chocolate flavour, balanced by subtle undertones of caramel sweetness and hop bitterness for a clean finish."" (June 2025)",,['New Product'],,,496769,,[],http://www.bcliquorstores.com/sites/default/files/imagecache/height400px/496769.jpeg,1575,2026-10-01 21:10:01,,4,['00696852057356'],False,,0.473,[],ABANDONED RAIL BREWING CO - BELLHOP PORTER TALL CAN,Porter,Canada,True,,2,2,,,False,78.0, BELLHOP PORTER TALL CAN,0.057999999999999996,Domestic Beer,False,['New Product'],SH,BC Craft Beer,ABANDONED RAIL BREWING CO ,CA,,Domestic - BC Micro Brew Beer,,False,False,0,16.29,,True,,,abandoned rail brewing co - bellhop porter tall can,,,25,Beer,"[{'id': 'empty-placeholder', 'label': '&nbsp;', 'labelLengthWithoutTags': 1}, {'id': 'new', 'label': 'NEW', 'labelLengthWithoutTags': 3}]",True,1000,1006,1133,2979.8999999999996,25656.75,0.10973599999999999,148.4471823284975,0.39593908629441626
7,bcls,product,589416,0.24544263,AECHT SCHLENKERLA RAUCHBIER URBOCK,,,Import Beer,3.8,[],,6.29,False,False,,,False,,['New Product'],,,589416,,[],http://www.bcliquorstores.com/sites/default/files/imagecache/height400px/589416.jpeg,973,2026-10-01 21:10:01,,1,['04037458000128'],False,,0.5,[],AECHT SCHLENKERLA RAUCHBIER URBOCK,Other,Germany,False,,2,2,,,False,44.0,AECHT SCHLENKERLA RAUCHBIER URBOCK,0.069,Import Beer,False,['New Product'],ST,,,DE,,Europe Beer,,False,False,0,6.29,,True,,,aecht schlenkerla rauchbier urbock,,,6,Beer,"[{'id': 'empty-placeholder', 'label': '&nbsp;', 'labelLengthWithoutTags': 1}, {'id': 'new', 'label': 'NEW', 'labelLengthWithoutTags': 3}]",False,1000,1007,1188,486.5,6120.17,0.0345,182.31884057971013,0.2233502538071066
8,bcls,product,687251,0.24271375,ALEXANDER KEITH'S - INDIA PALE ALE CAN,,,Domestic - Other Province Beer,2.5,[],,18.49,False,False,,,"Brewed without compromise, taste Alexander Keith's heritage in this crisp golden ale with distinct drinkability. Subtle spice and herb notes from the hops and yeast come together over a light cereal grain foundation to provide a fresh easy drinking ale. The original Nova Scotia Ale and the oldest continuously brewed beer in North America: ""Those who like it...""
",,[],,,687251,,[],http://www.bcliquorstores.com/sites/default/files/imagecache/height400px/687251.jpeg,822,2026-10-01 21:10:01,,8,['00062067121456'],False,,0.355,[],ALEXANDER KEITH'S - INDIA PALE ALE CAN,India Pale Ale,Canada,False,,2,2,,,False,85.0, INDIA PALE ALE CAN,0.05,Domestic Beer,False,[],SR,National Domestic Beer,ALEXANDER KEITH'S ,CA,,Domestic - Other Province Commercial Beer,,False,False,0,18.49,,False,,,alexander keiths - india pale ale can,,,103,Beer,[],True,1000,1290,1138,2334.48,15198.779999999999,0.142,130.2112676056338,0.43147208121827413
9,bcls,product,588681,0.24271375,ALEXANDER KEITH'S - INDIA PALE ALE CAN,,,Domestic - Other Province Beer,2.0,[],,35.49,False,False,,,"Brewed without compromise, taste Alexander Keith's heritage in this crisp golden ale with distinct drinkability. Subtle spice and herb notes from the hops and yeast come together over a light cereal grain foundation to provide a fresh easy drinking ale. The original Nova Scotia Ale and the oldest continuously brewed beer in North America: ""Those who like it...""
",,[],,,588681,,[],http://www.bcliquorstores.com/sites/default/files/imagecache/height400px/588681.jpeg,1467,2026-10-01 21:10:01,,15,['00062067121371'],False,,0.355,[],ALEXANDER KEITH'S - INDIA PALE ALE CAN,India Pale Ale,Canada,False,,2,2,,,False,120.0, INDIA PALE ALE CAN,0.05,Domestic Beer,False,[],G,National Domestic Beer,ALEXANDER KEITH'S ,CA,,Domestic - Other Province Commercial Beer,,False,False,0,35.49,,False,,,alexander keiths - india pale ale can,,,874,Beer,[],True,1000,1290,1138,7811.774999999999,52063.83,0.26625,133.29577464788733,0.6091370558375635
10,bcls,product,638759,0.24544263,ALHAMBRA RESERVA 1925,,,Import Beer,4.2,[],,16.99,False,False,,,"An intense, full-bodied pilsner that is a reinterpretation of the Bohemian-style pilsner. Smell: Its intense aroma combines soft fruity notes with subtle hints of cereal, and light floral and spice overtones that are typical of Saaz hops. Taste: Cereal and hop flavours are perfectly balanced with a medium bitterness counterpoint.
",,[],,,638759,,[],http://www.bcliquorstores.com/sites/default/files/imagecache/height400px/638759.jpeg,701,2026-10-01 21:10:01,,6,"['00000084195326', '08413681021820']",False,,0.33,[],ALHAMBRA RESERVA 1925,Pilsner,Spain,False,,2,2,,,False,72.0,ALHAMBRA RESERVA 1925,0.064,Import Beer,False,[],SR,,,ES,,Europe Beer,,False,False,0,16.99,,False,,,alhambra reserva 1925,,,243,Beer,[],True,1000,1007,1188,1387.98,11909.99,0.12672,134.07512626262624,0.36548223350253806
11,bcls,product,383015,0.24544263,ASAHI - SUPER DRY,,,Import Beer,4.6,[],,13.79,False,False,,,"When Asahi Super Dry was first created in 1987, it redefined the beer category and introduced the world to a new taste in beer. Today, Asahi Super Dry is Japan's number one beer. Inspired by dry sake, Asahi invented the world's first super dry beer. Dry and crisp with a quick, clean finish, it leaves you refreshed and ready for the next sip, next bite of food, or next discovery.",,[],,,383015,,[],http://www.bcliquorstores.com/sites/default/files/imagecache/height400px/383015.jpeg,2323,2026-10-01 21:10:01,,4,['08008440547002'],False,,0.5,[],ASAHI - SUPER DRY,Lager,Italy,False,,2,2,,,False,109.0, SUPER DRY,0.05,Import Beer,False,[],SR,,ASAHI ,IT,,Europe Beer,,False,False,0,13.79,,False,,,asahi - super dry,,,51,Beer,[],True,1000,1007,1188,4646.0,32034.17,0.1,137.89999999999998,0.5532994923857868
12,bcls,product,439950,0.24271375,ASAHI SUPER DRY,,,Import Beer,3.7,[],True,16.79,False,False,2026-09-27T00:00:00.000-07:00,,"When Asahi Super Dry was first created in 1987, it redefined the beer category and introduced the world to a new taste in beer. Today, Asahi Super Dry is Japan's number one beer. Inspired by dry sake, Asahi invented the world's first super dry beer. Dry and crisp with a quick, clean finish, it leaves you refreshed and ready for the next sip, next bite of food, or next discovery.
",2026-09-27T00:00:00.000-07:00,['On Sale'],2026-10-24T00:00:00.000-07:00,,439950,True,[],http://www.bcliquorstores.com/sites/default/files/imagecache/height400px/439950.jpeg,3648,2026-10-01 21:10:01,,6,"['08855366005600', '08008440549204', '05060006410093', '00038766363343', '08008440249104', '08855366007604']",False,,0.33,[],ASAHI SUPER DRY,Pilsner,Italy,False,,2,2,,,False,118.0,ASAHI SUPER DRY,0.052000000000000005,Import Beer,False,['On Sale'],SR,,,IT,,Other Country Beer,,False,False,0,15.79,,False,,,asahi super dry,,2026-10-24T00:00:00.000-07:00,245,Beer,[],True,1000,1007,1193,7223.04,61249.92,0.10296000000000001,163.07303807303805,0.5989847715736041
13,bcls,product,265620,0.24544263,ASAHI SUPER DRY 0.0%,,,De-Alcoholized Product,4.2,['Non-Alcoholic Drinks'],,12.29,,,,,"A new non-alcoholic lager that won't settle for anything less than superior quality. Brewed to deliver the same invigorating refreshment as Japan's No. 1 Beer: our signature super dry taste, now with zero alcohol.
",,[],,,265620,,['Non-Alcoholic Drinks'],http://www.bcliquorstores.com/sites/default/files/imagecache/height400px/265620.jpeg,1821,2026-10-01 21:10:01,,6,['08008440544025'],False,,0.33,[],ASAHI SUPER DRY 0.0%,,Italy,False,,2,2,,,False,98.0,ASAHI SUPER DRY 0.0%,0.0001,De-Alcoholized Beer,False,[],SR,,,IT,,Beer And Refreshment De-Alcoholized Product,,False,False,0,12.29,,False,"[{'urlAlias': '/promotion/non-alcoholic', 'name': 'Non-Alcoholic Drinks', 'promoCode': '2024NOALCOHOL', 'published': True, 'shortName': ''}]","[{'urlAlias': '/promotion/non-alcoholic', 'name': 'Non-Alcoholic Drinks', 'promoCode': '2024NOALCOHOL', 'published': True, 'shortName': ''}]",asahi super dry 0.0%,,,90,General Merchandise,"[{'id': 'empty-placeholder', 'label': '&nbsp;', 'labelLengthWithoutTags': 1}, {'id': 'featured', 'label': 'FEATURED', 'labelLengthWithoutTags': 8}]",True,1000,1009,1128,3605.58,22380.09,0.00019800000000000002,62070.70707070706,0.49746192893401014
14,bcls,product,541201,0.24544263,ASAHI SUPER DRY BIG CAN,,,Import Beer,4.0,[],,17.79,False,False,,,"When Asahi Super Dry was first created in 1987, it redefined the beer category and introduced the world to a new taste in beer. Today, Asahi Super Dry is Japan's number one beer. Inspired by dry sake, Asahi invented the world's first super dry beer. Dry and crisp with a quick, clean finish, it leaves you refreshed and ready for the next sip, next bite of food, or next discovery.
",,[],,,541201,,[],http://www.bcliquorstores.com/sites/default/files/imagecache/height400px/541201.jpeg,1381,2026-10-01 21:10:01,,1,"['00626990005148', '04901004007810']",False,,2.0,[],ASAHI SUPER DRY BIG CAN,Pilsner,Japan,False,,2,2,,,False,64.0,ASAHI SUPER DRY BIG CAN,0.05,Import Beer,False,[],SR,,,JP,,Asia And South Pacific Beer,,False,False,0,17.79,,False,,,asahi super dry big can,,,323,Beer,[],True,1000,1007,1186,2762.0,24567.989999999998,0.1,177.89999999999998,0.3248730964467005
15,bcls,product,230990,0.24271375,ATYPIQUE - PINA COLADA,,,De-Alcoholized Product,3.0,['Non-Alcoholic Drinks'],True,9.99,,,2026-09-27T00:00:00.000-07:00,,False,2026-09-27T00:00:00.000-07:00,['On Sale'],2026-10-24T00:00:00.000-07:00,,230990,True,['Non-Alcoholic Drinks'],http://www.bcliquorstores.com/sites/default/files/imagecache/height400px/230990.jpeg,173,2026-10-01 21:10:01,,4,['00628504327029'],False,,0.355,[],ATYPIQUE - PINA COLADA,,Canada,False,,2,2,,,False,21.0, PINA COLADA,0.0,De-Alcoholized Beer,False,['On Sale'],SR,,ATYPIQUE ,CA,,Beer And Refreshment De-Alcoholized Product,,False,False,0,7.67,,False,"[{'urlAlias': '/promotion/non-alcoholic', 'name': 'Non-Alcoholic Drinks', 'promoCode': '2024NOALCOHOL', 'published': True, 'shortName': ''}]","[{'urlAlias': '/promotion/non-alcoholic', 'name': 'Non-Alcoholic Drinks', 'promoCode': '2024NOALCOHOL', 'published': True, 'shortName': ''}]",atypique - pina colada,,2026-10-24T00:00:00.000-07:00,25,General Merchandise,"[{'id': 'empty-placeholder', 'label': '&nbsp;', 'labelLengthWithoutTags': 1}, {'id': 'featured', 'label': 'FEATURED', 'labelLengthWithoutTags': 8}]",True,1000,1009,1128,245.66,1728.27,0.0,inf,0.1065989847715736
16,bcls,product,20563,0.24271375,BACKCOUNTRY BREWING - TRAILBREAKER PALE ALE TALL CAN,,,Domestic - BC Beer,4.2,[],True,15.99,True,False,2026-09-27T00:00:00.000-07:00,,"Our signature award winning hazy pale ale brewed to be sessionable, juicy and refreshing.
",2026-09-27T00:00:00.000-07:00,['On Sale'],2026-10-24T00:00:00.000-07:00,,20563,True,[],http://www.bcliquorstores.com/sites/default/files/imagecache/height400px/20563.jpeg,1174,2026-10-01 21:10:01,,4,"['00627843750109', '00626990360155']",False,,0.473,[],BACKCOUNTRY BREWING - TRAILBREAKER PALE ALE TALL CAN,Pale Ale,Canada,True,,2,2,,,False,81.0, TRAILBREAKER PALE ALE TALL CAN,0.05,Domestic Beer,False,['On Sale'],SR,BC Craft Beer,BACKCOUNTRY BREWING ,CA,,Domestic - BC Micro Brew Beer,,False,False,0,14.99,,False,,,backcountry brewing - trailbreaker pale ale tall can,,2026-10-24T00:00:00.000-07:00,71,Beer,[],True,1000,1006,1133,2221.208,18772.260000000002,0.0946,169.02748414376322,0.41116751269035534
17,bcls,product,20572,0.24544263,BACKCOUNTRY BREWING - WIDOWMAKER IPA TALL CAN,,,Domestic - BC Beer,4.2,[],,17.99,True,False,,,"Our award winning hazy IPA bursting with intense tropical fruit flavour.
",,[],,,20572,,[],http://www.bcliquorstores.com/sites/default/files/imagecache/height400px/20572.jpeg,1384,2026-10-01 21:10:01,,4,"['00627843750116', '00626990360162']",False,,0.473,[],BACKCOUNTRY BREWING - WIDOWMAKER IPA TALL CAN,India Pale Ale,Canada,True,,2,2,,,False,93.0, WIDOWMAKER IPA TALL CAN,0.067,Domestic Beer,False,[],SR,BC Craft Beer,BACKCOUNTRY BREWING ,CA,,Domestic - BC Micro Brew Beer,,False,False,0,17.99,,False,,,backcountry brewing - widowmaker ipa tall can,,,123,Beer,[],True,1000,1006,1133,2618.528,24898.159999999996,0.126764,141.9172635764097,0.4720812182741117
18,bcls,product,95003,0.24544263,BALDERDASH BREWING - SNEAKY WEASEL CRAFT LAGER,,,Domestic - BC Beer,3.7,[],,34.99,True,False,,,"This mildly hopped craft lager delivers a bold 5.6% ABV, but goes down crisp and clean. It pairs well with game day celebrations, fun in the sun and good times with friends.
",,[],,,95003,,[],http://www.bcliquorstores.com/sites/default/files/imagecache/height400px/95003.jpeg,1525,2026-10-01 21:10:01,,24,['00626990411482'],False,,0.355,[],BALDERDASH BREWING - SNEAKY WEASEL CRAFT LAGER,Lager,Canada,True,,2,2,,,False,104.0, SNEAKY WEASEL CRAFT LAGER,0.055999999999999994,Domestic Beer,False,[],SR,BC Craft Beer,BALDERDASH BREWING ,CA,,Domestic - BC Regional Beer,,False,False,0,34.99,,False,,,balderdash brewing - sneaky weasel craft lager,,,188,Beer,[],True,1000,1006,1135,12993.0,53359.75,0.47711999999999993,73.33584842387661,0.5279187817258884
19,bcls,product,20555,0.24271375,BALDERDASH BREWING - SNEAKY WEASEL CRAFT LAGER,,,Domestic - BC Beer,3.9,[],True,21.99,True,False,2026-09-27T00:00:00.000-07:00,,"This mildly hopped craft lager delivers a bold 5.6% ABV, but goes down crisp and clean. It pairs well with game day celebrations, fun in the sun and good times with friends.
",2026-09-27T00:00:00.000-07:00,['On Sale'],2026-10-24T00:00:00.000-07:00,,20555,True,[],http://www.bcliquorstores.com/sites/default/files/imagecache/height400px/20555.jpeg,4363,2026-10-01 21:10:01,,15,['00626990289258'],False,,0.355,[],BALDERDASH BREWING - SNEAKY WEASEL CRAFT LAGER,Lager,Canada,True,,2,2,,,False,140.0, SNEAKY WEASEL CRAFT LAGER,0.055999999999999994,Domestic Beer,False,['On Sale'],G,BC Craft Beer,BALDERDASH BREWING ,CA,,Domestic - BC Regional Beer,,False,False,0,19.99,,False,,,balderdash brewing - sneaky weasel craft lager,,2026-10-24T00:00:00.000-07:00,413,Beer,[],True,1000,1006,1135,23232.975,95942.37,0.2981999999999999,73.74245472837023,0.7106598984771574
20,bcls,product,47539,0.24544263,BALDERDASH BREWING - SNEAKY WEASEL CRAFT LAGER CAN,,,Domestic - BC Beer,3.9,[],,13.49,True,False,,,"This mildly hopped craft lager delivers a bold 5.6% ABV, but goes down crisp and clean. It pairs well with game day celebrations, fun in the sun and good times with friends.
",,[],,,47539,,[],http://www.bcliquorstores.com/sites/default/files/imagecache/height400px/47539.jpeg,3522,2026-10-01 21:10:01,,8,['00626990411611'],False,,0.355,[],BALDERDASH BREWING - SNEAKY WEASEL CRAFT LAGER CAN,Lager,Canada,True,,2,2,,,False,171.0, SNEAKY WEASEL CRAFT LAGER CAN,0.055999999999999994,Domestic Beer,False,[],SR,BC Craft Beer,BALDERDASH BREWING ,CA,,Domestic - BC Regional Beer,,False,False,0,13.49,,False,,,balderdash brewing - sneaky weasel craft lager can,,,107,Beer,[],True,1000,1006,1135,10002.48,47511.78,0.15904,84.82142857142858,0.868020304568528
21,bcls,product,198948,0.24271375,BALDERDASH BREWING - SNEAKY WEASEL CRAFT LAGER TALL CAN,,,Domestic - BC Beer,3.0,['The Starting Lineup'],True,2.19,True,False,2026-09-27T00:00:00.000-07:00,,"This mildly hopped craft lager delivers a bold 5.6% ABV, but goes down crisp and clean. It pairs well with game day celebrations, fun in the sun and good times with friends.
",2026-09-27T00:00:00.000-07:00,['On Sale'],2026-10-24T00:00:00.000-07:00,,198948,True,['The Starting Lineup'],http://www.bcliquorstores.com/sites/default/files/imagecache/height400px/198948.jpeg,12170,2026-10-01 21:10:01,,1,['00626990366850'],False,,0.473,[],BALDERDASH BREWING - SNEAKY WEASEL CRAFT LAGER TALL CAN,Lager,Canada,True,,2,2,,,False,122.0, SNEAKY WEASEL CRAFT LAGER TALL CAN,0.055999999999999994,Domestic Beer,False,['On Sale'],SR,BC Craft Beer,BALDERDASH BREWING ,CA,,Domestic - BC Regional Beer,,False,False,0,1.99,,False,"[{'urlAlias': '/promotion/october-lineup', 'name': 'The Starting Lineup', 'promoCode': '2026OCTLINEUP', 'published': True, 'shortName': ''}]","[{'urlAlias': '/promotion/october-lineup', 'name': 'The Starting Lineup', 'promoCode': '2026OCTLINEUP', 'published': True, 'shortName': ''}]",balderdash brewing - sneaky weasel craft lager tall can,,2026-10-24T00:00:00.000-07:00,161,Beer,"[{'id': 'empty-placeholder', 'label': '&nbsp;', 'labelLengthWithoutTags': 1}, {'id': 'featured', 'label': 'FEATURED', 'labelLengthWithoutTags': 8}]",True,1000,1006,1135,5756.41,26652.3,0.026487999999999998,82.67894895801874,0.6192893401015228
22,bcls,product,111784,0.24271375,BALDERDASH BREWING - WILY WOLVERINE STRONG LAGER,,,Domestic - BC Beer,3.9,[],,9.49,True,False,,,"Introducing the newest member of the Balderdash family - Wily Wolverine!  This spirited and lively strong lager is smooth and easy drinking but packs and extra punch at the same time!
",,[],,,111784,,[],http://www.bcliquorstores.com/sites/default/files/imagecache/height400px/111784.jpeg,1962,2026-10-01 21:10:01,,6,['00626990367055'],False,,0.355,[],BALDERDASH BREWING - WILY WOLVERINE STRONG LAGER,Lager,Canada,True,,2,2,,,False,87.0, WILY WOLVERINE STRONG LAGER,0.079,Domestic Beer,False,[],SR,BC Craft Beer,BALDERDASH BREWING ,CA,,Domestic - BC Regional Beer,,False,False,0,9.49,,False,,,balderdash brewing - wily wolverine strong lager,,,103,Beer,[],True,1000,1006,1135,4179.0599999999995,18619.38,0.16827,56.39745646877043,0.4416243654822335
23,bcls,product,243546,0.24271375,BAVARIA - 86 CHERRY LAGER TALL CAN,,,Import Beer,4.1,[],,3.09,False,False,,,False,,[],,,243546,,[],http://www.bcliquorstores.com/sites/default/files/imagecache/height400px/243546.jpeg,4415,2026-10-01 21:10:01,,1,"['08714800050098', '08714800054423']",False,,0.5,[],BAVARIA - 86 CHERRY LAGER TALL CAN,Lager,Netherlands,False,,2,2,,,False,109.0, 86 CHERRY LAGER TALL CAN,0.071,Import Beer,False,[],SH,,BAVARIA ,NL,,Europe Beer,,False,False,0,3.09,,False,,,bavaria - 86 cherry lager tall can,,,20,Beer,[],True,1000,1007,1188,2207.5,13642.349999999999,0.0355,87.04225352112677,0.5532994923857868
24,bcls,product,676437,0.24271375,BAVARIA ORIGINAL BREW,,,Import Beer,3.4,[],True,17.29,False,False,2026-09-27T00:00:00.000-07:00,,"A clear pilsner that is easy to drink, with a pleasant, slightly bitter aftertaste. Bavaria Premium is a clear, light-coloured pilsner, natural, containing nothing more than barley malt and hop. Refreshing, fruity and hop-like, with a beautifully balanced full flavour. An accessible and pure pilsner, brewed with the best ingredients and natural mineral water from Bavaria's own spring.
",2026-09-27T00:00:00.000-07:00,['On Sale'],2026-10-24T00:00:00.000-07:00,,676437,True,[],http://www.bcliquorstores.com/sites/default/files/imagecache/height400px/676437.jpeg,1846,2026-10-01 21:10:01,,6,['08714800017282'],False,,0.5,[],BAVARIA ORIGINAL BREW,Pilsner,Netherlands,False,,2,2,,,False,128.0,BAVARIA ORIGINAL BREW,0.05,Import Beer,False,['On Sale'],G,,,NL,,Europe Beer,,False,False,0,15.29,,False,,,bavaria original brew,,2026-10-24T00:00:00.000-07:00,204,Beer,[],True,1000,1007,1188,5538.0,31917.34,0.15000000000000002,115.26666666666664,0.649746192893401
25,bcls,product,344146,0.24271375,"BIG ROCK - ""THE ROCK BOX"" SIGNATURE 15 PACK CAN",,,Domestic - BC Beer,3.6,[],,29.49,True,False,,,,,[],,,344146,,[],http://www.bcliquorstores.com/sites/default/files/imagecache/height400px/344146.jpeg,589,2026-10-01 21:10:01,,15,"['00064294289978', '00064294927962', '00064294290349']",False,,0.355,[],"BIG ROCK - ""THE ROCK BOX"" SIGNATURE 15 PACK CAN",Variety Pack,Canada,True,,2,2,,,False,54.0," ""THE ROCK BOX"" SIGNATURE 15 PACK CAN",0.053,Domestic Beer,False,[],SR,BC Craft Beer,BIG ROCK ,CA,,Domestic - BC Regional Beer,,False,False,0,29.49,,False,,,"big rock - ""the rock box"" signature 15 pack can",,,56,Beer,[],True,1000,1006,1135,3136.4249999999997,17369.61,0.28222499999999995,104.49109752856765,0.27411167512690354
26,bcls,product,162057,0.24271375,BIG ROCK - TRADITIONAL ALE CAN 15 PACK,,,Domestic - BC Beer,3.9,[],True,26.99,True,False,2026-09-27T00:00:00.000-07:00,,"Toasty malt and sweet caramel up front finishing with a nutty flavour, medium creamy carbonation and mild hop bitterness.
",2026-09-27T00:00:00.000-07:00,['On Sale'],2026-10-24T00:00:00.000-07:00,,162057,True,[],http://www.bcliquorstores.com/sites/default/files/imagecache/height400px/162057.jpeg,678,2026-10-01 21:10:01,,15,['00064294000788'],False,,0.355,[],BIG ROCK - TRADITIONAL ALE CAN 15 PACK,Brown Ale,Canada,True,,2,2,,,False,60.0, TRADITIONAL ALE CAN 15 PACK,0.05,Domestic Beer,False,['On Sale'],SR,BC Craft Beer,BIG ROCK ,CA,,Domestic - BC Regional Beer,,False,False,0,22.99,,False,,,big rock - traditional ale can 15 pack,,2026-10-24T00:00:00.000-07:00,115,Beer,[],True,1000,1006,1135,3610.3499999999995,18299.219999999998,0.26625,101.37089201877934,0.30456852791878175
27,bcls,product,676130,0.24544263,BIRRA MORETTI,,,Import Beer,3.9,[],True,17.29,False,False,2026-09-27T00:00:00.000-07:00,,"Gold, World Beer Cup: ""Birra Moretti is pale gold colour with light carbonation; aromas of sweet malt, lightly toasted cereal, bread and floral hops, with light grassy/herbal notes; light bodied, crisp, clean and refreshing, with flavours of light sweet malt, cooked grains and slightly bitter/hoppy finish."" (2006)
",2026-09-27T00:00:00.000-07:00,['On Sale'],2026-10-24T00:00:00.000-07:00,,676130,True,[],http://www.bcliquorstores.com/sites/default/files/imagecache/height400px/676130.jpeg,794,2026-10-01 21:10:01,,6,"['08006890322941', '00719751201030', '00719751201047', '08006890622942']",False,,0.33,[],BIRRA MORETTI,Pilsner,Italy,False,,2,2,,,False,76.0,BIRRA MORETTI,0.046,Import Beer,False,['On Sale'],SH,,,IT,,Europe Beer,,False,False,0,16.29,,False,,,birra moretti,,2026-10-24T00:00:00.000-07:00,78,Beer,[],True,1000,1007,1188,1572.12,13728.26,0.09108,189.83311374615724,0.38578680203045684
28,bcls,product,394536,0.24271375,BITBURGER PREMIUM TALL CAN,,,Import Beer,4.2,['The Starting Lineup'],True,3.19,False,False,2026-09-27T00:00:00.000-07:00,,"This straw-coloured pilsner is crystal-clear and perfectly hopped, boasting a light taste and a lasting foam head with extra-fine bubbles. This all combines for a moment of pure pilsner enjoyment. For two centuries Bitburger brewed their beer using only the best ingredients, and following the renowned German Beer Purity laws. It's no wonder the distinct barrel-fresh taste of our Bitburger Premium Pils is a firm favourite amongst beer fans, and the most poured beer in Germany!
",2026-09-27T00:00:00.000-07:00,['On Sale'],2026-10-24T00:00:00.000-07:00,,394536,True,['The Starting Lineup'],http://www.bcliquorstores.com/sites/default/files/imagecache/height400px/394536.jpeg,9440,2026-10-01 21:10:01,,1,"['00020507002505', '00000041024355']",False,,0.5,[],BITBURGER PREMIUM TALL CAN,Pilsner,Germany,False,,2,2,,,False,139.0,BITBURGER PREMIUM TALL CAN,0.048,Import Beer,False,['On Sale'],SR,,,DE,,Europe Beer,,False,False,0,2.89,,False,"[{'urlAlias': '/promotion/october-lineup', 'name': 'The Starting Lineup', 'promoCode': '2026OCTLINEUP', 'published': True, 'shortName': ''}]","[{'urlAlias': '/promotion/october-lineup', 'name': 'The Starting Lineup', 'promoCode': '2026OCTLINEUP', 'published': True, 'shortName': ''}]",bitburger premium tall can,,2026-10-24T00:00:00.000-07:00,412,Beer,"[{'id': 'empty-placeholder', 'label': '&nbsp;', 'labelLengthWithoutTags': 1}, {'id': 'featured', 'label': 'FEATURED', 'labelLengthWithoutTags': 8}]",True,1000,1007,1188,4720.0,30113.6,0.024,132.91666666666666,0.7055837563451777
29,bcls,product,101624,0.24544263,BLUE MOON - MANGO WHEAT TALL CAN,,,Domestic - Other Province Beer,4.3,[],,13.29,False,False,,,"A refreshing wheat beer, brewed with ripe mango flavour, a light biscuit maltiness, wheat and hints of honey. Fresh and flavourful on the palate with mango, sweet citrus and peach, enjoy with Thai cuisine, spicy crab cakes or Sunday brunch.
",,[],,,101624,,[],http://www.bcliquorstores.com/sites/default/files/imagecache/height400px/101624.jpeg,939,2026-10-01 21:10:01,,4,['00056327015272'],False,,0.473,[],BLUE MOON - MANGO WHEAT TALL CAN,Wheat,Canada,False,,2,2,,,False,77.0, MANGO WHEAT TALL CAN,0.054000000000000006,Domestic Beer,False,[],SR,National Domestic Beer,BLUE MOON ,CA,,Domestic - Other Province Commercial Beer,,False,False,0,13.29,,False,,,blue moon - mango wheat tall can,,,72,Beer,[],True,1000,1290,1138,1776.588,12479.31,0.10216800000000001,130.07986845196146,0.39086294416243655
30,bcls,product,724357,0.24544263,BLUE MOON - NON ALC CAN,,,De-Alcoholized Product,3.8,['Non-Alcoholic Drinks'],True,11.29,,,2026-09-30T00:00:00.000-07:00,,"A balanced and refreshing non-alcoholic Belgian-style wheat brew, crafted with Valencia orange peel and coriander",2026-09-30T00:00:00.000-07:00,['On Sale'],2026-10-24T00:00:00.000-07:00,,724357,True,['Non-Alcoholic Drinks'],http://www.bcliquorstores.com/sites/default/files/imagecache/height400px/724357.jpeg,2011,2026-10-01 21:10:01,,6,['00056327025127'],False,,0.355,[],BLUE MOON - NON ALC CAN,,Canada,False,,2,2,,,False,121.0, NON ALC CAN,0.001,De-Alcoholized Beer,False,['On Sale'],SR,,BLUE MOON ,CA,,Beer And Refreshment De-Alcoholized Product,,False,False,0,10.29,,False,"[{'urlAlias': '/promotion/non-alcoholic', 'name': 'Non-Alcoholic Drinks', 'promoCode': '2024NOALCOHOL', 'published': True, 'shortName': ''}]","[{'urlAlias': '/promotion/non-alcoholic', 'name': 'Non-Alcoholic Drinks', 'promoCode': '2024NOALCOHOL', 'published': True, 'shortName': ''}]",blue moon - non alc can,,2026-10-24T00:00:00.000-07:00,16,General Merchandise,"[{'id': 'empty-placeholder', 'label': '&nbsp;', 'labelLengthWithoutTags': 1}, {'id': 'featured', 'label': 'FEATURED', 'labelLengthWithoutTags': 8}]",True,1000,1009,1128,4283.429999999999,22704.19,0.00213,5300.469483568075,0.6142131979695431
31,bcls,product,273623,0.24271375,BLUE MOON - WHITE CAN,,,Domestic - BC Beer,3.7,[],True,27.49,False,False,2026-09-27T00:00:00.000-07:00,,"Blue Moon Belgian White is Canada's #1 wheat beer. This Belgian-style wheat ale is brewed with Valencia Orange peel and coriander for a unique taste and brilliantly smooth finish. Make sure to garnish your Blue Moon Belgian White with an orange wheel to accentuate the citrus aroma.
",2026-09-27T00:00:00.000-07:00,['On Sale'],2026-10-24T00:00:00.000-07:00,,273623,True,[],http://www.bcliquorstores.com/sites/default/files/imagecache/height400px/273623.jpeg,1138,2026-10-01 21:10:01,,12,['00056327011151'],False,,0.355,[],BLUE MOON - WHITE CAN,Wheat,Canada,False,,2,2,,,False,109.0, WHITE CAN,0.054000000000000006,Domestic Beer,False,['On Sale'],SR,National Domestic Beer,BLUE MOON ,CA,,Domestic - BC Commercial Beer,,False,False,0,25.49,,False,,,blue moon - white can,,2026-10-24T00:00:00.000-07:00,164,Beer,[],True,1000,1006,1131,4847.88,31283.62,0.23004000000000002,119.50095635541643,0.5532994923857868
32,bcls,product,183512,0.24271375,BLUE MOON - WHITE TALL CAN,,,Domestic - Other Province Beer,4.1,[],,13.29,False,False,,,"Blue Moon Belgian White is an award-winning wheat beer. This unfiltered Belgian-style wheat ale is brewed with Valencia Orange peel and coriander for a unique taste and brilliantly smooth finish. Garnish your Blue Moon with an orange wheel to accentuate the citrus aroma.
",,[],,,183512,,[],http://www.bcliquorstores.com/sites/default/files/imagecache/height400px/183512.jpeg,1258,2026-10-01 21:10:01,,4,['00056327013742'],False,,0.473,[],BLUE MOON - WHITE TALL CAN,Wheat,Canada,False,,2,2,,,False,86.0, WHITE TALL CAN,0.0545,Domestic Beer,False,[],SR,National Domestic Beer,BLUE MOON ,CA,,Domestic - Other Province Commercial Beer,,False,False,0,13.29,,False,,,blue moon - white tall can,,,106,Beer,[],True,1000,1290,1138,2380.136,16718.82,0.103114,128.88647516341138,0.4365482233502538
33,bcls,product,258032,0.24271375,BOMBER BREWING - ROSEFINCH RASPBERY SOUR TALL CAN,,,Domestic - BC Beer,3.8,[],,14.79,True,False,,,"Canadian Brewing Awards: ""Bursting with bold, ripe raspberries, this refreshing brew offers a harmonious blend of sweet and tart flavours to harken the coming of warmer days. Canada Beer Cup Silver Medal for Fruited Sour 2024."" (October 2024)",,[],,,258032,,[],http://www.bcliquorstores.com/sites/default/files/imagecache/height400px/258032.jpeg,144,2026-10-01 21:10:01,,4,['00799793368441'],False,,0.473,[],BOMBER BREWING - ROSEFINCH RASPBERY SOUR TALL CAN,Sour,Canada,True,,3,3,,,False,19.0, ROSEFINCH RASPBERY SOUR TALL CAN,0.045,Domestic Beer,False,[],SH,BC Craft Beer,BOMBER BREWING ,CA,,Domestic - BC Micro Brew Beer,,False,False,0,14.79,,False,,,bomber brewing - rosefinch raspbery sour tall can,,,7,Beer,[],True,1000,1006,1133,272.448,2129.7599999999998,0.08514,173.7138830162086,0.09644670050761421
34,bcls,product,12757,0.24544263,BOWEN ISLAND - ARTISAN IPA CAN,,,Domestic - BC Beer,2.9,[],True,9.99,True,False,2026-09-27T00:00:00.000-07:00,,"The shipyard is alive with the sounds of artisans at their task. The boat wood's floral and citrus fragrances swirl through a solid framework, planed smooth and perfectly balanced. A rich golden color sets off the final details. Artisans build it best. This light golden IPA starts with a hoppy bitterness, followed by a medium level of maltiness and body, finishing with a refreshingly fruity grapefruit flavour.
",2026-09-27T00:00:00.000-07:00,['On Sale'],2026-10-24T00:00:00.000-07:00,,12757,True,[],http://www.bcliquorstores.com/sites/default/files/imagecache/height400px/12757.jpeg,3197,2026-10-01 21:10:01,,6,['00626990098584'],False,,0.355,[],BOWEN ISLAND - ARTISAN IPA CAN,India Pale Ale,Canada,True,,2,2,,,False,153.0, ARTISAN IPA CAN,0.055,Domestic Beer,False,['On Sale'],G,BC Craft Beer,BOWEN ISLAND ,CA,,Domestic - BC Regional Beer,,False,False,0,7.99,,False,,,bowen island - artisan ipa can,,2026-10-24T00:00:00.000-07:00,889,Beer,[],True,1000,1006,1135,6809.61,31938.030000000002,0.11714999999999999,85.27528809218951,0.7766497461928934
35,bcls,product,132902,0.24544263,BOWEN ISLAND - COASTLINE PALE ALE,,,Domestic - BC Beer,3.7,[],,9.99,True,False,,,"All along the West Coast of Cascadia, where fir and cedar forests dip their roots into the Pacific Ocean, a family of bears winds its way. They sniff at grasses and ferns, and they play in the waves and the refreshing sea spray. Follow the Coastline. With a good dose of hops, this well-balanced beer has a brilliant copper colour and a delicious malt body.
",,[],,,132902,,[],http://www.bcliquorstores.com/sites/default/files/imagecache/height400px/132902.jpeg,2633,2026-10-01 21:10:01,,6,['00626990061311'],False,,0.355,[],BOWEN ISLAND - COASTLINE PALE ALE,Pale Ale,Canada,True,,2,2,,,False,132.0, COASTLINE PALE ALE,0.05,Domestic Beer,False,[],SR,BC Craft Beer,BOWEN ISLAND ,CA,,Domestic - BC Regional Beer,,False,False,0,9.99,,False,,,bowen island - coastline pale ale,,,334,Beer,[],True,1000,1006,1135,5608.29,26303.670000000002,0.1065,93.80281690140845,0.6700507614213198
36,bcls,product,339042,0.24271375,BOWEN ISLAND - HARBOUR 15 FOR 12 CAN 2.0,,,Domestic - BC Beer,3.6,[],True,19.99,False,False,2026-09-27T00:00:00.000-07:00,,False,2026-09-27T00:00:00.000-07:00,['On Sale'],2026-10-24T00:00:00.000-07:00,,339042,True,[],http://www.bcliquorstores.com/sites/default/files/imagecache/height400px/339042.jpeg,411,2026-10-01 21:10:01,,15,['00696852139212'],False,,0.355,[],BOWEN ISLAND - HARBOUR 15 FOR 12 CAN 2.0,Lager,Canada,True,,2,2,,,False,30.0, HARBOUR 15 FOR 12 CAN 2.0,0.05,Domestic Beer,False,['On Sale'],ST,BC Craft Beer,BOWEN ISLAND ,CA,,Domestic - BC Regional Beer,,False,False,0,18.49,,False,,,bowen island - harbour 15 for 12 can 2.0,,2026-10-24T00:00:00.000-07:00,6,Beer,[],True,1000,1006,1135,2188.575,8215.89,0.26625,75.07981220657277,0.15228426395939088
37,bcls,product,495283,0.24544263,BOWEN ISLAND - HARBOUR PACK,,,Domestic - BC Beer,3.9,[],True,19.99,True,False,2026-09-27T00:00:00.000-07:00,,"From the artisans hard at work in the shipyard to the west coast waters floating a timber raft and to the coastline where fir and cedar forests dip into the ocean—grab a taste of Bowen Island!
",2026-09-27T00:00:00.000-07:00,['On Sale'],2026-10-24T00:00:00.000-07:00,,495283,True,[],http://www.bcliquorstores.com/sites/default/files/imagecache/height400px/495283.jpeg,1411,2026-10-01 21:10:01,,12,"['00626990170358', '00696852060899']",False,,0.355,[],BOWEN ISLAND - HARBOUR PACK,Variety Pack,Canada,True,,2,2,,,False,123.0, HARBOUR PACK,0.05,Domestic Beer,False,['On Sale'],SR,BC Craft Beer,BOWEN ISLAND ,CA,,Domestic - BC Regional Beer,,False,False,0,18.49,,False,,,bowen island - harbour pack,,2026-10-24T00:00:00.000-07:00,342,Beer,[],True,1000,1006,1135,6010.86,28205.89,0.213,93.84976525821595,0.6243654822335025
38,bcls,product,488379,0.24544263,BOWEN ISLAND - WEST COAST LAGER,,,Domestic - BC Beer,2.9,[],,9.99,True,False,,,"A mellow timber aroma drifts with the raft, mixing with the refreshing sea breeze. The logs are bound together and driven through the crisp waters of the Strait. The trees are felled and delimbed and rolled into the inlet. Slowly aged over an extended period of time to enhance it's taste profile. Creamy at the beginning followed by a slightly malt sweetness on the back of your tongue. This easily drinkable lager has a clean and crisp finish.
",,[],,,488379,,[],http://www.bcliquorstores.com/sites/default/files/imagecache/height400px/488379.jpeg,4151,2026-10-01 21:10:01,,6,['00626990051237'],False,,0.355,[],BOWEN ISLAND - WEST COAST LAGER,Lager,Canada,True,,2,2,,,False,162.0, WEST COAST LAGER,0.05,Domestic Beer,False,[],G,BC Craft Beer,BOWEN ISLAND ,CA,,Domestic - BC Regional Beer,,False,False,0,9.99,,False,,,bowen island - west coast lager,,,633,Beer,[],True,1000,1006,1135,8841.63,41468.49,0.1065,93.80281690140845,0.8223350253807107
39,bcls,product,666514,0.24271375,BRIDGE BREWING - NIMBUS HAZY PALE ALE TALL CAN,,,Domestic - BC Beer,3.3,[],True,16.29,False,False,2026-09-27T00:00:00.000-07:00,,False,2026-09-27T00:00:00.000-07:00,['On Sale'],2026-10-24T00:00:00.000-07:00,,666514,True,[],http://www.bcliquorstores.com/sites/default/files/imagecache/height400px/666514.jpeg,855,2026-10-01 21:10:01,,4,['00659153591387'],False,,0.473,[],BRIDGE BREWING - NIMBUS HAZY PALE ALE TALL CAN,Pale Ale,Canada,True,,2,2,,,False,65.0, NIMBUS HAZY PALE ALE TALL CAN,0.045,Domestic Beer,False,['On Sale'],SR,BC Craft Beer,BRIDGE BREWING ,CA,,Domestic - BC Micro Brew Beer,,False,False,0,15.29,,False,,,bridge brewing - nimbus hazy pale ale tall can,,2026-10-24T00:00:00.000-07:00,6,Beer,[],True,1000,1006,1133,1617.6599999999999,13927.949999999999,0.08514,191.33192389006342,0.3299492385786802
40,bcls,product,82239,0.24544263,BRIDGE BREWING - PRIMETIME CAN,,,Domestic - BC Beer,4.3,[],,15.29,True,False,,,"PrimeTime is BC's first low cal and low carb craft beer. PrimeTime is a crisp and refreshing beer that is easy drinking and does not compromise on flavour. Brewed with Citra and El Dorado hops, PrimeTime is pale in colour but has that full-bodied flavour craft beer drinkers love. 
",,[],,,82239,,[],http://www.bcliquorstores.com/sites/default/files/imagecache/height400px/82239.jpeg,988,2026-10-01 21:10:01,,6,['00659153590168'],False,,0.355,[],BRIDGE BREWING - PRIMETIME CAN,Pale Ale,Canada,True,,2,2,,,False,93.0, PRIMETIME CAN,0.05,Domestic Beer,False,[],SR,BC Craft Beer,BRIDGE BREWING ,CA,,Domestic - BC Micro Brew Beer,,False,False,0,15.29,,False,,,bridge brewing - primetime can,,,313,Beer,[],True,1000,1006,1133,2104.44,15106.519999999999,0.1065,143.56807511737088,0.4720812182741117
41,bcls,product,151710,0.24544263,BRIDGE BREWING - PRIMETIME CAN,,,Domestic - BC Beer,4.0,[],True,26.29,True,False,2026-09-27T00:00:00.000-07:00,,"PrimeTime is BC's first low cal and low carb craft beer. PrimeTime is a crisp and refreshing beer that is easy drinking and does not compromise on flavour. Brewed with Citra and El Dorado hops, PrimeTime is pale in colour but has that full-bodied flavour craft beer drinkers love. 
",2026-09-27T00:00:00.000-07:00,['On Sale'],2026-10-24T00:00:00.000-07:00,,151710,True,[],http://www.bcliquorstores.com/sites/default/files/imagecache/height400px/151710.jpeg,512,2026-10-01 21:10:01,,12,['00659153590663'],False,,0.355,[],BRIDGE BREWING - PRIMETIME CAN,Pale Ale,Canada,True,,2,2,,,False,46.0, PRIMETIME CAN,0.05,Domestic Beer,False,['On Sale'],SR,BC Craft Beer,BRIDGE BREWING ,CA,,Domestic - BC Micro Brew Beer,,False,False,0,23.29,,False,,,bridge brewing - primetime can,,2026-10-24T00:00:00.000-07:00,89,Beer,[],True,1000,1006,1133,2181.12,13460.48,0.213,123.42723004694835,0.233502538071066
42,bcls,product,987654,0.24544263,CAMP BEER CO. - CHERRY LIME LAGER TALL CAN,,,Domestic - BC Beer,3.6,[],,13.79,False,False,,,False,,['New Product'],,,987654,,[],http://www.bcliquorstores.com/sites/default/files/imagecache/height400px/987654.jpeg,763,2026-10-01 21:10:01,,4,['00696852189057'],False,,0.473,[],CAMP BEER CO. - CHERRY LIME LAGER TALL CAN,Lager,Canada,True,,2,2,,,False,55.0, CHERRY LIME LAGER TALL CAN,0.052000000000000005,Domestic Beer,False,['New Product'],ST,BC Craft Beer,CAMP BEER CO. ,CA,,Domestic - BC Micro Brew Beer,,False,False,0,13.79,,True,,,camp beer co. - cherry lime lager tall can,,,3,Beer,"[{'id': 'empty-placeholder', 'label': '&nbsp;', 'labelLengthWithoutTags': 1}, {'id': 'new', 'label': 'NEW', 'labelLengthWithoutTags': 3}]",False,1000,1006,1133,1443.596,10521.769999999999,0.098384,140.16506749064888,0.27918781725888325
43,bcls,product,772756,0.24271375,CANNERY BREWING - NARAMATA NUT BROWN ALE 6 CANS,,,Domestic - BC Beer,4.3,[],,15.29,True,False,,,"This velvety soft ale has a stubbornly loyal following. Rich dark malts are layered in a seamless manner. Fine tuning with a blend of bittering, aroma and flavour hops produce an amazingly smooth finish and a lingering taste. This is a full-bodied ale with a rich and gentle flavour.
",,[],,,772756,,[],http://www.bcliquorstores.com/sites/default/files/imagecache/height400px/772756.jpeg,585,2026-10-01 21:10:01,,6,['00626990064138'],False,,0.355,[],CANNERY BREWING - NARAMATA NUT BROWN ALE 6 CANS,Brown Ale,Canada,True,,2,2,,,False,67.0, NARAMATA NUT BROWN ALE 6 CANS,0.055,Domestic Beer,False,[],SR,BC Craft Beer,CANNERY BREWING ,CA,,Domestic - BC Micro Brew Beer,,False,False,0,15.29,,False,,,cannery brewing - naramata nut brown ale 6 cans,,,337,Beer,[],True,1000,1006,1133,1246.05,8944.65,0.11714999999999999,130.51643192488262,0.3401015228426396
44,bcls,product,328419,0.24271375,CARIB LAGER,,,Import Beer,4.2,[],,17.49,False,False,,,"Suppose it were possible to bottle the fun-loving, playful and passionate approach to quintessentially Caribbean life. In that case, you will discover Carib Lager, a full-bodied golden brew that bursts to life with every pour. A rich combination of flavour and aromatics blends perfectly to create a unique balance between malt and hops, sweet and bitter. Carib Beer is the undeniable brew of the Caribbean, the world's most exciting playground.
",,[],,,328419,,[],http://www.bcliquorstores.com/sites/default/files/imagecache/height400px/328419.jpeg,206,2026-10-01 21:10:01,,6,"['00798713110085', '00798713110078']",False,,0.33,[],CARIB LAGER,Lager,Trinidad And Tobago,False,,2,2,,,False,23.0,CARIB LAGER,0.052000000000000005,Import Beer,False,[],SR,,,TT,,Mexico And Caribbean Beer,,False,False,0,17.49,,False,,,carib lager,,,116,Beer,[],True,1000,1007,1191,407.88,3602.9399999999996,0.10296000000000001,169.87179487179483,0.116751269035533
45,bcls,product,903393,0.24544263,CARLING - EXTRA OLD STOCK CAN,,,Domestic - BC Beer,3.3,[],,9.99,False,False,,,"Extra Old Stock holds a pleasant grain character with a light sweetness. You will enjoy a medium-dry finish with a mild sweet aftertaste.
",,[],,,903393,,[],http://www.bcliquorstores.com/sites/default/files/imagecache/height400px/903393.jpeg,2795,2026-10-01 21:10:01,,6,['00056327273238'],False,,0.355,[],CARLING - EXTRA OLD STOCK CAN,Other,Canada,False,,2,2,,,False,140.0, EXTRA OLD STOCK CAN,0.0565,Domestic Beer,False,[],G,National Domestic Beer,CARLING ,CA,,Domestic - BC Commercial Beer,,False,False,0,9.99,,False,,,carling - extra old stock can,,,149,Beer,[],True,1000,1006,1131,5953.349999999999,27922.05,0.120345,83.01134239062695,0.7106598984771574
46,bcls,product,680876,0.24271375,CARLING - EXTRA OLD STOCK CAN,,,Domestic - BC Beer,4.0,[],,21.99,False,False,,,"Extra Old Stock holds a pleasant grain character with a light sweetness. You will enjoy a medium-dry finish with a mild sweet aftertaste.
",,[],,,680876,,[],http://www.bcliquorstores.com/sites/default/files/imagecache/height400px/680876.jpeg,5298,2026-10-01 21:10:01,,15,['00056327273276'],False,,0.355,[],CARLING - EXTRA OLD STOCK CAN,Other,Canada,False,,2,2,,,False,167.0, EXTRA OLD STOCK CAN,0.0565,Domestic Beer,False,[],G,National Domestic Beer,CARLING ,CA,,Domestic - BC Commercial Beer,,False,False,0,21.99,,False,,,carling - extra old stock can,,,268,Beer,[],True,1000,1006,1131,28211.849999999995,116503.01999999999,0.3008625,73.0898666334289,0.8477157360406091
47,bcls,product,307482,0.24544263,CARLSBERG - PILSNER TALL CAN,,,Domestic - Other Province Beer,4.1,[],,11.49,False,False,,,"With over 175 years of history, Carlsberg was the first of its kind using pure yeast. Carlsberg is light-bodied, refreshingly crisp, with a malty backbone and balanced bitterness. Bright straw in colour, with lightly bready, mild hops, and citrus aromas and flavours - it's a perfect match for game day
",,[],,,307482,,[],http://www.bcliquorstores.com/sites/default/files/imagecache/height400px/307482.jpeg,1501,2026-10-01 21:10:01,,4,['00675325922131'],False,,0.473,[],CARLSBERG - PILSNER TALL CAN,Pilsner,Canada,False,,2,2,,,False,104.0, PILSNER TALL CAN,0.05,Domestic Beer,False,[],SH,National Domestic Beer,CARLSBERG ,CA,,Domestic - Other Province Commercial Beer,,False,False,0,11.49,,False,,,carlsberg - pilsner tall can,,,7,Beer,[],True,1000,1290,1138,2839.892,17246.49,0.0946,121.45877378435517,0.5279187817258884
48,bcls,product,359196,0.24544263,CARLSBERG - PILSNER TALL CAN,,,Domestic - Other Province Beer,3.2,[],,3.09,False,False,,,"With over 175 years of history, Carlsberg was the first of its kind using pure yeast. Carlsberg is light-bodied, refreshingly crisp, with a malty backbone and balanced bitterness. Bright straw in colour, with lightly bready, mild hops, and citrus aromas and flavours - it's a perfect match for game day
",,[],,,359196,,[],http://www.bcliquorstores.com/sites/default/files/imagecache/height400px/359196.jpeg,9668,2026-10-01 21:10:01,,1,['00675325922117'],False,,0.473,[],CARLSBERG - PILSNER TALL CAN,Pilsner,Canada,False,,2,2,,,False,139.0, PILSNER TALL CAN,0.05,Domestic Beer,False,[],G,National Domestic Beer,CARLSBERG ,CA,,Domestic - Other Province Commercial Beer,,False,False,0,3.09,,False,,,carlsberg - pilsner tall can,,,27,Beer,[],True,1000,1290,1138,4572.964,29874.12,0.02365,130.65539112050737,0.7055837563451777
49,bcls,product,156828,0.24544263,CASS,,,Import Beer,3.5,[],,16.99,False,False,,,"Cass Fresh is crafted with premium raw materials and its signature 0°C Cold Brew method, slowly brewed for 72 hours to deliver Korea's top-selling beer's refreshingly clean taste. Crisp, bright, and lightly malty, it's cold-filtered for smoothness and best enjoyed ice-cold with any meal or celebration.
",,[],,,156828,,[],http://www.bcliquorstores.com/sites/default/files/imagecache/height400px/156828.jpeg,860,2026-10-01 21:10:01,,6,"['08801858010201', '08801858900168', '00795652110046']",False,,0.33,[],CASS,Pilsner,Korea - South,False,,2,2,,,False,71.0,CASS,0.045,Import Beer,False,[],SH,,,KR,,Asia And South Pacific Beer,,False,False,0,16.99,,False,,,cass,,,271,Beer,[],True,1000,1007,1186,1702.8,14611.399999999998,0.0891,190.68462401795733,0.3604060913705584
50,bcls,product,381382,0.24271375,CHIMAY - BRANDY BARREL FERMENTED GRANDE RESERVE 2024,,,Import Beer,3.0,[],,50.99,False,False,,,"A unique and rare Belgian quadrupel that is fermented three times (tank, barrel, bottle), unfiltered, and unpasteurized. Drink now or cellar for up to 20 years.
",,[],,,381382,,[],http://www.bcliquorstores.com/sites/default/files/imagecache/height400px/381382.jpeg,13,2026-10-01 21:10:01,,1,"['05410908002399', '05410908002238', '05410908002313']",False,,0.75,[],CHIMAY - BRANDY BARREL FERMENTED GRANDE RESERVE 2024,Strong Ale,Belgium,False,,2,2,,,False,4.0, BRANDY BARREL FERMENTED GRANDE RESERVE 2024,0.105,Import Beer,False,[],ST,,CHIMAY ,BE,,Europe Beer,,False,False,0,50.99,,False,,,chimay - brandy barrel fermented grande reserve 2024,,,15,Beer,[],True,1000,1007,1188,9.75,662.87,0.07875,647.4920634920635,0.02030456852791878
51,bcls,product,319371,0.24544263,COBRA - PREMIUM LAGER,,,Import Beer,4.5,[],,3.89,False,False,,,"Gold, Monde Selection: ""A complex recipe of seven ingredients with fewer bubbles producing a sophisticated taste designed for food. Cleansing, mildly stimulating, followed by a hoppy note with rounded maize, rice, wheat notes. Low carbonation delivers a smooth, crisp, lingering bitterness. Over 150 Gold Medals at the prestigious Monde Selection Awards, since 2001."" (June 2024)
",,[],,,319371,,[],http://www.bcliquorstores.com/sites/default/files/imagecache/height400px/319371.jpeg,4796,2026-10-01 21:10:01,,1,['05010038462423'],False,,0.33,[],COBRA - PREMIUM LAGER,Lager,United Kingdom,False,,2,2,,,False,77.0, PREMIUM LAGER,0.045,Import Beer,False,[],SH,,COBRA ,GB,,Europe Beer,,False,False,0,3.89,,False,,,cobra - premium lager,,,24,Beer,[],True,1000,1007,1188,1582.68,18656.440000000002,0.01485,261.95286195286195,0.39086294416243655
52,bcls,product,681122,0.24271375,COLUMBIA - KOKANEE,,,Domestic - BC Beer,2.8,[],True,31.29,False,False,2026-09-27T00:00:00.000-07:00,,"Kokanee is a Canadian lager that provides a clean refreshing taste experience, with a very smooth finish.
",2026-09-27T00:00:00.000-07:00,"['BCL Select', 'On Sale']",2026-10-24T00:00:00.000-07:00,,681122,True,[],http://www.bcliquorstores.com/sites/default/files/imagecache/height400px/681122.jpeg,1592,2026-10-01 21:10:01,,15,"['00062067374081', '00062067200731']",False,,0.341,[],COLUMBIA - KOKANEE,Pilsner,Canada,False,,2,2,,,False,118.0, KOKANEE,0.05,Domestic Beer,True,"['BCL Select', 'On Sale']",C,National Domestic Beer,COLUMBIA ,CA,,Domestic - BC Commercial Beer,,False,False,0,29.29,,False,,,columbia - kokanee,,2026-10-24T00:00:00.000-07:00,117,Beer,"[{'id': 'empty-placeholder', 'label': '&nbsp;', 'labelLengthWithoutTags': 1}, {'id': 'exclusive', 'label': 'ONLY@BCL', 'labelLengthWithoutTags': 8}]",True,1000,1006,1131,8143.08,49813.68,0.25575000000000003,122.34604105571846,0.5989847715736041
53,bcls,product,781542,0.24544263,COLUMBIA - KOKANEE CAN,,,Domestic - Other Province Beer,3.5,[],,68.79,False,False,,,"Kokanee is a Canadian lager that provides a clean refreshing taste experience, with a very smooth finish.
",,['BCL Select'],,,781542,,[],http://www.bcliquorstores.com/sites/default/files/imagecache/height400px/781542.jpeg,781,2026-10-01 21:10:01,,36,['00062067374296'],False,,0.355,[],COLUMBIA - KOKANEE CAN,Pilsner,Canada,False,,2,2,,,False,81.0, KOKANEE CAN,0.05,Domestic Beer,True,['BCL Select'],C,National Domestic Beer,COLUMBIA ,CA,,Domestic - Other Province Commercial Beer,,False,False,0,68.79,,False,,,columbia - kokanee can,,,119,Beer,"[{'id': 'empty-placeholder', 'label': '&nbsp;', 'labelLengthWithoutTags': 1}, {'id': 'exclusive', 'label': 'ONLY@BCL', 'labelLengthWithoutTags': 8}]",True,1000,1290,1138,9981.18,53724.990000000005,0.639,107.65258215962442,0.41116751269035534
54,bcls,product,795450,0.24544263,COLUMBIA - KOKANEE CAN,,,Domestic - BC Beer,2.6,[],,17.79,False,False,,,"Kokanee is a Canadian lager that provides a clean refreshing taste experience, with a very smooth finish.
",,[],,,795450,,[],http://www.bcliquorstores.com/sites/default/files/imagecache/height400px/795450.jpeg,3319,2026-10-01 21:10:01,,8,['00062067374456'],False,,0.355,[],COLUMBIA - KOKANEE CAN,Pilsner,Canada,False,,2,2,,,False,181.0, KOKANEE CAN,0.05,Domestic Beer,False,[],SR,National Domestic Beer,COLUMBIA ,CA,,Domestic - BC Commercial Beer,,False,False,0,17.79,,False,,,columbia - kokanee can,,,113,Beer,[],True,1000,1006,1131,9425.96,59045.009999999995,0.142,125.28169014084507,0.9187817258883249
55,bcls,product,236495,0.24544263,COORS LIGHT - CAN,,,Domestic - BC Beer,4.0,[],,68.79,False,False,,,"Coors Light is lagered, filtered and packaged cold to ensure that every Coors Light is as refreshing and crisp as the Rockies themselves.
",,['BCL Select'],,,236495,,[],http://www.bcliquorstores.com/sites/default/files/imagecache/height400px/236495.jpeg,3220,2026-10-01 21:10:01,,36,['00056327004337'],False,,0.355,[],COORS LIGHT - CAN,Lager,Canada,False,,2,2,,,False,135.0, CAN,0.04,Domestic Beer,True,['BCL Select'],C,National Domestic Beer,COORS LIGHT ,CA,,Domestic - BC Commercial Beer,,False,False,0,68.79,,False,,,coors light - can,,,182,Beer,"[{'id': 'empty-placeholder', 'label': '&nbsp;', 'labelLengthWithoutTags': 1}, {'id': 'exclusive', 'label': 'ONLY@BCL', 'labelLengthWithoutTags': 8}]",True,1000,1006,1131,41151.6,221503.80000000002,0.5112,134.56572769953053,0.6852791878172588
56,bcls,product,683748,0.24271375,COORS LIGHT - CAN,,,Domestic - BC Beer,2.8,[],True,17.99,False,False,2026-09-27T00:00:00.000-07:00,,"Coors Light is lagered, filtered and packaged cold to ensure that every Coors Light is as refreshing and crisp as the Rockies themselves.
",2026-09-27T00:00:00.000-07:00,['On Sale'],2026-10-24T00:00:00.000-07:00,,683748,True,[],http://www.bcliquorstores.com/sites/default/files/imagecache/height400px/683748.jpeg,5270,2026-10-01 21:10:01,,8,"['00056327018099', '00056327005518']",False,,0.355,[],COORS LIGHT - CAN,Lager,Canada,False,,2,2,,,False,186.0, CAN,0.04,Domestic Beer,False,['On Sale'],SR,National Domestic Beer,COORS LIGHT ,CA,,Domestic - BC Commercial Beer,,False,False,0,16.19,,False,,,coors light - can,,2026-10-24T00:00:00.000-07:00,121,Beer,[],True,1000,1006,1131,14966.8,94807.29999999999,0.11359999999999999,158.36267605633802,0.9441624365482234
57,bcls,product,906644,0.24271375,COORS LIGHT - CAN,,,Domestic - BC Beer,2.5,['Our Best Sellers'],,49.29,False,False,,,"Coors Light is lagered, filtered and packaged cold to ensure that every Coors Light is as refreshing and crisp as the Rockies themselves.
",,[],,,906644,,['Our Best Sellers'],http://www.bcliquorstores.com/sites/default/files/imagecache/height400px/906644.jpeg,4821,2026-10-01 21:10:01,,24,['00056327183247'],False,,0.355,[],COORS LIGHT - CAN,Lager,Canada,False,,2,2,,,False,168.0, CAN,0.04,Domestic Beer,False,[],G,National Domestic Beer,COORS LIGHT ,CA,,Domestic - BC Commercial Beer,,False,False,0,49.29,,False,"[{'urlAlias': '/promotion/best-sellers', 'name': 'Our Best Sellers', 'promoCode': 'MARCH2026BESTSELLERS', 'published': True, 'shortName': ''}]","[{'urlAlias': '/promotion/best-sellers', 'name': 'Our Best Sellers', 'promoCode': 'MARCH2026BESTSELLERS', 'published': True, 'shortName': ''}]",coors light - can,,,433,Beer,"[{'id': 'empty-placeholder', 'label': '&nbsp;', 'labelLengthWithoutTags': 1}, {'id': 'featured', 'label': 'FEATURED', 'labelLengthWithoutTags': 8}]",True,1000,1006,1131,41074.92,237627.09,0.3408,144.63028169014083,0.8527918781725888
58,bcls,product,929620,0.24271375,COORS LIGHT - CAN,,,Domestic - BC Beer,2.4,['Featured Products'],True,32.29,False,False,2026-09-27T00:00:00.000-07:00,,"Coors Light is lagered, filtered and packaged cold to ensure that every Coors Light is as refreshing and crisp as the Rockies themselves.
",2026-09-27T00:00:00.000-07:00,['On Sale'],2026-10-24T00:00:00.000-07:00,,929620,True,['Featured Products'],http://www.bcliquorstores.com/sites/default/files/imagecache/height400px/929620.jpeg,6194,2026-10-01 21:10:01,,15,['00056327183278'],False,,0.355,[],COORS LIGHT - CAN,Lager,Canada,False,,2,2,,,False,190.0, CAN,0.04,Domestic Beer,False,['On Sale'],G,National Domestic Beer,COORS LIGHT ,CA,,Domestic - BC Commercial Beer,,False,False,0,27.99,,False,"[{'urlAlias': '/promotion/featured-sale-hero', 'name': 'Featured Products', 'promoCode': '2026OCTFEATUREDSALEHERO', 'published': True, 'shortName': ''}]","[{'urlAlias': '/promotion/featured-sale-hero', 'name': 'Featured Products', 'promoCode': '2026OCTFEATUREDSALEHERO', 'published': True, 'shortName': ''}]",coors light - can,,2026-10-24T00:00:00.000-07:00,304,Beer,"[{'id': 'empty-placeholder', 'label': '&nbsp;', 'labelLengthWithoutTags': 1}, {'id': 'featured', 'label': 'FEATURED', 'labelLengthWithoutTags': 8}]",True,1000,1006,1131,32983.049999999996,200004.25999999998,0.21299999999999997,151.59624413145542,0.9644670050761421
59,bcls,product,127548,0.24544263,COORS LIGHT - TALL CAN,,,Domestic - BC Beer,3.9,[],,3.99,False,False,,,"Coors Light is lagered, filtered and certified cold to ensure that every Coors Light is as refreshing and crisp as the Rockies themselves.
",,[],,,127548,,[],http://www.bcliquorstores.com/sites/default/files/imagecache/height400px/127548.jpeg,7077,2026-10-01 21:10:01,,1,['00056327183414'],False,,0.71,[],COORS LIGHT - TALL CAN,Other,Canada,False,,2,2,,,False,141.0, TALL CAN,0.04,Domestic Beer,False,[],SR,National Domestic Beer,COORS LIGHT ,CA,,Domestic - BC Commercial Beer,,False,False,0,3.99,,False,,,coors light - tall can,,,32,Beer,[],True,1000,1006,1131,5024.67,28237.230000000003,0.028399999999999998,140.49295774647888,0.7157360406091371
60,bcls,product,111939,0.24544263,COORS ORIGINAL - CAN,,,Domestic - Other Province Beer,3.5,[],True,17.99,False,False,2026-09-27T00:00:00.000-07:00,,"Coors Original is a sessionable golden lager with an inviting aroma of freshly baked bread and understated hints of banana and pear. Its satisfying flavour, which balances subtle sweetness and malty refreshment, offers a crisp, smooth finish.
",2026-09-27T00:00:00.000-07:00,['On Sale'],2026-10-24T00:00:00.000-07:00,,111939,True,[],http://www.bcliquorstores.com/sites/default/files/imagecache/height400px/111939.jpeg,1630,2026-10-01 21:10:01,,8,['00056327014671'],False,,0.355,[],COORS ORIGINAL - CAN,Lager,Canada,False,,2,2,,,False,89.0, CAN,0.05,Domestic Beer,False,['On Sale'],SR,National Domestic Beer,COORS ORIGINAL ,CA,,Domestic - Other Province Commercial Beer,,False,False,0,16.49,,False,,,coors original - can,,2026-10-24T00:00:00.000-07:00,47,Beer,[],True,1000,1290,1138,4629.2,29323.699999999997,0.142,126.69014084507042,0.4517766497461929
61,bcls,product,111933,0.24271375,COORS ORIGINAL - CAN,,,Domestic - Other Province Beer,3.5,[],,33.49,False,False,,,"Coors Original is a sessionable golden lager with an inviting aroma of freshly baked bread and understated hints of banana and pear. Its satisfying flavour, which balances subtle sweetness and malty refreshment, offers a crisp, smooth finish.
",,[],,,111933,,[],http://www.bcliquorstores.com/sites/default/files/imagecache/height400px/111933.jpeg,5255,2026-10-01 21:10:01,,15,['00056327014480'],False,,0.355,[],COORS ORIGINAL - CAN,Lager,Canada,False,,2,2,,,False,186.0, CAN,0.05,Domestic Beer,False,[],SR,National Domestic Beer,COORS ORIGINAL ,CA,,Domestic - Other Province Commercial Beer,,False,False,0,33.49,,False,,,coors original - can,,,64,Beer,[],True,1000,1290,1138,27982.874999999996,175989.95,0.26625,125.78403755868545,0.9441624365482234
62,bcls,product,111958,0.24271375,COORS ORIGINAL - CAN,,,Domestic - Other Province Beer,4.0,[],True,50.99,False,False,2026-09-27T00:00:00.000-07:00,,"Coors Original is a sessionable golden lager with an inviting aroma of freshly baked bread and understated hints of banana and pear. Its satisfying flavour, which balances subtle sweetness and malty refreshment, offers a crisp, smooth finish.
",2026-09-27T00:00:00.000-07:00,['On Sale'],2026-10-24T00:00:00.000-07:00,,111958,True,[],http://www.bcliquorstores.com/sites/default/files/imagecache/height400px/111958.jpeg,1676,2026-10-01 21:10:01,,24,['00056327014527'],False,,0.355,[],COORS ORIGINAL - CAN,Lager,Canada,False,,2,2,,,False,77.0, CAN,0.05,Domestic Beer,False,['On Sale'],SR,National Domestic Beer,COORS ORIGINAL ,CA,,Domestic - Other Province Commercial Beer,,False,False,0,45.99,,False,,,coors original - can,,2026-10-24T00:00:00.000-07:00,74,Beer,[],True,1000,1290,1138,14279.519999999999,85459.24,0.426,119.69483568075118,0.39086294416243655
63,bcls,product,289617,0.24544263,CORONA - CERO 12 CAN,,,De-Alcoholized Product,4.4,['Our Best Sellers'],,21.79,,,,,"This zero-alcohol beer contains Vitamin D, providing a boost of nutrition while quenching your thirst. Enjoy the crisp, natural flavours of Corona Cero while supporting your well-being. Stay refreshed and nourished with this unique brew.
",,[],,,289617,,['Our Best Sellers'],http://www.bcliquorstores.com/sites/default/files/imagecache/height400px/289617.jpeg,1367,2026-10-01 21:10:01,,12,"['00062067425103', '00062067424991']",False,,0.355,[],CORONA - CERO 12 CAN,,Canada,False,,2,2,,,False,125.0, CERO 12 CAN,0.0,De-Alcoholized Beer,False,[],SR,,CORONA ,CA,,Beer And Refreshment De-Alcoholized Product,,False,False,0,21.79,,False,"[{'urlAlias': '/promotion/best-sellers', 'name': 'Our Best Sellers', 'promoCode': 'MARCH2026BESTSELLERS', 'published': True, 'shortName': ''}]","[{'urlAlias': '/promotion/best-sellers', 'name': 'Our Best Sellers', 'promoCode': 'MARCH2026BESTSELLERS', 'published': True, 'shortName': ''}]",corona - cero 12 can,,,19,General Merchandise,"[{'id': 'empty-placeholder', 'label': '&nbsp;', 'labelLengthWithoutTags': 1}, {'id': 'featured', 'label': 'FEATURED', 'labelLengthWithoutTags': 8}]",True,1000,1009,1128,5823.42,29786.93,0.0,inf,0.6345177664974619
64,bcls,product,289623,0.24271375,CORONA - CERO 6 BOTTLE,,,De-Alcoholized Product,4.4,['Our Best Sellers'],,11.79,,,,,"This zero-alcohol beer contains Vitamin D, providing a boost of nutrition while quenching your thirst. Enjoy the crisp, natural flavours of Corona Cero while supporting your well-being. Stay refreshed and nourished with this unique brew.
",,[],,,289623,,['Our Best Sellers'],http://www.bcliquorstores.com/sites/default/files/imagecache/height400px/289623.jpeg,4063,2026-10-01 21:10:01,,6,"['00062067424977', '00062067424960']",False,,0.33,[],CORONA - CERO 6 BOTTLE,,Canada,False,,2,2,,,False,195.0, CERO 6 BOTTLE,0.0,De-Alcoholized Beer,False,[],SR,,CORONA ,CA,,Beer And Refreshment De-Alcoholized Product,,False,False,0,11.79,,False,"[{'urlAlias': '/promotion/best-sellers', 'name': 'Our Best Sellers', 'promoCode': 'MARCH2026BESTSELLERS', 'published': True, 'shortName': ''}]","[{'urlAlias': '/promotion/best-sellers', 'name': 'Our Best Sellers', 'promoCode': 'MARCH2026BESTSELLERS', 'published': True, 'shortName': ''}]",corona - cero 6 bottle,,,24,General Merchandise,"[{'id': 'empty-placeholder', 'label': '&nbsp;', 'labelLengthWithoutTags': 1}, {'id': 'featured', 'label': 'FEATURED', 'labelLengthWithoutTags': 8}]",True,1000,1009,1128,8044.74,47902.77,0.0,inf,0.9898477157360406
65,bcls,product,44143,0.24271375,CORONA 12 BOTTLE,,,Domestic - Other Province Beer,3.6,['Featured Products'],True,31.79,False,False,2026-09-27T00:00:00.000-07:00,,"Corona is approachable, easy-going, confident, and timeless. The unmistakable colour, the one-of-a-kind taste and the unparalleled flavour of its Mexican heritage make Corona one of the most recognizable and widely enjoyed beers in the world.
",2026-09-27T00:00:00.000-07:00,['On Sale'],2026-10-24T00:00:00.000-07:00,,44143,True,['Featured Products'],http://www.bcliquorstores.com/sites/default/files/imagecache/height400px/44143.jpeg,7956,2026-10-01 21:10:01,,12,['00062067382420'],False,,0.33,[],CORONA 12 BOTTLE,Lager,Canada,False,,2,2,,,False,194.0,CORONA 12 BOTTLE,0.046,Domestic Beer,False,['On Sale'],SR,National Domestic Beer,,CA,,Domestic - Other Province Commercial Beer,,False,False,0,25.99,,False,"[{'urlAlias': '/promotion/featured-sale-hero', 'name': 'Featured Products', 'promoCode': '2026OCTFEATUREDSALEHERO', 'published': True, 'shortName': ''}]","[{'urlAlias': '/promotion/featured-sale-hero', 'name': 'Featured Products', 'promoCode': '2026OCTFEATUREDSALEHERO', 'published': True, 'shortName': ''}]",corona 12 bottle,,2026-10-24T00:00:00.000-07:00,62,Beer,"[{'id': 'empty-placeholder', 'label': '&nbsp;', 'labelLengthWithoutTags': 1}, {'id': 'featured', 'label': 'FEATURED', 'labelLengthWithoutTags': 8}]",True,1000,1290,1138,31505.76,252921.24,0.18216,174.5169082125604,0.9847715736040609
66,bcls,product,44186,0.24271375,CORONA 12 CAN,,,Domestic - Other Province Beer,4.1,[],True,31.79,False,False,2026-09-27T00:00:00.000-07:00,,"Corona is approachable, easy-going, confident, and timeless. The unmistakable colour, the one-of-a-kind taste and the unparalleled flavour of its Mexican heritage make Corona one of the most recognizable and widely enjoyed beers in the world.
",2026-09-27T00:00:00.000-07:00,['On Sale'],2026-10-24T00:00:00.000-07:00,,44186,True,[],http://www.bcliquorstores.com/sites/default/files/imagecache/height400px/44186.jpeg,3076,2026-10-01 21:10:01,,12,"['00062067382369', '00062067382383']",False,,0.355,[],CORONA 12 CAN,Lager,Canada,False,,2,2,,,False,152.0,CORONA 12 CAN,0.046,Domestic Beer,False,['On Sale'],SR,National Domestic Beer,,CA,,Domestic - Other Province Commercial Beer,,False,False,0,25.99,,False,,,corona 12 can,,2026-10-24T00:00:00.000-07:00,36,Beer,[],True,1000,1290,1138,13103.76,97786.04,0.19596,162.2269850989998,0.7715736040609137
67,bcls,product,44473,0.24544263,CORONA 18 BOTTLE,,,Domestic - Other Province Beer,4.4,[],,43.99,False,False,,,"Corona is approachable, easy-going, confident, and timeless. The unmistakable colour, the one-of-a-kind taste and the unparalleled flavour of its Mexican heritage make Corona one of the most recognizable and widely enjoyed beers in the world.",,['BCL Select'],,,44473,,[],http://www.bcliquorstores.com/sites/default/files/imagecache/height400px/44473.jpeg,3039,2026-10-01 21:10:01,,18,['00062067382437'],False,,0.33,[],CORONA 18 BOTTLE,Lager,Canada,False,,2,2,,,False,167.0,CORONA 18 BOTTLE,0.046,Domestic Beer,True,['BCL Select'],C,National Domestic Beer,,CA,,Domestic - Other Province Commercial Beer,,False,False,0,43.99,,False,,,corona 18 bottle,,,29,Beer,"[{'id': 'empty-placeholder', 'label': '&nbsp;', 'labelLengthWithoutTags': 1}, {'id': 'exclusive', 'label': 'ONLY@BCL', 'labelLengthWithoutTags': 8}]",True,1000,1290,1138,18051.66,133685.61000000002,0.27324000000000004,160.99399795051968,0.8477157360406091
68,bcls,product,44470,0.24544263,CORONA 28 BOTTLE,,,Domestic - Other Province Beer,4.0,[],,65.99,False,False,,,"Corona is approachable, easy-going, confident, and timeless. The unmistakable colour, the one-of-a-kind taste and the unparalleled flavour of its Mexican heritage make Corona one of the most recognizable and widely enjoyed beers in the world.
",,['BCL Select'],,,44470,,[],http://www.bcliquorstores.com/sites/default/files/imagecache/height400px/44470.jpeg,1630,2026-10-01 21:10:01,,28,['00062067382451'],False,,0.33,[],CORONA 28 BOTTLE,Lager,Canada,False,,2,2,,,False,106.0,CORONA 28 BOTTLE,0.046,Domestic Beer,True,['BCL Select'],C,National Domestic Beer,,CA,,Domestic - Other Province Commercial Beer,,False,False,0,65.99,,False,,,corona 28 bottle,,,65,Beer,"[{'id': 'empty-placeholder', 'label': '&nbsp;', 'labelLengthWithoutTags': 1}, {'id': 'exclusive', 'label': 'ONLY@BCL', 'labelLengthWithoutTags': 8}]",True,1000,1290,1138,15061.2,107563.7,0.42504000000000003,155.2559759081498,0.5380710659898477
69,bcls,product,44178,0.24271375,CORONA 6 BOTTLE,,,Domestic - Other Province Beer,3.5,[],,16.79,False,False,,,"Corona is approachable, easy-going, confident, and timeless. The unmistakable colour, the one-of-a-kind taste and the unparalleled flavour of its Mexican heritage make Corona one of the most recognizable and widely enjoyed beers in the world.
",,[],,,44178,,[],http://www.bcliquorstores.com/sites/default/files/imagecache/height400px/44178.jpeg,6833,2026-10-01 21:10:01,,6,"['00062067382406', '00062067382413']",False,,0.33,[],CORONA 6 BOTTLE,Lager,Canada,False,,2,2,,,False,197.0,CORONA 6 BOTTLE,0.046,Domestic Beer,False,[],SR,National Domestic Beer,,CA,,Domestic - Other Province Commercial Beer,,False,False,0,16.79,,False,,,corona 6 bottle,,,72,Beer,[],True,1000,1290,1138,13529.34,114726.06999999999,0.09108,184.34343434343435,1.0
70,bcls,product,44189,0.24544263,CORONA 6 CAN,,,Domestic - Other Province Beer,4.1,[],,16.79,False,False,,,"Corona is approachable, easy-going, confident, and timeless. The unmistakable colour, the one-of-a-kind taste and the unparalleled flavour of its Mexican heritage make Corona one of the most recognizable and widely enjoyed beers in the world.
",,[],,,44189,,[],http://www.bcliquorstores.com/sites/default/files/imagecache/height400px/44189.jpeg,1660,2026-10-01 21:10:01,,6,['00062067382376'],False,,0.355,[],CORONA 6 CAN,Lager,Canada,False,,2,2,,,False,128.0,CORONA 6 CAN,0.046,Domestic Beer,False,[],SR,National Domestic Beer,,CA,,Domestic - Other Province Commercial Beer,,False,False,0,16.79,,False,,,corona 6 can,,,11,Beer,[],True,1000,1290,1138,3535.7999999999997,27871.399999999998,0.09798,171.36150234741783,0.649746192893401
71,bcls,product,477568,0.24544263,CORONA LIGHT 6 BOTTLE,,,Domestic - Other Province Beer,3.3,[],,16.79,False,False,,,"A favourite of those seeking flavourful light beer, Corona Light is a pilsner-style lager with a uniquely refreshing taste. Only 3.4% ABV and 100 calories per 355 ml can.
",,[],,,477568,,[],http://www.bcliquorstores.com/sites/default/files/imagecache/height400px/477568.jpeg,706,2026-10-01 21:10:01,,6,['00062067382499'],False,,0.33,[],CORONA LIGHT 6 BOTTLE,Lager,Canada,False,,2,2,,,False,80.0,CORONA LIGHT 6 BOTTLE,0.034,Domestic Beer,False,[],SR,National Domestic Beer,,CA,,Domestic - Other Province Commercial Beer,,False,False,0,16.79,,False,,,corona light 6 bottle,,,23,Beer,[],True,1000,1290,1138,1397.8799999999999,11853.74,0.06732,249.40582293523468,0.40609137055837563
72,bcls,product,44146,0.24544263,CORONA SINGLE CAN,,,Domestic - Other Province Beer,4.0,[],,3.89,False,False,,,"Corona is approachable, easy-going, confident, and timeless. The unmistakable colour, the one-of-a-kind taste and the unparalleled flavour of its Mexican heritage make Corona one of the most recognizable and widely enjoyed beers in the world.
",,[],,,44146,,[],http://www.bcliquorstores.com/sites/default/files/imagecache/height400px/44146.jpeg,4953,2026-10-01 21:10:01,,1,['00062067382338'],False,,0.473,[],CORONA SINGLE CAN,Lager,Canada,False,,2,2,,,False,107.0,CORONA SINGLE CAN,0.046,Domestic Beer,False,[],SR,National Domestic Beer,,CA,,Domestic - Other Province Commercial Beer,,False,False,0,3.89,,False,,,corona single can,,,18,Beer,[],True,1000,1290,1138,2342.769,19267.170000000002,0.021758,178.7848147807703,0.5431472081218274
73,bcls,product,294322,0.24271375,CORONITAS,,,Import Beer,2.8,[],,12.79,False,False,,,"Corona is approachable, easy-going, confident, and timeless. The unmistakable colour, the one-of-a-kind taste and the unparalleled flavour of its Mexican heritage make Corona one of the most recognizable and widely enjoyed beers in the world.
",,[],,,294322,,[],http://www.bcliquorstores.com/sites/default/files/imagecache/height400px/294322.jpeg,1390,2026-10-01 21:10:01,,6,"['00080660954011', '07501064196010']",False,,0.207,[],CORONITAS,Lager,Mexico,False,,2,2,,,False,98.0,CORONITAS,0.046,Import Beer,False,[],SR,,,MX,,Mexico And Caribbean Beer,,False,False,0,12.79,,False,,,coronitas,,,257,Beer,[],True,1000,1007,1191,1726.3799999999999,17778.1,0.057131999999999995,223.867534831618,0.49746192893401014
74,bcls,product,591230,0.24544263,CZECHVAR,,,Import Beer,4.3,['The Starting Lineup'],,3.49,False,False,,,"Brewed using whole-cone Saaz hops from Žatec, pristine water from an Ice Age aquifer, Moravian malting barley and a heritage lager yeast, this classic rich and full-flavoured lager sets the gold standard for Czech brewing across the world. The tradition of cold-conditioning in brewery cellars for seven times longer than most other beers creates a pale lager with a sweet, deep golden body and an aromatic, hoppy foam. Bold in taste, yet refreshing and perfectly balanced.
",,[],,,591230,,['The Starting Lineup'],http://www.bcliquorstores.com/sites/default/files/imagecache/height400px/591230.jpeg,12984,2026-10-01 21:10:01,,1,"['00815833002400', '00815833006019']",False,,0.5,[],CZECHVAR,Lager,Czech Republic,False,,2,2,,,False,190.0,CZECHVAR,0.05,Import Beer,False,[],G,,,CZ,,Europe Beer,,False,False,0,3.49,,False,"[{'urlAlias': '/promotion/october-lineup', 'name': 'The Starting Lineup', 'promoCode': '2026OCTLINEUP', 'published': True, 'shortName': ''}]","[{'urlAlias': '/promotion/october-lineup', 'name': 'The Starting Lineup', 'promoCode': '2026OCTLINEUP', 'published': True, 'shortName': ''}]",czechvar,,,509,Beer,"[{'id': 'empty-placeholder', 'label': '&nbsp;', 'labelLengthWithoutTags': 1}, {'id': 'featured', 'label': 'FEATURED', 'labelLengthWithoutTags': 8}]",True,1000,1007,1188,6492.0,45314.16,0.025,139.6,0.9644670050761421
75,bcls,product,445411,0.24544263,CZECHVAR LAGER,,,Import Beer,4.4,[],True,16.49,False,False,2026-09-27T00:00:00.000-07:00,,"Brewed using whole-cone Saaz hops from Žatec, pristine water from an Ice Age aquifer, Moravian malting barley and a heritage lager yeast, this classic rich and full-flavoured lager sets the gold standard for Czech brewing across the world. The tradition of cold-conditioning in brewery cellars for seven times longer than most other beers creates a pale lager with a sweet, deep golden body and an aromatic, hoppy foam. Bold in taste, yet refreshing and perfectly balanced.
",2026-09-27T00:00:00.000-07:00,['On Sale'],2026-10-24T00:00:00.000-07:00,,445411,True,[],http://www.bcliquorstores.com/sites/default/files/imagecache/height400px/445411.jpeg,1351,2026-10-01 21:10:01,,6,"['00815833002028', '00815833002202']",False,,0.33,[],CZECHVAR LAGER,Lager,Czech Republic,False,,2,2,,,False,110.0,CZECHVAR LAGER,0.05,Import Beer,False,['On Sale'],SR,,,CZ,,Europe Beer,,False,False,0,14.49,,False,,,czechvar lager,,2026-10-24T00:00:00.000-07:00,100,Beer,[],True,1000,1007,1188,2674.98,22277.989999999998,0.099,166.56565656565655,0.5583756345177665
76,bcls,product,399830,0.24271375,CZECHVAR ORIGINAL - TALL CAN,,,Import Beer,4.6,[],,13.49,False,False,,,"Brewed with Saaz hops, Moravian barley, and heritage yeast, this rich Czech lager is cold-conditioned for depth and balance—golden, hoppy, bold, and refreshingly smooth.
",,[],,,399830,,[],http://www.bcliquorstores.com/sites/default/files/imagecache/height400px/399830.jpeg,1596,2026-10-01 21:10:01,,4,"['00815833006224', '00815833006101', '00815833006200']",False,,0.5,[],CZECHVAR ORIGINAL - TALL CAN,Pilsner,Czech Republic,False,,2,2,,,False,97.0, TALL CAN,0.05,Import Beer,False,[],SR,,CZECHVAR ORIGINAL ,CZ,,Europe Beer,,False,False,0,13.49,,False,,,czechvar original - tall can,,,34,Beer,[],True,1000,1007,1188,3192.0,21530.04,0.1,134.9,0.49238578680203043
77,bcls,product,82345,0.24544263,DAB - ORIGINAL,,,Import Beer,3.8,[],,16.79,False,False,,,False,,[],,,82345,,[],http://www.bcliquorstores.com/sites/default/files/imagecache/height400px/82345.jpeg,1546,2026-10-01 21:10:01,,6,['04053400006376'],False,,0.5,[],DAB - ORIGINAL,Lager,Germany,False,,2,2,,,False,131.0, ORIGINAL,0.05,Import Beer,False,[],SH,,DAB ,DE,,Europe Beer,,False,False,0,16.79,,False,,,dab - original,,,9,Beer,[],True,1000,1007,1188,4638.0,25957.34,0.15000000000000002,111.93333333333331,0.6649746192893401
78,bcls,product,145926,0.24544263,DAGERAAD - BURNABARIAN TALL CAN,,,Domestic - BC Beer,4.5,[],True,14.49,True,False,2026-09-27T00:00:00.000-07:00,,"Great for drinking on a sunny patio or knocking back after a long day's work, Burnabarian is a table beer, or Belgian-style session ale. Named for the city that Dageraad calls home, Burnabarian is lightly spiced with coriander and is brewed with oats for a silky mouthfeel. Gold, BC Brewing Awards 2019.
",2026-09-27T00:00:00.000-07:00,['On Sale'],2026-10-24T00:00:00.000-07:00,,145926,True,[],http://www.bcliquorstores.com/sites/default/files/imagecache/height400px/145926.jpeg,931,2026-10-01 21:10:01,,4,['00628055199137'],False,,0.473,[],DAGERAAD - BURNABARIAN TALL CAN,Belgian Ale,Canada,True,,2,2,,,False,76.0, BURNABARIAN TALL CAN,0.045,Domestic Beer,False,['On Sale'],SR,BC Craft Beer,DAGERAAD ,CA,,Domestic - BC Micro Brew Beer,,False,False,0,13.49,,False,,,dageraad - burnabarian tall can,,2026-10-24T00:00:00.000-07:00,137,Beer,[],True,1000,1006,1133,1761.452,13490.19,0.08514,170.19027484143766,0.38578680203045684
79,bcls,product,342764,0.24271375,DEAD FROG - CANADA PROUD CRAFT LAGER TALL CAN,,,Domestic - BC Beer,3.4,[],,2.59,True,False,,,"A crisp and refreshing premium craft lager brewed in Langley BC with all Canadian water, Canadian hops, Canadian malts, and Canadian yeast. Proudly brewed to celebrate our amazing nation and the strong, kind, diverse, resilient, and generous people that make it so great.
",,[],,,342764,,[],http://www.bcliquorstores.com/sites/default/files/imagecache/height400px/342764.jpeg,3895,2026-10-01 21:10:01,,1,['00696852195966'],False,,0.473,[],DEAD FROG - CANADA PROUD CRAFT LAGER TALL CAN,Lager,Canada,True,,2,2,,,False,94.0, CANADA PROUD CRAFT LAGER TALL CAN,0.05,Domestic Beer,False,[],SR,BC Craft Beer,DEAD FROG ,CA,,Domestic - BC Micro Brew Beer,,False,False,0,2.59,,False,,,dead frog - canada proud craft lager tall can,,,51,Beer,[],True,1000,1006,1133,1842.3349999999998,10088.05,0.02365,109.5137420718816,0.47715736040609136
80,bcls,product,111685,0.24544263,DEAD FROG - JUICE BOX SOUR MIXER TALL CAN,,,Domestic - BC Beer,4.2,[],True,24.49,True,False,2026-09-27T00:00:00.000-07:00,,"8 New tall cans of sour power! Featuring the Peach Lemonade Sour, Cream Soda Sour, Lemon Warhead Sour, & P.O.G Tropical Sour.
",2026-09-27T00:00:00.000-07:00,['On Sale'],2026-10-24T00:00:00.000-07:00,,111685,True,[],http://www.bcliquorstores.com/sites/default/files/imagecache/height400px/111685.jpeg,262,2026-10-01 21:10:01,,8,['00626990411888'],False,,0.473,[],DEAD FROG - JUICE BOX SOUR MIXER TALL CAN,Variety Pack,Canada,True,,3,3,,,False,42.0, JUICE BOX SOUR MIXER TALL CAN,0.05,Domestic Beer,False,['On Sale'],SH,BC Craft Beer,DEAD FROG ,CA,,Domestic - BC Micro Brew Beer,,False,False,0,22.49,,False,,,dead frog - juice box sour mixer tall can,,2026-10-24T00:00:00.000-07:00,133,Beer,[],True,1000,1006,1133,991.4079999999999,6416.379999999999,0.1892,129.4397463002114,0.2131979695431472
81,bcls,product,156174,0.24271375,DOS EQUIS - LAGER,,,Import Beer,3.4,[],,18.29,False,False,,,"Dos Equis Lager Especial is a golden pilsner-style beer made from pure spring water and the choicest hops. With a balanced composition and a smooth, clean finish, it's the party guest who is always invited and never overstays his welcome. A golden pilsner-style beer with a nuanced blend of malts, spices and earth tones. Flavourful yet light-tasting and smooth. Balanced composition and clean finish.
",,[],,,156174,,[],http://www.bcliquorstores.com/sites/default/files/imagecache/height400px/156174.jpeg,1584,2026-10-01 21:10:01,,6,['00072311630122'],False,,0.355,[],DOS EQUIS - LAGER,Lager,Mexico,False,,2,2,,,False,154.0, LAGER,0.046,Import Beer,False,[],SR,,DOS EQUIS ,MX,,Mexico And Caribbean Beer,,False,False,0,18.29,,False,,,dos equis - lager,,,135,Beer,[],True,1000,1007,1191,3373.9199999999996,28971.359999999997,0.09798,186.670749132476,0.7817258883248731
82,bcls,product,335772,0.24544263,DRIFTWOOD BREWERY - DRIFTWOOD JUICY IPA TALL CAN,,,Domestic - BC Beer,4.0,[],,3.99,False,False,,,"Drench your senses and dip into a cosmic orchard of hop hedonism. Mosaic hops impart aromas of orange blossom and mixed berries, while the Kush hop varietal melds a tropical bounty seamlessly into the array of Driftwood Juicy IPA. ",,[],,,335772,,[],http://www.bcliquorstores.com/sites/default/files/imagecache/height400px/335772.jpeg,4157,2026-10-01 21:10:01,,1,['00628201867538'],False,,0.473,[],DRIFTWOOD BREWERY - DRIFTWOOD JUICY IPA TALL CAN,India Pale Ale,Canada,True,,2,2,,,False,85.0, DRIFTWOOD JUICY IPA TALL CAN,0.062,Domestic Beer,False,[],SR,BC Craft Beer,DRIFTWOOD BREWERY ,CA,,Domestic - BC Regional Beer,,False,False,0,3.99,,False,,,driftwood brewery - driftwood juicy ipa tall can,,,4,Beer,[],True,1000,1006,1135,1966.261,16586.43,0.029325999999999998,136.0567414580918,0.43147208121827413
83,bcls,product,18835,0.24271375,DRIFTWOOD BREWERY - FAT TUG IPA CAN 12 PK,,,Domestic - BC Beer,4.1,[],,29.79,True,False,,,,,[],,,18835,,[],http://www.bcliquorstores.com/sites/default/files/imagecache/height400px/18835.jpeg,2270,2026-10-01 21:10:01,,12,['00628201676765'],False,,0.355,[],DRIFTWOOD BREWERY - FAT TUG IPA CAN 12 PK,India Pale Ale,Canada,True,,2,2,,,False,133.0, FAT TUG IPA CAN 12 PK,0.07,Domestic Beer,False,[],SR,BC Craft Beer,DRIFTWOOD BREWERY ,CA,,Domestic - BC Regional Beer,,False,False,0,29.79,,False,,,driftwood brewery - fat tug ipa can 12 pk,,,39,Beer,[],True,1000,1006,1135,9670.199999999999,67623.3,0.2982,99.89939637826961,0.6751269035532995
84,bcls,product,127770,0.24271375,DRIFTWOOD BREWERY - FAT TUG IPA TALL CAN 4-PACK,,,Domestic - BC Beer,4.1,[],,15.49,True,False,,,"Brewed with the hop aficionado in mind, Fat Tug is a Northwest-style India Pale Ale with an intense hop profile featuring notes of grapefruit, mango, melon and passionfruit. Sufficient malt is there to provide support. At 7% ABV and 80+ IBUs this beer delivers on the promise to satisfy anyone with a thirst for all things hoppy!
",,[],,,127770,,[],http://www.bcliquorstores.com/sites/default/files/imagecache/height400px/127770.jpeg,3844,2026-10-01 21:10:01,,4,['00628201427398'],False,,0.473,[],DRIFTWOOD BREWERY - FAT TUG IPA TALL CAN 4-PACK,India Pale Ale,Canada,True,,2,2,,,False,158.0, FAT TUG IPA TALL CAN 4-PACK,0.07,Domestic Beer,False,[],G,BC Craft Beer,DRIFTWOOD BREWERY ,CA,,Domestic - BC Regional Beer,,False,False,0,15.49,,False,,,driftwood brewery - fat tug ipa tall can 4-pack,,,154,Beer,[],True,1000,1006,1135,7272.848,59543.56,0.13244,116.95862277257626,0.8020304568527918
85,bcls,product,227433,0.24544263,DRIFTWOOD BREWERY - RAISED BY WOLVES IPA TALL CAN 4-PACK,,,Domestic - BC Beer,4.2,[],,15.49,True,False,,,"Featuring one of the new wave of hop breeds accentuating the fruit-forward characteristics of North American native hops, Ekuanot is yet another answer to brewers craving distinctly North American hops. Paired with the intensely-fruity previously-named Brett Trois (actually it is wild Saccharomyces), this delivers layers of mango, melon and papaya.
",,[],,,227433,,[],http://www.bcliquorstores.com/sites/default/files/imagecache/height400px/227433.jpeg,1456,2026-10-01 21:10:01,,4,['00628201888885'],False,,0.473,[],DRIFTWOOD BREWERY - RAISED BY WOLVES IPA TALL CAN 4-PACK,India Pale Ale,Canada,True,,2,2,,,False,114.0, RAISED BY WOLVES IPA TALL CAN 4-PACK,0.07,Domestic Beer,False,[],SR,BC Craft Beer,DRIFTWOOD BREWERY ,CA,,Domestic - BC Regional Beer,,False,False,0,15.49,,False,,,driftwood brewery - raised by wolves ipa tall can 4-pack,,,43,Beer,[],True,1000,1006,1135,2754.752,22553.44,0.13244,116.95862277257626,0.5786802030456852
86,bcls,product,173570,0.24271375,DRIFTWOOD BREWERY - SWASH BOX HOPPY VARIETY PACK TALL CAN,,,Domestic - BC Beer,3.9,[],,23.99,True,False,,,"A Driftwood mix of our favourite hop monsters; Swash Box offers the iconic hop monster, Fat Tug IPA plus a variety of hoppy profiles that will enrich the senses! Find within The Swash: Fat Tug IPA, Naughty Hildegard ESB, Driftwood Pale Ale  and Raised by Wolves IPA. 
",,[],,,173570,,[],http://www.bcliquorstores.com/sites/default/files/imagecache/height400px/173570.jpeg,1894,2026-10-01 21:10:01,,8,['00628201989896'],False,,0.473,[],DRIFTWOOD BREWERY - SWASH BOX HOPPY VARIETY PACK TALL CAN,Other,Canada,True,,2,2,,,False,148.0, SWASH BOX HOPPY VARIETY PACK TALL CAN,0.064,Domestic Beer,False,[],SR,BC Craft Beer,DRIFTWOOD BREWERY ,CA,,Domestic - BC Regional Beer,,False,False,0,23.99,,False,,,driftwood brewery - swash box hoppy variety pack tall can,,,89,Beer,[],True,1000,1006,1135,7166.896,45437.06,0.242176,99.0601876321353,0.751269035532995
87,bcls,product,226592,0.24544263,EDNA'S NON-ALCOHOLIC COCKTAIL - MOJITO CAN,,,De-Alcoholized Product,3.7,['Non-Alcoholic Drinks'],,15.99,,,,,,,[],,,226592,,['Non-Alcoholic Drinks'],http://www.bcliquorstores.com/sites/default/files/imagecache/height400px/226592.jpeg,1644,2026-10-01 21:10:01,,4,['00627987819953'],False,,0.355,[],EDNA'S NON-ALCOHOLIC COCKTAIL - MOJITO CAN,,Canada,False,,2,2,,,False,119.0,ALCOHOLIC COCKTAIL - MOJITO CAN,0.0,De-Alcoholized Beer,False,[],SR,,EDNA'S NON,CA,,Beer And Refreshment De-Alcoholized Product,,False,False,0,15.99,,False,"[{'urlAlias': '/promotion/non-alcoholic', 'name': 'Non-Alcoholic Drinks', 'promoCode': '2024NOALCOHOL', 'published': True, 'shortName': ''}]","[{'urlAlias': '/promotion/non-alcoholic', 'name': 'Non-Alcoholic Drinks', 'promoCode': '2024NOALCOHOL', 'published': True, 'shortName': ''}]",ednas non-alcoholic cocktail - mojito can,,,65,General Merchandise,"[{'id': 'empty-placeholder', 'label': '&nbsp;', 'labelLengthWithoutTags': 1}, {'id': 'featured', 'label': 'FEATURED', 'labelLengthWithoutTags': 8}]",True,1000,1009,1128,2334.48,26287.56,0.0,inf,0.6040609137055838
88,bcls,product,338359,0.24271375,ERDINGER - ALKOHOLFREI,,,De-Alcoholized Product,4.5,['Non-Alcoholic Drinks'],,3.69,,,,,"Erdinger Alkoholfrei is a refreshing, full-bodied German wheat beer with isotonic properties—perfect after a workout or anytime you want great taste without the alcohol. Naturally brewed in Bavaria, it delivers smooth, malty flavour and essential vitamins, making it a superior non-alcoholic choice for active lifestyles and mindful enjoyment.
",,[],,,338359,,['Non-Alcoholic Drinks'],http://www.bcliquorstores.com/sites/default/files/imagecache/height400px/338359.jpeg,3778,2026-10-01 21:10:01,,1,['04002103266938'],False,,0.5,[],ERDINGER - ALKOHOLFREI,,Germany,False,,2,2,,,False,110.0, ALKOHOLFREI,0.004,De-Alcoholized Beer,False,[],SR,,ERDINGER ,DE,,Beer And Refreshment De-Alcoholized Product,,False,False,0,3.69,,False,"[{'urlAlias': '/promotion/non-alcoholic', 'name': 'Non-Alcoholic Drinks', 'promoCode': '2024NOALCOHOL', 'published': True, 'shortName': ''}]","[{'urlAlias': '/promotion/non-alcoholic', 'name': 'Non-Alcoholic Drinks', 'promoCode': '2024NOALCOHOL', 'published': True, 'shortName': ''}]",erdinger - alkoholfrei,,,26,General Merchandise,"[{'id': 'empty-placeholder', 'label': '&nbsp;', 'labelLengthWithoutTags': 1}, {'id': 'featured', 'label': 'FEATURED', 'labelLengthWithoutTags': 8}]",True,1000,1009,1128,1889.0,13940.82,0.002,1845.0,0.5583756345177665
89,bcls,product,375793,0.24271375,ERDINGER - OKTOBERFEST,,,Import Beer,4.6,[],,4.79,False,False,,,"This golden Bavarian brew embodies the festival's spirit, delivering a rich, full-bodied taste that combines malty sweetness and gentle bitterness. Immerse yourself in the authentic flavors of Munich and celebrate with Erdinger Oktoberfest Beer!
",,['New Product'],,,375793,,[],http://www.bcliquorstores.com/sites/default/files/imagecache/height400px/375793.jpeg,3328,2026-10-01 21:10:01,,1,['04002103248385'],False,,0.5,[],ERDINGER - OKTOBERFEST,Wheat,Germany,False,,2,2,,,False,66.0, OKTOBERFEST,0.057,Import Beer,False,['New Product'],ST,,ERDINGER ,DE,,Europe Beer,,False,False,0,4.79,,True,,,erdinger - oktoberfest,,,20,Beer,"[{'id': 'empty-placeholder', 'label': '&nbsp;', 'labelLengthWithoutTags': 1}, {'id': 'new', 'label': 'NEW', 'labelLengthWithoutTags': 3}]",True,1000,1007,1188,1664.0,15941.12,0.0285,168.0701754385965,0.3350253807106599
90,bcls,product,380731,0.24271375,ERDINGER - WEISSBIER TALL CAN,,,Import Beer,4.8,[],,16.79,False,False,,,"A fine champagne-like mouthfeel and full aroma is created during a 3-4 week-long secondary fermentation in the can. This time-consuming procedure is the pride of Erdinger and has been a statement of quality since the very beginning.  
",,['New Product'],,,380731,,[],http://www.bcliquorstores.com/sites/default/files/imagecache/height400px/380731.jpeg,1850,2026-10-01 21:10:01,,4,['04002103312062'],False,,0.5,[],ERDINGER - WEISSBIER TALL CAN,Wheat,Germany,False,,2,2,,,False,79.0, WEISSBIER TALL CAN,0.053,Import Beer,False,['New Product'],SR,,ERDINGER ,DE,,Europe Beer,,False,False,0,16.79,,True,,,erdinger - weissbier tall can,,,16,Beer,"[{'id': 'empty-placeholder', 'label': '&nbsp;', 'labelLengthWithoutTags': 1}, {'id': 'new', 'label': 'NEW', 'labelLengthWithoutTags': 3}]",True,1000,1007,1188,3700.0,31061.5,0.106,158.39622641509433,0.4010152284263959
91,bcls,product,28886,0.24271375,ERDINGER FOOTBALL PACK,,,Import Beer,4.3,['Our Best Sellers'],,25.99,False,False,,,"The strength of this classic wheat beer lies in the harmonious balance it achieves between the various aromas. Gently spicy wheat and yeast aromas blend with mildly bitter hops. The invigorating carbon dioxide ensures its typical liveliness. A premium beer whose full-bodied yet elegant character leaves a lasting impression of ultimate Bavarian enjoyment. A truly unique wheat beer!
",,['New Product'],,,28886,,['Our Best Sellers'],http://www.bcliquorstores.com/sites/default/files/imagecache/height400px/28886.jpeg,37,2026-10-01 21:10:01,,5,"['04002103301448', '04002103271550', '04002103288886']",False,,0.5,[],ERDINGER FOOTBALL PACK,Other,Germany,False,,2,2,,,False,12.0,ERDINGER FOOTBALL PACK,0.053,Import Beer,False,['New Product'],ST,,,DE,,Europe Beer,,False,False,0,25.99,,True,"[{'urlAlias': '/promotion/best-sellers', 'name': 'Our Best Sellers', 'promoCode': 'MARCH2026BESTSELLERS', 'published': True, 'shortName': ''}]","[{'urlAlias': '/promotion/best-sellers', 'name': 'Our Best Sellers', 'promoCode': 'MARCH2026BESTSELLERS', 'published': True, 'shortName': ''}]",erdinger football pack,,,42,Beer,"[{'id': 'new', 'label': 'NEW', 'labelLengthWithoutTags': 3}, {'id': 'featured', 'label': 'FEATURED', 'labelLengthWithoutTags': 8}]",True,1000,1007,1188,92.5,961.63,0.1325,196.15094339622638,0.06091370558375635
92,bcls,product,648261,0.24544263,ESTRELLA DAMM TALL CAN,,,Import Beer,3.8,[],,3.29,False,False,,,"Estrella Damm is a clean pouring golden lager that stands the test of time. Every sip features scents of fresh spices and a smooth mouthfeel with dense notes of toasted cereal, perfectly balanced by bitter back of mouth tones to give the pride of Barcelona a satisfying aftertaste.
",,[],,,648261,,[],http://www.bcliquorstores.com/sites/default/files/imagecache/height400px/648261.jpeg,10419,2026-10-01 21:10:01,,1,"['08410793286123', '08410793026125', '08410793526120', '08410793282934']",False,,0.5,[],ESTRELLA DAMM TALL CAN,Lager,Spain,False,,2,2,,,False,162.0,ESTRELLA DAMM TALL CAN,0.054000000000000006,Import Beer,False,[],G,,,ES,,Europe Beer,,False,False,0,3.29,,False,,,estrella damm tall can,,,319,Beer,[],True,1000,1007,1188,5209.5,34278.51,0.027000000000000003,121.85185185185183,0.8223350253807107
93,bcls,product,674328,0.24544263,FAXE - PREMIUM KING CAN,,,Domestic - Other Province Beer,4.2,['The Starting Lineup'],True,2.99,False,False,2026-09-27T00:00:00.000-07:00,,.,2026-09-27T00:00:00.000-07:00,"['BCL Select', 'On Sale']",2026-10-24T00:00:00.000-07:00,,674328,True,['The Starting Lineup'],http://www.bcliquorstores.com/sites/default/files/imagecache/height400px/674328.jpeg,10711,2026-10-01 21:10:01,,1,['05741000465684'],False,,0.568,[],FAXE - PREMIUM KING CAN,Lager,Canada,False,,2,2,,,False,127.0, PREMIUM KING CAN,0.05,Domestic Beer,True,"['BCL Select', 'On Sale']",C,National Domestic Beer,FAXE ,CA,,Domestic - Other Province Commercial Beer,,False,False,0,2.59,,False,"[{'urlAlias': '/promotion/october-lineup', 'name': 'The Starting Lineup', 'promoCode': '2026OCTLINEUP', 'published': True, 'shortName': ''}]","[{'urlAlias': '/promotion/october-lineup', 'name': 'The Starting Lineup', 'promoCode': '2026OCTLINEUP', 'published': True, 'shortName': ''}]",faxe - premium king can,,2026-10-24T00:00:00.000-07:00,22,Beer,"[{'id': 'featured', 'label': 'FEATURED', 'labelLengthWithoutTags': 8}, {'id': 'exclusive', 'label': 'ONLY@BCL', 'labelLengthWithoutTags': 8}]",True,1000,1290,1138,6083.847999999999,32025.890000000003,0.028399999999999998,105.28169014084509,0.6446700507614214
94,bcls,product,306247,0.24544263,FAXE - SPECIAL STRONG TALL CAN,,,Domestic - Other Province Beer,4.3,[],,2.99,False,False,,,"At 8% ABV, this feisty lager bursts with a rich, layered aroma and a hint of fruit, brought to life by its distinctive yeast. Packed with character and depth, it's a fearless, full-flavoured experience that rewards the bold with every sip. 
",,[],,,306247,,[],http://www.bcliquorstores.com/sites/default/files/imagecache/height400px/306247.jpeg,14483,2026-10-01 21:10:01,,1,['05741000800034'],False,,0.473,[],FAXE - SPECIAL STRONG TALL CAN,Lager,Canada,False,,2,2,,,False,157.0, SPECIAL STRONG TALL CAN,0.08,Domestic Beer,False,[],SR,National Domestic Beer,FAXE ,CA,,Domestic - Other Province Commercial Beer,,False,False,0,2.99,,False,,,faxe - special strong tall can,,,21,Beer,[],True,1000,1290,1138,6850.459,43304.170000000006,0.03784,79.01691331923891,0.7969543147208121
95,bcls,product,844209,0.24544263,FERNIE - PROJECT 9 PILSNER CAN,,,Domestic - BC Beer,4.2,[],,14.99,True,False,,,"A true Bavarian Pilsner with exceptional continental hop flavour that can only be achieved by selection of fine noble hops including the Saaz variety. The use of Munich and Pilsner malts and time honoured brewing methods produces a clean, crisp Bavarian Pilsner that is truly transcendent. FBC's multi-award-winning flagship brew.
",,[],,,844209,,[],http://www.bcliquorstores.com/sites/default/files/imagecache/height400px/844209.jpeg,1630,2026-10-01 21:10:01,,6,['00626990182399'],False,,0.355,[],FERNIE - PROJECT 9 PILSNER CAN,Pilsner,Canada,True,,2,2,,,False,71.0, PROJECT 9 PILSNER CAN,0.05,Domestic Beer,False,[],SR,BC Craft Beer,FERNIE ,CA,,Domestic - BC Regional Beer,,False,False,0,14.99,,False,,,fernie - project 9 pilsner can,,,179,Beer,[],True,1000,1006,1135,3471.8999999999996,24433.7,0.1065,140.7511737089202,0.3604060913705584
96,bcls,product,448159,0.24544263,FERNIE - SLINGSHOT IPA CAN,,,Domestic - BC Beer,4.3,[],,14.99,True,False,,,"An award-winning, lower alcohol IPA. Regular IPA imbibers will not be disappointed with this selection of traditional and newer hop cultivars. Dry-hopped to provide the distinct citrusy, tropical fruit and pine flavours and aromas. Resulting in a refreshing and easy-drinking Session IPA.
",,[],,,448159,,[],http://www.bcliquorstores.com/sites/default/files/imagecache/height400px/448159.jpeg,851,2026-10-01 21:10:01,,6,['00626990220275'],False,,0.355,[],FERNIE - SLINGSHOT IPA CAN,India Pale Ale,Canada,True,,2,2,,,False,67.0, SLINGSHOT IPA CAN,0.045,Domestic Beer,False,[],SR,BC Craft Beer,FERNIE ,CA,,Domestic - BC Regional Beer,,False,False,0,14.99,,False,,,fernie - slingshot ipa can,,,105,Beer,[],True,1000,1006,1135,1812.6299999999999,12756.49,0.09584999999999999,156.39019300991134,0.3401015228426396
97,bcls,product,392343,0.24271375,FERNIE BREWING - CRAFT COLLECTION PACK CAN,,,Domestic - BC Beer,3.3,[],,25.99,True,False,,,"This popular 12-pack has something to satisfy the tastes of every craft beer lover. Featuring three cans of each - Project 9 Pils, Headwall Hazy Pale Ale, What the Huck Berry Ale and Hit the Deck Hazy IPA. The perfect pairing to any and all adventures. 
",,[],,,392343,,[],http://www.bcliquorstores.com/sites/default/files/imagecache/height400px/392343.jpeg,1071,2026-10-01 21:10:01,,12,['00626990464747'],False,,0.355,[],FERNIE BREWING - CRAFT COLLECTION PACK CAN,Variety Pack,Canada,True,,2,2,,,False,95.0, CRAFT COLLECTION PACK CAN,0.05,Domestic Beer,False,[],SR,BC Craft Beer,FERNIE BREWING ,CA,,Domestic - BC Regional Beer,,False,False,0,25.99,,False,,,fernie brewing - craft collection pack can,,,58,Beer,[],True,1000,1006,1135,4562.46,27835.289999999997,0.213,122.018779342723,0.48223350253807107
98,bcls,product,451821,0.24544263,FERNIE BREWING - GHOSTRIDER PUMPKIN BROWN ALE TALL CAN,,,Domestic - BC Beer,3.7,[],,3.89,True,False,,,"FBC's award-winning Pumpkin Brown Ale, brewed with pumpkin, spice and all things nice. Pumpkins, cinnamon, clove, nutmeg and allspice are added to a malty brown ale base, to bring you the perfect sip of fall.
",,['New Product'],,,451821,,[],http://www.bcliquorstores.com/sites/default/files/imagecache/height400px/451821.jpeg,6480,2026-10-01 21:10:01,,1,['00626990464754'],False,,0.473,[],FERNIE BREWING - GHOSTRIDER PUMPKIN BROWN ALE TALL CAN,Brown Ale,Canada,True,,2,2,,,False,88.0, GHOSTRIDER PUMPKIN BROWN ALE TALL CAN,0.05,Domestic Beer,False,['New Product'],ST,BC Craft Beer,FERNIE BREWING ,CA,,Domestic - BC Regional Beer,,False,False,0,3.89,,True,,,fernie brewing - ghostrider pumpkin brown ale tall can,,,21,Beer,"[{'id': 'empty-placeholder', 'label': '&nbsp;', 'labelLengthWithoutTags': 1}, {'id': 'new', 'label': 'NEW', 'labelLengthWithoutTags': 3}]",True,1000,1006,1135,3065.04,25207.2,0.02365,164.48202959830866,0.4467005076142132
99,bcls,product,512842,0.24271375,FERNIE BREWING - HEADWALL HAZY PALE ALE CAN,,,Domestic - BC Beer,3.7,[],True,15.29,True,False,2026-09-27T00:00:00.000-07:00,,"Paying homage to Fernie's iconic backdrop, this citrusy, Hazy Pale Ale is as distinctive as its namesake. New to FBC's year-round line up, expect a well-balanced and easy-drinking brew, with notes of tropical fruit flavour peeking out from a light, hoppy base. Brewed using Strata and Cryo Pop hops, this brew is the perfect combination of light, hazy, and oh-so-hoppy.
",2026-09-27T00:00:00.000-07:00,['On Sale'],2026-10-24T00:00:00.000-07:00,,512842,True,[],http://www.bcliquorstores.com/sites/default/files/imagecache/height400px/512842.jpeg,1142,2026-10-01 21:10:01,,6,['00696852053945'],False,,0.355,[],FERNIE BREWING - HEADWALL HAZY PALE ALE CAN,Pale Ale,Canada,True,,2,2,,,False,63.0, HEADWALL HAZY PALE ALE CAN,0.048,Domestic Beer,False,['On Sale'],SR,BC Craft Beer,FERNIE BREWING ,CA,,Domestic - BC Regional Beer,,False,False,0,14.29,,False,,,fernie brewing - headwall hazy pale ale can,,2026-10-24T00:00:00.000-07:00,19,Beer,[],True,1000,1006,1135,2432.46,17461.18,0.10224,149.55007824726135,0.3197969543147208
100,bcls,product,180565,0.24544263,FERNIE BREWING - HIT THE DECK HAZY IPA CAN,,,Domestic - BC Beer,4.3,[],,15.29,True,False,,,"An IPA style made famous by breweries on the East Coast. It's light, cloudy, low in bitterness, but high in hop flavour and aroma. The highest dry hop of FBC's IPA's, it features juicy, citrusy Mosaic, Falconer's Flight and Azacca hops, with flaked oats added to enhance the body and mouthfeel.
",,[],,,180565,,[],http://www.bcliquorstores.com/sites/default/files/imagecache/height400px/180565.jpeg,1620,2026-10-01 21:10:01,,6,['00626990303398'],False,,0.355,[],FERNIE BREWING - HIT THE DECK HAZY IPA CAN,India Pale Ale,Canada,True,,2,2,,,False,94.0, HIT THE DECK HAZY IPA CAN,0.064,Domestic Beer,False,[],SR,BC Craft Beer,FERNIE BREWING ,CA,,Domestic - BC Regional Beer,,False,False,0,15.29,,False,,,fernie brewing - hit the deck hazy ipa can,,,85,Beer,[],True,1000,1006,1135,3450.6,24769.8,0.13632,112.162558685446,0.47715736040609136
101,bcls,product,860429,0.24544263,FERNIE BREWING - HOP TRICK MIXER SIXER CANS,,,Domestic - BC Beer,4.2,[],,15.29,True,False,,,"The perfect collection of hoppy, crisp, refreshing brews! Featuring three of FBC's most popular IPAs - Waymark West Coast IPA, Slingshot Session IPA, and Hit the Deck Hazy IPA - all in one good-looking, good-to-go, 6-pack.
",,[],,,860429,,[],http://www.bcliquorstores.com/sites/default/files/imagecache/height400px/860429.jpeg,1058,2026-10-01 21:10:01,,6,['00626990220282'],False,,0.355,[],FERNIE BREWING - HOP TRICK MIXER SIXER CANS,Variety Pack,Canada,True,,2,2,,,False,83.0, HOP TRICK MIXER SIXER CANS,0.065,Domestic Beer,False,[],SR,BC Craft Beer,FERNIE BREWING ,CA,,Domestic - BC Regional Beer,,False,False,0,15.29,,False,,,fernie brewing - hop trick mixer sixer cans,,,78,Beer,[],True,1000,1006,1135,2253.54,16176.82,0.13845,110.43698085951607,0.4213197969543147
102,bcls,product,551929,0.24544263,FERNIE BREWING - TACKLE BOX 8-PACK TALL CAN,,,Domestic - BC Beer,3.8,[],True,24.99,True,False,2026-09-27T00:00:00.000-07:00,,"Easy to carry and even easier to consume, this Tall-Can 8-Pack has a fresh seasonal lineup with two cans of each - Wallride White Ale, Tunnel Creek Kölsch, Back Cast Orange Mango Ale and Timelapse Lager. Best enjoyed when adventuring, hanging by the fire, or of course, fishing!
",2026-09-27T00:00:00.000-07:00,['On Sale'],2026-10-24T00:00:00.000-07:00,,551929,True,[],http://www.bcliquorstores.com/sites/default/files/imagecache/height400px/551929.jpeg,837,2026-10-01 21:10:01,,8,['00626990287476'],False,,0.473,[],FERNIE BREWING - TACKLE BOX 8-PACK TALL CAN,Other,Canada,True,,2,2,,,False,101.0, TACKLE BOX 8-PACK TALL CAN,0.05,Domestic Beer,False,['On Sale'],SH,BC Craft Beer,FERNIE BREWING ,CA,,Domestic - BC Regional Beer,,False,False,0,22.99,,False,,,fernie brewing - tackle box 8-pack tall can,,2026-10-24T00:00:00.000-07:00,21,Beer,[],True,1000,1006,1135,3167.2079999999996,20916.629999999997,0.1892,132.08245243128962,0.5126903553299492
103,bcls,product,711909,0.24544263,FIELD HOUSE BREWING -  LIL FOX BOX MIX'D PACK CAN,,,Domestic - BC Beer,4.0,[],True,16.49,False,False,2026-09-27T00:00:00.000-07:00,,"Field House packed their best selling brews into a 355ml mixed pack. From juicy to bold and everything in between this Lil' Fox Box is made for hoppy lovers chasing big flavour, smooth sips, and crushable favourites.",2026-09-27T00:00:00.000-07:00,['On Sale'],2026-10-24T00:00:00.000-07:00,,711909,True,[],http://www.bcliquorstores.com/sites/default/files/imagecache/height400px/711909.jpeg,1029,2026-10-01 21:10:01,,6,['00696852210287'],False,,0.355,[],FIELD HOUSE BREWING -  LIL FOX BOX MIX'D PACK CAN,,Canada,True,,2,2,,,False,110.0,  LIL FOX BOX MIX'D PACK CAN,0.057999999999999996,Domestic Beer,False,['On Sale'],SR,BC Craft Beer,FIELD HOUSE BREWING ,CA,,Domestic - BC Micro Brew Beer,,False,False,0,15.49,,False,,,field house brewing -  lil fox box mixd pack can,,2026-10-24T00:00:00.000-07:00,29,Beer,[],True,1000,1006,1133,2191.77,16968.21,0.12353999999999998,133.47903513032216,0.5583756345177665
104,bcls,product,23683,0.24271375,FIELD HOUSE BREWING - SALTED BLACK PORTER CAN,,,Domestic - BC Beer,4.4,[],,16.29,True,False,,,"Brewed in a Baltic Porter style, this beer utilizes robust lager yeast for a clean ferment, allowing the rich, dark, roasted & caramelized malts to shine. Notes of coffee, chocolate, sweet caramel and licorice are balanced with a soft bitterness from European noble hops. Smooth, rich, and easy to drink.
",,['New Product'],,,23683,,[],http://www.bcliquorstores.com/sites/default/files/imagecache/height400px/23683.jpeg,1355,2026-10-01 21:10:01,,6,['00626990381150'],False,,0.355,[],FIELD HOUSE BREWING - SALTED BLACK PORTER CAN,Porter,Canada,True,,2,2,,,False,83.0, SALTED BLACK PORTER CAN,0.065,Domestic Beer,False,['New Product'],SH,BC Craft Beer,FIELD HOUSE BREWING ,CA,,Domestic - BC Micro Brew Beer,,False,False,0,16.29,,True,,,field house brewing - salted black porter can,,,133,Beer,"[{'id': 'empty-placeholder', 'label': '&nbsp;', 'labelLengthWithoutTags': 1}, {'id': 'new', 'label': 'NEW', 'labelLengthWithoutTags': 3}]",True,1000,1006,1133,2886.1499999999996,22072.949999999997,0.13845,117.65980498374864,0.4213197969543147
105,bcls,product,24938,0.24271375,FIELD HOUSE BREWING - SALTED LIME MEXICAN LAGER TALL CAN,,,Domestic - BC Beer,3.6,[],,15.29,True,False,,,"Light, clean and crisp this Mexican lager is only more crushable with the addition of hand-zested limes and Vancouver Island sea salt adding a seemingly classic twist on one of our brewer's favourite styles.
",,[],,,24938,,[],http://www.bcliquorstores.com/sites/default/files/imagecache/height400px/24938.jpeg,1532,2026-10-01 21:10:01,,4,['00626990421856'],False,,0.473,[],FIELD HOUSE BREWING - SALTED LIME MEXICAN LAGER TALL CAN,Lager,Canada,True,,2,2,,,False,97.0, SALTED LIME MEXICAN LAGER TALL CAN,0.049,Domestic Beer,False,[],SR,BC Craft Beer,FIELD HOUSE BREWING ,CA,,Domestic - BC Micro Brew Beer,,False,False,0,15.29,,False,,,field house brewing - salted lime mexican lager tall can,,,198,Beer,[],True,1000,1006,1133,2898.544,23424.28,0.092708,164.92643569055528,0.49238578680203043
106,bcls,product,754104,0.24271375,FIELD HOUSE BREWING - SUPER TALL FESTBIER LAGER KING CAN,,,Domestic - BC Beer,4.2,[],,5.59,False,False,,,"Brewed in the spirit of a classic Festbier, this amber lager is classic, with a modern Field House twist. We added Loral hops to brighten the malty character with subtle floral notes, creating a beer that's both familiar and refreshingly new. Offered in our Super Tall 568ml can!",,['New Product'],,,754104,,[],http://www.bcliquorstores.com/sites/default/files/imagecache/height400px/754104.jpeg,2910,2026-10-01 21:10:01,,1,['00696852237833'],False,,0.568,[],FIELD HOUSE BREWING - SUPER TALL FESTBIER LAGER KING CAN,Lager,Canada,True,,2,2,,,False,45.0, SUPER TALL FESTBIER LAGER KING CAN,0.06,Domestic Beer,False,['New Product'],ST,BC Craft Beer,FIELD HOUSE BREWING ,CA,,Domestic - BC Micro Brew Beer,,False,False,0,5.59,,True,,,field house brewing - super tall festbier lager king can,,,5,Beer,"[{'id': 'empty-placeholder', 'label': '&nbsp;', 'labelLengthWithoutTags': 1}, {'id': 'new', 'label': 'NEW', 'labelLengthWithoutTags': 3}]",True,1000,1006,1133,1652.8799999999999,16266.9,0.03407999999999999,164.02582159624416,0.22842639593908629
107,bcls,product,322376,0.24271375,FIELD HOUSE BREWING - SUPER TALL HAZY DOUBLE IPA TALL CAN,,,Domestic - BC Beer,3.8,[],,4.69,True,False,,,,,[],,,322376,,[],http://www.bcliquorstores.com/sites/default/files/imagecache/height400px/322376.jpeg,2705,2026-10-01 21:10:01,,1,['00696852148160'],False,,0.568,[],FIELD HOUSE BREWING - SUPER TALL HAZY DOUBLE IPA TALL CAN,India Pale Ale,Canada,True,,2,2,,,False,83.0, SUPER TALL HAZY DOUBLE IPA TALL CAN,0.085,Domestic Beer,False,[],SR,BC Craft Beer,FIELD HOUSE BREWING ,CA,,Domestic - BC Micro Brew Beer,,False,False,0,4.69,,False,,,field house brewing - super tall hazy double ipa tall can,,,59,Beer,[],True,1000,1006,1133,1536.4399999999998,12686.45,0.048279999999999997,97.1416735708368,0.4213197969543147
108,bcls,product,230733,0.24544263,FIELD HOUSE BREWING - SUPER TALL MARGARITA SOUR KING CAN,,,Domestic - BC Beer,3.9,[],,5.19,False,False,,,"Field House packed the flavours of a classic margarita into a balanced sour beer. Fresh lime puree and zesty orange, complemented by generous amounts of salt, make for the best of both cocktail and beer worlds in every sip.",,[],,,230733,,[],http://www.bcliquorstores.com/sites/default/files/imagecache/height400px/230733.jpeg,593,2026-10-01 21:10:01,,1,['00696852197458'],False,,0.568,[],FIELD HOUSE BREWING - SUPER TALL MARGARITA SOUR KING CAN,Sour,Canada,True,,3,3,,,False,34.0, SUPER TALL MARGARITA SOUR KING CAN,0.085,Domestic Beer,False,[],SH,BC Craft Beer,FIELD HOUSE BREWING ,CA,,Domestic - BC Micro Brew Beer,,False,False,0,5.19,,False,,,field house brewing - super tall margarita sour king can,,,46,Beer,[],True,1000,1006,1133,336.82399999999996,3077.67,0.048279999999999997,107.49792874896438,0.17258883248730963
109,bcls,product,375739,0.24544263,FORCE BEER CO - LAGER TALL CAN,,,Domestic - BC Beer,3.3,[],,1.99,False,False,,,False,,[],,,375739,,[],http://www.bcliquorstores.com/sites/default/files/imagecache/height400px/375739.jpeg,8487,2026-10-01 21:10:01,,1,['00703441926792'],False,,0.473,[],FORCE BEER CO - LAGER TALL CAN,Lager,Canada,True,,2,2,,,False,115.0, LAGER TALL CAN,0.05,Domestic Beer,False,[],SR,BC Craft Beer,FORCE BEER CO ,CA,,Domestic - BC Micro Brew Beer,,False,False,0,1.99,,False,,,force beer co - lager tall can,,,62,Beer,[],True,1000,1006,1133,4014.3509999999997,16889.13,0.02365,84.14376321353065,0.583756345177665
110,bcls,product,29023,0.24271375,FOUR WINDS - FEATHERWEIGHT IPA CAN,,,Domestic - BC Beer,4.4,[],,15.79,True,False,,,"A modest IPA with a refreshingly light body. Key notes of tropical fruit and resinous subtleties give way to a crisp, clean finish. Tasting Notes: Hoppy, clean, citrus.
",,[],,,29023,,[],http://www.bcliquorstores.com/sites/default/files/imagecache/height400px/29023.jpeg,1464,2026-10-01 21:10:01,,6,['00850507001419'],False,,0.355,[],FOUR WINDS - FEATHERWEIGHT IPA CAN,India Pale Ale,Canada,True,,2,2,,,False,109.0, FEATHERWEIGHT IPA CAN,0.045,Domestic Beer,False,[],SR,BC Craft Beer,FOUR WINDS ,CA,,Domestic - BC Micro Brew Beer,,False,False,0,15.79,,False,,,four winds - featherweight ipa can,,,64,Beer,[],True,1000,1006,1133,3118.3199999999997,23116.559999999998,0.09584999999999999,164.73656755346897,0.5532994923857868
111,bcls,product,667921,0.24271375,FOUR WINDS - HIGHLIGHTS MIXED PACK CAN,,,Domestic - BC Beer,4.3,[],True,19.79,False,False,2026-09-27T00:00:00.000-07:00,,"Our Highlights Mix Pack is a diverse collection of full-flavoured light beers. This 8 pack features: Four Winds Light Lager, Ultralite 2.9% IPA, Pink Guava Pale Ale with Guava, and our Featherweight Light IPA.",2026-09-27T00:00:00.000-07:00,['On Sale'],2026-10-24T00:00:00.000-07:00,,667921,True,[],http://www.bcliquorstores.com/sites/default/files/imagecache/height400px/667921.jpeg,862,2026-10-01 21:10:01,,8,['00833855001072'],False,,0.355,[],FOUR WINDS - HIGHLIGHTS MIXED PACK CAN,Variety Pack,Canada,True,,2,2,,,False,97.0, HIGHLIGHTS MIXED PACK CAN,0.04,Domestic Beer,False,['On Sale'],SR,BC Craft Beer,FOUR WINDS ,CA,,Domestic - BC Micro Brew Beer,,False,False,0,17.79,,False,,,four winds - highlights mixed pack can,,2026-10-24T00:00:00.000-07:00,13,Beer,[],True,1000,1006,1133,2448.08,17058.98,0.11359999999999999,174.20774647887325,0.49238578680203043
112,bcls,product,752723,0.24544263,FOUR WINDS - IPA TALL CAN,,,Domestic - BC Beer,4.3,[],,15.99,False,False,,,"Our Original IPA - still brewed with the same love and intention. Bright citrus and resinous undertones give way to a smooth, hoppy flourish. Familiar, balanced, and built to last.",,[],,,752723,,[],http://www.bcliquorstores.com/sites/default/files/imagecache/height400px/752723.jpeg,927,2026-10-01 21:10:01,,4,['00833855000709'],False,,0.473,[],FOUR WINDS - IPA TALL CAN,India Pale Ale,Canada,True,,2,2,,,False,72.0, IPA TALL CAN,0.07,Domestic Beer,False,[],SR,BC Craft Beer,FOUR WINDS ,CA,,Domestic - BC Micro Brew Beer,,False,False,0,15.99,,False,,,four winds - ipa tall can,,,25,Beer,[],True,1000,1006,1133,1753.884,14822.73,0.13244,120.73391724554516,0.36548223350253806
113,bcls,product,602557,0.24271375,FRULI - STRAWBERRY BEER,,,Import Beer,3.9,[],,4.49,False,False,,,"Früli is a high quality strawberry Belgian fruit beer, produced at a craft brewery in Melle near Ghent in Belgium. It's a 300-year-old brewery called Huyghe which has been in the De Laet family for 100 years. It is a unique blend of white beer and strawberry juice. The juice complements the zestiness of the wheat beer and the result is a balanced and refreshing beer that is packed with strawberry fruit flavour.
",,[],,,602557,,[],http://www.bcliquorstores.com/sites/default/files/imagecache/height400px/602557.jpeg,658,2026-10-01 21:10:01,,1,['05412186002474'],False,,0.33,[],FRULI - STRAWBERRY BEER,Belgian Ale,Belgium,False,,2,2,,,False,42.0, STRAWBERRY BEER,0.040999999999999995,Import Beer,False,[],SR,,FRULI ,BE,,Europe Beer,,False,False,0,4.49,,False,,,fruli - strawberry beer,,,285,Beer,[],True,1000,1007,1188,217.14000000000001,2954.42,0.013529999999999999,331.8551367331856,0.2131979695431472
114,bcls,product,663837,0.24544263,GRANVILLE ISLAND BREWING - SUMMER MINGLER MIXER 2026 TALL CA,,,Domestic - BC Beer,3.1,[],True,22.49,False,False,2026-09-27T00:00:00.000-07:00,,"A bright, fruit-forward summer mix featuring Peach Sour with juicy tartness, Hazy Guava Pale Ale with tropical sweetness, Honey Lager with smooth honeyed malt, and Kitsilano Juicy IPA delivering tropical citrus and a crisp, refreshing finish.",2026-09-27T00:00:00.000-07:00,['On Sale'],2026-10-24T00:00:00.000-07:00,,663837,True,[],http://www.bcliquorstores.com/sites/default/files/imagecache/height400px/663837.jpeg,715,2026-10-01 21:10:01,,8,['00779446206269'],False,,0.473,[],GRANVILLE ISLAND BREWING - SUMMER MINGLER MIXER 2026 TALL CA,India Pale Ale,Canada,False,,2,2,,,False,93.0, SUMMER MINGLER MIXER 2026 TALL CA,0.055,Domestic Beer,False,['On Sale'],SH,National Domestic Beer,GRANVILLE ISLAND BREWING ,CA,,Domestic - BC Commercial Beer,,False,False,0,17.97,,False,,,granville island brewing - summer mingler mixer 2026 tall ca,,2026-10-24T00:00:00.000-07:00,12,Beer,[],True,1000,1006,1131,2705.56,16080.349999999999,0.20812,108.06265615990773,0.4720812182741117
115,bcls,product,93612,0.24544263,GREAT WESTERN - BREWHOUSE PILSNER CAN,,,Domestic - Other Province Beer,4.5,[],,19.99,False,False,,,"Brewhouse Pilsner is a crisp, refreshing Western Canadian beer made with quality malted barley, water, hops, and proprietary yeast, offering a classic pilsner style at 5% ABV.",,[],,,93612,,[],http://www.bcliquorstores.com/sites/default/files/imagecache/height400px/93612.jpeg,769,2026-10-01 21:10:01,,15,['00773804242159'],False,,0.355,[],GREAT WESTERN - BREWHOUSE PILSNER CAN,Pilsner,Canada,False,,2,2,,,False,50.0, BREWHOUSE PILSNER CAN,0.05,Domestic Beer,False,[],SR,Outside of BC Beer,GREAT WESTERN ,CA,,Domestic - Other Province Regional Beer,,False,False,0,19.99,,False,,,great western - brewhouse pilsner can,,,60,Beer,[],True,1000,1290,1142,4094.9249999999993,15372.31,0.26625,75.07981220657277,0.25380710659898476
116,bcls,product,459660,0.24271375,GROLSCH - PREMIUM PILSNER TALL CAN,,,Domestic - Other Province Beer,3.6,[],,2.99,False,False,,,,,[],,,459660,,[],http://www.bcliquorstores.com/sites/default/files/imagecache/height400px/459660.jpeg,16266,2026-10-01 21:10:01,,1,['00083741473104'],False,,0.473,[],GROLSCH - PREMIUM PILSNER TALL CAN,Pilsner,Canada,False,,2,2,,,False,178.0, PREMIUM PILSNER TALL CAN,0.05,Domestic Beer,False,[],SR,National Domestic Beer,GROLSCH ,CA,,Domestic - Other Province Commercial Beer,,False,False,0,2.99,,False,,,grolsch - premium pilsner tall can,,,52,Beer,[],True,1000,1290,1138,7693.817999999999,48635.340000000004,0.02365,126.42706131078225,0.9035532994923858
117,bcls,product,459663,0.24271375,GROLSCH PREMIUM PILSNER TALL CAN,,,Domestic - Other Province Beer,3.7,[],True,11.29,False,False,2026-09-27T00:00:00.000-07:00,,,2026-09-27T00:00:00.000-07:00,['On Sale'],2026-10-24T00:00:00.000-07:00,,459663,True,[],http://www.bcliquorstores.com/sites/default/files/imagecache/height400px/459663.jpeg,1924,2026-10-01 21:10:01,,4,['00083741473258'],False,,0.473,[],GROLSCH PREMIUM PILSNER TALL CAN,Pilsner,Canada,False,,2,2,,,False,122.0,GROLSCH PREMIUM PILSNER TALL CAN,0.05,Domestic Beer,False,['On Sale'],SR,National Domestic Beer,,CA,,Domestic - Other Province Commercial Beer,,False,False,0,9.79,,False,,,grolsch premium pilsner tall can,,2026-10-24T00:00:00.000-07:00,35,Beer,[],True,1000,1290,1138,3640.2079999999996,21721.96,0.0946,119.34460887949258,0.6192893401015228
118,bcls,product,723671,0.24544263,GUINNESS - PUB DRAUGHT CAN,,,Import Beer,5.0,[],,54.99,False,False,,,False,,"['BCL Select', 'New Product']",,,723671,,[],http://www.bcliquorstores.com/sites/default/files/imagecache/height400px/723671.jpeg,897,2026-10-01 21:10:01,,18,['00083820125993'],False,,0.44,[],GUINNESS - PUB DRAUGHT CAN,Other,Ireland,False,,2,2,,,False,123.0, PUB DRAUGHT CAN,0.042,Import Beer,True,"['BCL Select', 'New Product']",C,,GUINNESS ,IE,,Europe Beer,,False,False,0,54.99,,True,,,guinness - pub draught can,,,6,Beer,"[{'id': 'new', 'label': 'NEW', 'labelLengthWithoutTags': 3}, {'id': 'exclusive', 'label': 'ONLY@BCL', 'labelLengthWithoutTags': 8}]",True,1000,1007,1188,7104.24,49326.03,0.33264,165.31385281385283,0.6243654822335025
119,bcls,product,264060,0.24271375,GUINNESS - ZERO CAN,,,De-Alcoholized Product,4.0,['Our Best Sellers'],,12.49,,,,,"No Alcohol.
A stout that is unmistakably Guinness, just without the alcohol, featuring the same dark, ruby red liquid and creamy head, hints of chocolate and coffee, smoothly balanced with bitter, sweet and roasted notes.",,[],,,264060,,['Our Best Sellers'],http://www.bcliquorstores.com/sites/default/files/imagecache/height400px/264060.jpeg,4101,2026-10-01 21:10:01,,4,['05000213025420'],False,,0.44,[],GUINNESS - ZERO CAN,,Ireland,False,,2,2,,,False,193.0, ZERO CAN,0.0005,De-Alcoholized Beer,False,[],SR,,GUINNESS ,IE,,Beer And Refreshment De-Alcoholized Product,,False,False,0,12.49,,False,"[{'urlAlias': '/promotion/best-sellers', 'name': 'Our Best Sellers', 'promoCode': 'MARCH2026BESTSELLERS', 'published': True, 'shortName': ''}]","[{'urlAlias': '/promotion/best-sellers', 'name': 'Our Best Sellers', 'promoCode': 'MARCH2026BESTSELLERS', 'published': True, 'shortName': ''}]",guinness - zero can,,,273,General Merchandise,"[{'id': 'empty-placeholder', 'label': '&nbsp;', 'labelLengthWithoutTags': 1}, {'id': 'featured', 'label': 'FEATURED', 'labelLengthWithoutTags': 8}]",True,1000,1009,1128,7217.76,51221.49,0.00088,14193.181818181818,0.9796954314720813
120,bcls,product,554469,0.24544263,GUINNESS PUB DRAUGHT CAN,,,Import Beer,4.3,[],,25.99,False,False,,,"Rich and creamy. Distinctively black. Velvety in its finish. This iconic beer is defined by harmony. Sip after sip, sweet counters bitter as the malt arrives on cue to complement a base of roasted barley. Just as the unmistakable white head sits flush atop the dark beer, so do the flavours counter and combine perfectly. This is our greatest innovation. Truly unique. Perfectly balanced.
",,[],,,554469,,[],http://www.bcliquorstores.com/sites/default/files/imagecache/height400px/554469.jpeg,4242,2026-10-01 21:10:01,,8,"['05000213101025', '00083820123685']",False,,0.44,[],GUINNESS PUB DRAUGHT CAN,Stout,Ireland,False,,2,2,,,False,169.0,GUINNESS PUB DRAUGHT CAN,0.042,Import Beer,False,[],G,,,IE,,Europe Beer,,False,False,0,25.99,,False,,,guinness pub draught can,,,220,Beer,[],True,1000,1007,1188,14931.84,110249.57999999999,0.14784,175.79816017316017,0.8578680203045685
121,bcls,product,296244,0.24271375,GUINNESS PUB DRAUGHT CAN,,,Import Beer,4.1,[],True,15.49,False,False,2026-09-27T00:00:00.000-07:00,,"Rich and creamy. Distinctively black. Velvety in its finish. This iconic beer is defined by harmony. Sip after sip, sweet counters bitter as the malt arrives on cue to complement a base of roasted barley. Just as the unmistakable white head sits flush atop the dark beer, so do the flavours counter and combine perfectly. This is our greatest innovation. Truly unique. Perfectly balanced.
",2026-09-27T00:00:00.000-07:00,['On Sale'],2026-10-24T00:00:00.000-07:00,,296244,True,[],http://www.bcliquorstores.com/sites/default/files/imagecache/height400px/296244.jpeg,4391,2026-10-01 21:10:01,,4,"['00083820123609', '05000213002834', '00838201236092']",False,,0.44,[],GUINNESS PUB DRAUGHT CAN,Stout,Ireland,False,,2,2,,,False,193.0,GUINNESS PUB DRAUGHT CAN,0.042,Import Beer,False,['On Sale'],G,,,IE,,Europe Beer,,False,False,0,14.49,,False,,,guinness pub draught can,,2026-10-24T00:00:00.000-07:00,220,Beer,[],True,1000,1007,1188,7728.16,68016.59,0.07392,209.5508658008658,0.9796954314720813
122,bcls,product,787416,0.24544263,GUINNESS PUB DRAUGHT TALL CAN,,,Import Beer,4.3,[],,3.99,False,False,,,"Rich and creamy. Distinctively black. Velvety in its finish. This iconic beer is defined by harmony. Sip after sip, sweet counters bitter as the malt arrives on cue to complement a base of roasted barley. Just as the unmistakable white head sits flush atop the dark beer, so do the flavours counter and combine perfectly. This is our greatest innovation. Truly unique. Perfectly balanced.
",,[],,,787416,,[],http://www.bcliquorstores.com/sites/default/files/imagecache/height400px/787416.jpeg,8434,2026-10-01 21:10:01,,1,['05000213015414'],False,,0.5,[],GUINNESS PUB DRAUGHT TALL CAN,Stout,Ireland,False,,2,2,,,False,162.0,GUINNESS PUB DRAUGHT TALL CAN,0.042,Import Beer,False,[],SR,,,IE,,Europe Beer,,False,False,0,3.99,,False,,,guinness pub draught tall can,,,211,Beer,[],True,1000,1007,1188,4217.0,33651.66,0.021,190.0,0.8223350253807107
123,bcls,product,210468,0.24544263,HACKER PSCHORR MUNICH GOLD TALL CAN,,,Import Beer,4.1,[],,3.09,False,False,,,"At the end of the 19th century, Munich took great pleasure in two new beaming additions to the city: the golden Angel of Peace and the first lager beer speciality, Münchner Gold. Still brewed to this day according to the age-old recipe, this slightly stronger beer is a mature masterpiece and delights with its enticing malty aroma and its slightly stronger original wort. Münchner Gold is particularly tasty as an accompaniment to traditional Bavarian snacks with bread, salad, sliced meats and typical cheese specialities such as Obatzda (Camembert spread) and blue-veined cheese. We also recommend it with fish, seafood and juicy roast chicken.
",,[],,,210468,,[],http://www.bcliquorstores.com/sites/default/files/imagecache/height400px/210468.jpeg,7921,2026-10-01 21:10:01,,1,['04004866222329'],False,,0.5,[],HACKER PSCHORR MUNICH GOLD TALL CAN,Lager,Germany,False,,2,2,,,False,117.0,HACKER PSCHORR MUNICH GOLD TALL CAN,0.055,Import Beer,False,[],SR,,,DE,,Europe Beer,,False,False,0,3.09,,False,,,hacker pschorr munich gold tall can,,,298,Beer,[],True,1000,1007,1188,3960.5,24475.89,0.0275,112.36363636363636,0.5939086294416244
124,bcls,product,531392,0.24544263,HEINEKEN,,,Import Beer,3.6,['Our Best Sellers'],,31.79,False,False,,,"For over 150 years, a ceaseless commitment to purity and quality have made Heineken the most iconic beer brand in the world. When you see the red-star on the green bottle, you know every ice-cold, crisp sip will deliver that richly satisfying flavour with subtle fruity notes. A tradition of taste that has lived on for over a century and a half thanks to the simplicity and quality of the ingredients and the meticulous attention to the brewing process.
",,[],,,531392,,['Our Best Sellers'],http://www.bcliquorstores.com/sites/default/files/imagecache/height400px/531392.jpeg,4396,2026-10-01 21:10:01,,12,['00072890000859'],False,,0.33,[],HEINEKEN,Lager,Netherlands,False,,2,2,,,False,187.0,HEINEKEN,0.05,Import Beer,False,[],G,,,NL,,Europe Beer,,False,False,0,31.79,,False,"[{'urlAlias': '/promotion/best-sellers', 'name': 'Our Best Sellers', 'promoCode': 'MARCH2026BESTSELLERS', 'published': True, 'shortName': ''}]","[{'urlAlias': '/promotion/best-sellers', 'name': 'Our Best Sellers', 'promoCode': 'MARCH2026BESTSELLERS', 'published': True, 'shortName': ''}]",heineken,,,246,Beer,"[{'id': 'empty-placeholder', 'label': '&nbsp;', 'labelLengthWithoutTags': 1}, {'id': 'featured', 'label': 'FEATURED', 'labelLengthWithoutTags': 8}]",True,1000,1007,1188,17408.16,139748.84,0.198,160.55555555555554,0.949238578680203
125,bcls,product,18,0.24271375,HEINEKEN,,,Import Beer,3.3,[],,16.79,False,False,,,"imited to 10 packs per customer.

",,[],,,18,,[],http://www.bcliquorstores.com/sites/default/files/imagecache/height400px/18.jpeg,2952,2026-10-01 21:10:01,,6,['00072890000033'],False,,0.33,[],HEINEKEN,Lager,Netherlands,False,,2,2,,,False,177.0,HEINEKEN,0.05,Import Beer,False,[],G,,,NL,,Europe Beer,,False,False,0,16.79,,False,,,heineken,,,162,Beer,[],True,1000,1007,1188,5844.96,49564.079999999994,0.099,169.59595959595958,0.8984771573604061
126,bcls,product,208002,0.24271375,HEINEKEN - 0.0,,,De-Alcoholized Product,3.6,['Our Best Sellers'],True,11.99,,,2026-09-30T00:00:00.000-07:00,,"Heineken 0.0 is a refreshing non-alcoholic lager. Heineken 0.0% has a perfectly balanced taste with refreshing fruity notes and soft malty body. Heineken 0.0% is double-brewed while alcohol is removed and blended with natural flavours.
",2026-09-30T00:00:00.000-07:00,['On Sale'],2026-10-24T00:00:00.000-07:00,,208002,True,['Our Best Sellers'],http://www.bcliquorstores.com/sites/default/files/imagecache/height400px/208002.jpeg,2627,2026-10-01 21:10:01,,6,"['00072890005861', '00072890005885']",False,,0.33,[],HEINEKEN - 0.0,,Netherlands,False,,2,2,,,False,197.0, 0.0,0.0001,De-Alcoholized Beer,False,['On Sale'],SR,,HEINEKEN ,NL,,Beer And Refreshment De-Alcoholized Product,,False,False,0,10.99,,False,"[{'urlAlias': '/promotion/best-sellers', 'name': 'Our Best Sellers', 'promoCode': 'MARCH2026BESTSELLERS', 'published': True, 'shortName': ''}]","[{'urlAlias': '/promotion/best-sellers', 'name': 'Our Best Sellers', 'promoCode': 'MARCH2026BESTSELLERS', 'published': True, 'shortName': ''}]",heineken - 0.0,,2026-10-24T00:00:00.000-07:00,152,General Merchandise,"[{'id': 'empty-placeholder', 'label': '&nbsp;', 'labelLengthWithoutTags': 1}, {'id': 'featured', 'label': 'FEATURED', 'labelLengthWithoutTags': 8}]",True,1000,1009,1128,5201.46,31497.73,0.00019800000000000002,60555.555555555555,1.0
127,bcls,product,335748,0.24271375,HEINEKEN - 0.0 CAN,,,De-Alcoholized Product,3.4,['Non-Alcoholic Drinks'],,22.29,,,,,False,,[],,,335748,,['Non-Alcoholic Drinks'],http://www.bcliquorstores.com/sites/default/files/imagecache/height400px/335748.jpeg,744,2026-10-01 21:10:01,,12,['00072890006820'],False,,0.33,[],HEINEKEN - 0.0 CAN,,Netherlands,False,,2,2,,,False,87.0, 0.0 CAN,0.0,De-Alcoholized Beer,False,[],SR,,HEINEKEN ,NL,,Beer And Refreshment De-Alcoholized Product,,False,False,0,22.29,,False,"[{'urlAlias': '/promotion/non-alcoholic', 'name': 'Non-Alcoholic Drinks', 'promoCode': '2024NOALCOHOL', 'published': True, 'shortName': ''}]","[{'urlAlias': '/promotion/non-alcoholic', 'name': 'Non-Alcoholic Drinks', 'promoCode': '2024NOALCOHOL', 'published': True, 'shortName': ''}]",heineken - 0.0 can,,,9,General Merchandise,"[{'id': 'empty-placeholder', 'label': '&nbsp;', 'labelLengthWithoutTags': 1}, {'id': 'featured', 'label': 'FEATURED', 'labelLengthWithoutTags': 8}]",True,1000,1009,1128,2946.24,16583.76,0.0,inf,0.4416243654822335
128,bcls,product,71126,0.24544263,HEINEKEN - CAN,,,Import Beer,3.0,[],,16.79,False,False,,,"For over 150 years, a ceaseless commitment to purity and quality have made Heineken the most iconic beer brand in the world. When you see the red-star on the green bottle, you know every ice-cold, crisp sip will deliver that richly satisfying flavour with subtle fruity notes. A tradition of taste that has lived on for over a century and a half thanks to the simplicity and quality of the ingredients and the meticulous attention to the brewing process.
",,[],,,71126,,[],http://www.bcliquorstores.com/sites/default/files/imagecache/height400px/71126.jpeg,2080,2026-10-01 21:10:01,,6,"['00072890000019', '00072890006486', '08712000012670']",False,,0.33,[],HEINEKEN - CAN,Lager,Netherlands,False,,2,2,,,False,115.0, CAN,0.05,Import Beer,False,[],G,,HEINEKEN ,NL,,Europe Beer,,False,False,0,16.79,,False,,,heineken - can,,,101,Beer,[],True,1000,1007,1188,4118.4,34923.2,0.099,169.59595959595958,0.583756345177665
129,bcls,product,459300,0.24544263,HEINEKEN - CAN,,,Import Beer,4.3,[],,43.99,False,False,,,"For over 150 years, a ceaseless commitment to purity and quality have made Heineken the most iconic beer brand in the world. When you see the red-star on the green bottle, you know every ice-cold, crisp sip will deliver that richly satisfying flavour with subtle fruity notes. A tradition of taste that has lived on for over a century and a half thanks to the simplicity and quality of the ingredients and the meticulous attention to the brewing process.
",,['BCL Select'],,,459300,,[],http://www.bcliquorstores.com/sites/default/files/imagecache/height400px/459300.jpeg,1817,2026-10-01 21:10:01,,18,['00072890006639'],False,,0.355,[],HEINEKEN - CAN,Lager,Netherlands,False,,2,2,,,False,116.0, CAN,0.05,Import Beer,True,['BCL Select'],C,,HEINEKEN ,NL,,Europe Beer,,False,False,0,43.99,,False,,,heineken - can,,,43,Beer,"[{'id': 'empty-placeholder', 'label': '&nbsp;', 'labelLengthWithoutTags': 1}, {'id': 'exclusive', 'label': 'ONLY@BCL', 'labelLengthWithoutTags': 8}]",True,1000,1007,1188,11610.63,79929.83,0.3195,137.68388106416276,0.5888324873096447
130,bcls,product,695106,0.24271375,HEINEKEN - CAN,,,Import Beer,3.1,[],True,31.79,False,False,2026-09-27T00:00:00.000-07:00,,"For over 150 years, a ceaseless commitment to purity and quality have made Heineken the most iconic beer brand in the world. When you see the red-star on the green bottle, you know every ice-cold, crisp sip will deliver that richly satisfying flavour with subtle fruity notes. A tradition of taste that has lived on for over a century and a half thanks to the simplicity and quality of the ingredients and the meticulous attention to the brewing process.
",2026-09-27T00:00:00.000-07:00,['On Sale'],2026-10-24T00:00:00.000-07:00,,695106,True,[],http://www.bcliquorstores.com/sites/default/files/imagecache/height400px/695106.jpeg,2030,2026-10-01 21:10:01,,12,['00072890001177'],False,,0.33,[],HEINEKEN - CAN,Lager,Netherlands,False,,2,2,,,False,100.0, CAN,0.05,Import Beer,False,['On Sale'],G,,HEINEKEN ,NL,,Europe Beer,,False,False,0,28.99,,False,,,heineken - can,,2026-10-24T00:00:00.000-07:00,130,Beer,[],True,1000,1007,1188,8038.8,64533.7,0.198,160.55555555555554,0.5076142131979695
131,bcls,product,337949,0.24544263,HEINEKEN - TALL CAN,,,Import Beer,2.9,['The Starting Lineup'],True,3.89,False,False,2026-09-27T00:00:00.000-07:00,,"For over 150 years, a ceaseless commitment to purity and quality have made Heineken the most iconic beer brand in the world. When you see the red-star on the green bottle, you know every ice-cold, crisp sip will deliver that richly satisfying flavour with subtle fruity notes. A tradition of taste that has lived on for over a century and a half thanks to the simplicity and quality of the ingredients and the meticulous attention to the brewing process.
",2026-09-27T00:00:00.000-07:00,['On Sale'],2026-10-24T00:00:00.000-07:00,,337949,True,['The Starting Lineup'],http://www.bcliquorstores.com/sites/default/files/imagecache/height400px/337949.jpeg,7586,2026-10-01 21:10:01,,1,"['08712000900045', '00072890000026']",False,,0.5,[],HEINEKEN - TALL CAN,Lager,Netherlands,False,,2,2,,,False,123.0, TALL CAN,0.05,Import Beer,False,['On Sale'],G,,HEINEKEN ,NL,,Europe Beer,,False,False,0,3.49,,False,"[{'urlAlias': '/promotion/october-lineup', 'name': 'The Starting Lineup', 'promoCode': '2026OCTLINEUP', 'published': True, 'shortName': ''}]","[{'urlAlias': '/promotion/october-lineup', 'name': 'The Starting Lineup', 'promoCode': '2026OCTLINEUP', 'published': True, 'shortName': ''}]",heineken - tall can,,2026-10-24T00:00:00.000-07:00,166,Beer,"[{'id': 'empty-placeholder', 'label': '&nbsp;', 'labelLengthWithoutTags': 1}, {'id': 'featured', 'label': 'FEATURED', 'labelLengthWithoutTags': 8}]",True,1000,1007,1188,3793.0,29509.54,0.025,155.6,0.6243654822335025
132,bcls,product,523720,0.24271375,HEINEKEN - TALL CAN,,,Import Beer,3.5,[],,43.99,False,False,,,"For over 150 years, a ceaseless commitment to purity and quality have made Heineken the most iconic beer brand in the world. When you see the red-star on the green bottle, you know every ice-cold, crisp sip will deliver that richly satisfying flavour with subtle fruity notes. A tradition of taste that has lived on for over a century and a half thanks to the simplicity and quality of the ingredients and the meticulous attention to the brewing process.
",,[],,,523720,,[],http://www.bcliquorstores.com/sites/default/files/imagecache/height400px/523720.jpeg,325,2026-10-01 21:10:01,,1,"['08712000025649', '00072890004161', '00072890001740']",False,,5.0,[],HEINEKEN - TALL CAN,Lager,Netherlands,False,,2,2,,,False,52.0, TALL CAN,0.05,Import Beer,False,[],SR,,HEINEKEN ,NL,,Europe Beer,,False,False,0,43.99,,False,,,heineken - tall can,,,386,Beer,[],True,1000,1007,1188,1625.0,14296.75,0.25,175.96,0.2639593908629442
133,bcls,product,307640,0.24544263,HEINEKEN SILVER,,,Import Beer,4.1,[],,16.79,False,False,,,"Heineken Silver is crafted with the same pure, 100% natural ingredients you know and love, but brewed at an icy -1C. This unique process filters out proteins and rough-tasting tannins to create an exceptionally smooth, extra-refreshing beer with just 4% ABV.",,[],,,307640,,[],http://www.bcliquorstores.com/sites/default/files/imagecache/height400px/307640.jpeg,767,2026-10-01 21:10:01,,6,['00072890006882'],False,,0.33,[],HEINEKEN SILVER,Lager,Netherlands,False,,2,2,,,False,83.0,HEINEKEN SILVER,0.04,Import Beer,False,[],SH,,,NL,,Europe Beer,,False,False,0,16.79,,False,,,heineken silver,,,18,Beer,[],True,1000,1007,1188,1518.66,12877.929999999998,0.0792,211.99494949494948,0.4213197969543147
134,bcls,product,277216,0.24544263,HEINEKEN SILVER - CAN,,,Import Beer,4.0,[],,31.79,False,False,,,"Heineken Silver is crafted with the same pure, 100% natural ingredients you know and love, but brewed at an icy -1C. This unique process filters out proteins and rough-tasting tannins to create an exceptionally smooth, extra-refreshing beer with just 4% ABV.",,[],,,277216,,[],http://www.bcliquorstores.com/sites/default/files/imagecache/height400px/277216.jpeg,770,2026-10-01 21:10:01,,12,['00072890006875'],False,,0.33,[],HEINEKEN SILVER - CAN,Lager,Netherlands,False,,2,2,,,False,83.0, CAN,0.04,Import Beer,False,[],SH,,HEINEKEN SILVER ,NL,,Europe Beer,,False,False,0,31.79,,False,,,heineken silver - can,,,19,Beer,[],True,1000,1007,1188,3049.2,24478.3,0.1584,200.69444444444443,0.4213197969543147
135,bcls,product,669016,0.24271375,HELIX - GLUTEN-FREE BLONDE TALL CAN,,,Domestic - Other Province Beer,4.2,[],,20.49,False,False,,,"This 100% gluten free product has been carefully brewed to create a light and refreshing beer made from rice, millet and corn. Our unique brewing process results in a light, easy drinking alcoholic beverage with subtle grain notes and a pleasant smoothness in the mouth. We're proud to offer this quality gluten free product.
",,[],,,669016,,[],http://www.bcliquorstores.com/sites/default/files/imagecache/height400px/669016.jpeg,567,2026-10-01 21:10:01,,4,['00682845473296'],False,,0.473,[],HELIX - GLUTEN-FREE BLONDE TALL CAN,Blonde Ale,Canada,False,,2,2,,,False,51.0, GLUTEN-FREE BLONDE TALL CAN,0.05,Domestic Beer,False,[],SR,Outside of BC Beer,HELIX ,CA,,Domestic - Other Province Micro Brew Beer,,False,False,0,20.49,,False,,,helix - gluten-free blonde tall can,,,18,Beer,[],True,1000,1290,1140,1072.764,11617.83,0.0946,216.59619450317123,0.25888324873096447
136,bcls,product,392290,0.24271375,HOLLANDIA PREMIUM LAGER CANS,,,Import Beer,3.8,[],,15.99,False,False,,,"A light and refreshing lager brewed with high-quality hop, malt and pure water. Smooth in flavour with a bitterness that manifests itself in the aftertaste. Hollandia Premium is a light-coloured and clear beer with a sweet nose of grain and citrus fruits. On the palate, this continues with the sweet-bitter flavour of hop and malt, tones of citrus fruits and a clean aftertaste. A quick finish concludes with a slightly bitter tone that leaves a dry finish.
",,['BCL Select'],,,392290,,[],http://www.bcliquorstores.com/sites/default/files/imagecache/height400px/392290.jpeg,1604,2026-10-01 21:10:01,,6,"['08714800045018', '08714800027199']",False,,0.44,[],HOLLANDIA PREMIUM LAGER CANS,Lager,Netherlands,False,,2,2,,,False,137.0,HOLLANDIA PREMIUM LAGER CANS,0.05,Import Beer,True,['BCL Select'],C,,,NL,,Europe Beer,,False,False,0,15.99,,False,,,hollandia premium lager cans,,,214,Beer,"[{'id': 'empty-placeholder', 'label': '&nbsp;', 'labelLengthWithoutTags': 1}, {'id': 'exclusive', 'label': 'ONLY@BCL', 'labelLengthWithoutTags': 8}]",True,1000,1007,1188,4234.56,25647.96,0.132,121.13636363636363,0.6954314720812182
137,bcls,product,307485,0.24544263,HOLSTEN - MAIBOCK TALL CAN,,,Domestic - Other Province Beer,4.0,[],True,2.89,False,False,2026-09-27T00:00:00.000-07:00,,"Holsten Maibock is straw yellow in colour. A medium- to full-bodied beer with a sweet, malty mid-palate and pleasant bitter finish.
",2026-09-27T00:00:00.000-07:00,['On Sale'],2026-10-24T00:00:00.000-07:00,,307485,True,[],http://www.bcliquorstores.com/sites/default/files/imagecache/height400px/307485.jpeg,9098,2026-10-01 21:10:01,,1,['00675325042334'],False,,0.473,[],HOLSTEN - MAIBOCK TALL CAN,Bock,Canada,False,,2,2,,,False,133.0, MAIBOCK TALL CAN,0.07,Domestic Beer,False,['On Sale'],SR,National Domestic Beer,HOLSTEN ,CA,,Domestic - Other Province Commercial Beer,,False,False,0,2.39,,False,,,holsten - maibock tall can,,2026-10-24T00:00:00.000-07:00,15,Beer,[],True,1000,1290,1138,4303.353999999999,26293.22,0.03311,87.28480821504077,0.6751269035532995
138,bcls,product,354137,0.24544263,HOLSTEN - PREMIUM TALL CAN,,,Domestic - Other Province Beer,3.2,[],,2.79,False,False,,,"This German-style lager beer offers true flavour, distinctive but smooth with an outstanding fresh taste and moderate 5% ABV alcohol content. Holsten Premium is created in accordance with the German Purity Law of 1516 in a masterful slow brewing process. Medium gold in colour, it has light hop and cooked grain aromas with underlying pear notes and has a clean finish.
",,[],,,354137,,[],http://www.bcliquorstores.com/sites/default/files/imagecache/height400px/354137.jpeg,9108,2026-10-01 21:10:01,,1,['00675325042310'],False,,0.473,[],HOLSTEN - PREMIUM TALL CAN,Blonde Ale,Canada,False,,2,2,,,False,132.0, PREMIUM TALL CAN,0.05,Domestic Beer,False,[],SR,National Domestic Beer,HOLSTEN ,CA,,Domestic - Other Province Commercial Beer,,False,False,0,2.79,,False,,,holsten - premium tall can,,,28,Beer,[],True,1000,1290,1138,4308.084,25411.32,0.02365,117.97040169133192,0.6700507614213198
139,bcls,product,38550,0.24544263,HOYNE BREWING - DARK MATTER CAN,,,Domestic - BC Beer,4.2,[],,15.29,True,False,,,"Dark Matter is the only beer Hoyne Brewing makes where they don't say on the bottle what style it is. This is for a very good reason. Even they don't know! It is more easily described by what it isn't. It is not as roasted as a stout, nor is it as sweet or high in alcohol as a porter. And don't even mention brown ale in the same breath. Taste: With subtle hints of dark chocolate aroma and roasted malt, this deceptively light beer is soft and creamy on the palate, leaving you with an other-worldly experience.
",,[],,,38550,,[],http://www.bcliquorstores.com/sites/default/files/imagecache/height400px/38550.jpeg,1969,2026-10-01 21:10:01,,6,['00626990377450'],False,,0.355,[],HOYNE BREWING - DARK MATTER CAN,Brown Ale,Canada,True,,2,2,,,False,169.0, DARK MATTER CAN,0.053,Domestic Beer,False,[],SR,BC Craft Beer,HOYNE BREWING ,CA,,Domestic - BC Regional Beer,,False,False,0,15.29,,False,,,hoyne brewing - dark matter can,,,105,Beer,[],True,1000,1006,1135,4193.969999999999,30106.01,0.11288999999999999,135.4415802994065,0.8578680203045685
140,bcls,product,47384,0.24271375,HOYNE BREWING - FOUR FINE FRIENDS MIX PACK CAN,,,Domestic - BC Beer,3.8,[],,26.29,True,False,,,"Hoyne Brewing's Four Fine Friends Mix Pack includes three cans each of their Dark Matter, Down Easy Pale Ale, Helios Dortmunder and Hoyne Pilsner.
",,[],,,47384,,[],http://www.bcliquorstores.com/sites/default/files/imagecache/height400px/47384.jpeg,1390,2026-10-01 21:10:01,,12,['00626990427339'],False,,0.355,[],HOYNE BREWING - FOUR FINE FRIENDS MIX PACK CAN,Variety Pack,Canada,True,,2,2,,,False,133.0, FOUR FINE FRIENDS MIX PACK CAN,0.06,Domestic Beer,False,[],SR,BC Craft Beer,HOYNE BREWING ,CA,,Domestic - BC Regional Beer,,False,False,0,26.29,,False,,,hoyne brewing - four fine friends mix pack can,,,94,Beer,[],True,1000,1006,1135,5921.4,36543.1,0.2556,102.85602503912364,0.6751269035532995
141,bcls,product,297818,0.24544263,HOYNE BREWING - FRAMBOOZLE RASPBERRY WHEAT CAN,,,Domestic - BC Beer,3.7,[],,14.49,True,False,,,"Bright. Refreshing and subtly tart. Framboozle is a crisp and easy drinking brew perfect for any occasion. Brewed with a blend of pale and wheat malts and conditioned on fresh raspberries. 
",,[],,,297818,,[],http://www.bcliquorstores.com/sites/default/files/imagecache/height400px/297818.jpeg,273,2026-10-01 21:10:01,,6,['00696852119092'],False,,0.355,[],HOYNE BREWING - FRAMBOOZLE RASPBERRY WHEAT CAN,Fruit Ale,Canada,True,,2,2,,,False,43.0, FRAMBOOZLE RASPBERRY WHEAT CAN,0.04,Domestic Beer,False,[],ST,BC Craft Beer,HOYNE BREWING ,CA,,Domestic - BC Regional Beer,,False,False,0,14.49,,False,,,hoyne brewing - framboozle raspberry wheat can,,,35,Beer,[],True,1000,1006,1135,581.49,3955.77,0.0852,170.07042253521126,0.2182741116751269
142,bcls,product,374267,0.24544263,HOYNE BREWING - HELLO DARKNESS MIX PACK CAN,,,Domestic - BC Beer,3.6,[],True,26.29,True,False,2026-09-27T00:00:00.000-07:00,,"A wintery treat box - 4 sessionable brews to keep you warm and fuzzy through the darker months This mix pack includes multi award winning Dark Matter along with our classic British ale, west coast IPA Among Giants and newly added brown ale Pub Lunch - a perfect mix for those winter blues 
",2026-09-27T00:00:00.000-07:00,['On Sale'],2026-10-24T00:00:00.000-07:00,,374267,True,[],http://www.bcliquorstores.com/sites/default/files/imagecache/height400px/374267.jpeg,791,2026-10-01 21:10:01,,12,['00696852010351'],False,,0.355,[],HOYNE BREWING - HELLO DARKNESS MIX PACK CAN,Variety Pack,Canada,True,,2,2,,,False,71.0, HELLO DARKNESS MIX PACK CAN,0.054000000000000006,Domestic Beer,False,['On Sale'],SH,BC Craft Beer,HOYNE BREWING ,CA,,Domestic - BC Regional Beer,,False,False,0,23.79,,False,,,hoyne brewing - hello darkness mix pack can,,2026-10-24T00:00:00.000-07:00,47,Beer,[],True,1000,1006,1135,3369.66,20795.39,0.23004000000000002,114.28447226569291,0.3604060913705584
143,bcls,product,489521,0.24544263,HOYNE BREWING - HELLO SUNSHINE MIX PACK CAN,,,Domestic - BC Beer,4.2,[],True,26.29,True,False,2026-09-27T00:00:00.000-07:00,,"We've made it through the long cool winter, the days are getting both earlier and later, the birds are all in a big hurry to tell us that spring is here and we need to get out of bed, so it is time to break out the summer beers! In this Mix Pack, we delight you with a crisp cerveza , our famous Hoyne Pilsner, a refreshing raspberry ale and our punchy hazy IPA See ya at the beach!
",2026-09-27T00:00:00.000-07:00,['On Sale'],2026-10-24T00:00:00.000-07:00,,489521,True,[],http://www.bcliquorstores.com/sites/default/files/imagecache/height400px/489521.jpeg,413,2026-10-01 21:10:01,,12,['00696852010245'],False,,0.355,[],HOYNE BREWING - HELLO SUNSHINE MIX PACK CAN,Variety Pack,Canada,True,,3,3,,,False,66.0, HELLO SUNSHINE MIX PACK CAN,0.049,Domestic Beer,False,['On Sale'],SH,BC Craft Beer,HOYNE BREWING ,CA,,Domestic - BC Regional Beer,,False,False,0,21.67,,False,,,hoyne brewing - hello sunshine mix pack can,,2026-10-24T00:00:00.000-07:00,37,Beer,[],True,1000,1006,1135,1759.3799999999999,10857.77,0.20874,125.94615310913096,0.3350253807106599
144,bcls,product,38610,0.24544263,HOYNE BREWING - PILSNER CAN,,,Domestic - BC Beer,4.3,[],,15.29,True,False,,,"Sean Hoyne has always believed that a beautifully balanced Pilsner is the highest expression of the Brewmaster's art. When perfection is achieved, it delivers a subtle and exquisite beer that stands alone with quiet confidence. Hoyne Pilsner is the culmination of over 30 years of Sean's long love of making fine lagers—an authentic European beer that is very much worth waiting for. Taste: Bright and crisp with a hint of sweet malt character balanced by the warm spiciness of Eastern European Noble hops.
",,[],,,38610,,[],http://www.bcliquorstores.com/sites/default/files/imagecache/height400px/38610.jpeg,2356,2026-10-01 21:10:01,,6,['00626990377429'],False,,0.355,[],HOYNE BREWING - PILSNER CAN,Pilsner,Canada,True,,2,2,,,False,119.0, PILSNER CAN,0.053,Domestic Beer,False,[],SR,BC Craft Beer,HOYNE BREWING ,CA,,Domestic - BC Regional Beer,,False,False,0,15.29,,False,,,hoyne brewing - pilsner can,,,55,Beer,[],True,1000,1006,1135,5018.28,36023.24,0.11288999999999999,135.4415802994065,0.6040609137055838
145,bcls,product,350221,0.24271375,HOYNE BREWING - POR FAVOR CAN,,,Domestic - BC Beer,4.0,[],,13.99,True,False,,,"Our cerveza has a crisp malt backbone, bolstered by the soft sweetness of corn and subtle herbaceous hops, with a dry and snappy finish.
",,[],,,350221,,[],http://www.bcliquorstores.com/sites/default/files/imagecache/height400px/350221.jpeg,621,2026-10-01 21:10:01,,6,['00696852010375'],False,,0.355,[],HOYNE BREWING - POR FAVOR CAN,Lager,Canada,True,,3,3,,,False,88.0, POR FAVOR CAN,0.044000000000000004,Domestic Beer,False,[],SH,BC Craft Beer,HOYNE BREWING ,CA,,Domestic - BC Regional Beer,,False,False,0,13.99,,False,,,hoyne brewing - por favor can,,,29,Beer,[],True,1000,1006,1135,1322.73,8687.79,0.09372,149.2744344857021,0.4467005076142132
146,bcls,product,243229,0.24271375,HOYNE BREWING - PUB LUNCH CAN,,,Domestic - BC Beer,4.0,[],True,13.99,False,False,2026-09-27T00:00:00.000-07:00,,"Inspired by the more-ish ales found in pubs and snugs across the UK, this pint pours a deep mahogany, under a rich cap of tanned foam. Smooth and restrained bitterness cobbles the way for rich malt flavours reminiscent of toasted nuts, tea biscuits, and toffee.",2026-09-27T00:00:00.000-07:00,['On Sale'],2026-10-24T00:00:00.000-07:00,,243229,True,[],http://www.bcliquorstores.com/sites/default/files/imagecache/height400px/243229.jpeg,1089,2026-10-01 21:10:01,,6,['00696852119160'],False,,0.355,[],HOYNE BREWING - PUB LUNCH CAN,Brown Ale,Canada,True,,2,2,,,False,92.0, PUB LUNCH CAN,0.045,Domestic Beer,False,['On Sale'],SH,BC Craft Beer,HOYNE BREWING ,CA,,Domestic - BC Regional Beer,,False,False,0,12.49,,False,,,hoyne brewing - pub lunch can,,2026-10-24T00:00:00.000-07:00,1,Beer,[],True,1000,1006,1135,2319.5699999999997,15235.11,0.09584999999999999,145.95722483046427,0.467005076142132
147,bcls,product,669476,0.24271375,INNIS & GUNN - CARIBBEAN RUM CASK 4PK TALL CAN,,,Import Beer,4.5,[],True,15.49,False,False,2026-09-27T00:00:00.000-07:00,,"Scottish red beer meets the finest Caribbean rum casks. The aromas give way to palate-pleasingly punchy notes of fruit, rum and chocolate. This full bodied flavour is enhanced by the use of Innis & Gunn Ale Malt, Chocolate Malt and Roasted Barley.
",2026-09-27T00:00:00.000-07:00,['On Sale'],2026-10-24T00:00:00.000-07:00,,669476,True,[],http://www.bcliquorstores.com/sites/default/files/imagecache/height400px/669476.jpeg,134,2026-10-01 21:10:01,,4,['00736040529521'],False,,0.5,[],INNIS & GUNN - CARIBBEAN RUM CASK 4PK TALL CAN,Red Ale,United Kingdom,False,,2,2,,,False,23.0, CARIBBEAN RUM CASK 4PK TALL CAN,0.068,Import Beer,False,['On Sale'],SH,,INNIS & GUNN ,GB,,Europe Beer,,False,False,0,13.99,,False,,,innis & gunn - caribbean rum cask 4pk tall can,,2026-10-24T00:00:00.000-07:00,12,Beer,[],True,1000,1007,1188,268.0,2075.66,0.136,113.8970588235294,0.116751269035533
148,bcls,product,191957,0.24271375,INNIS AND GUNN - THE ORIGINAL,,,Import Beer,4.4,[],True,17.29,False,False,2026-09-27T00:00:00.000-07:00,,"This Scottish Golden Beer is cask-matured using single malt whisky casks for unparalleled smoothness. It is a truly unique, delicious beer brimming with vanilla and toffee. That richness is perfectly balanced by notes of orange marmalade, citrus, and hints of oak with a very gentle understated bitterness. A delicate, velvety mouthfeel completes the experience. Smooth, refreshing, and decidedly different from the usual.
",2026-09-27T00:00:00.000-07:00,['On Sale'],2026-10-24T00:00:00.000-07:00,,191957,True,[],http://www.bcliquorstores.com/sites/default/files/imagecache/height400px/191957.jpeg,65,2026-10-01 21:10:01,,6,"['00736040519614', '00736040519430', '05060190560864']",False,,0.33,[],INNIS AND GUNN - THE ORIGINAL,Amber Ale,United Kingdom,False,,2,2,,,False,15.0, THE ORIGINAL,0.066,Import Beer,False,['On Sale'],SH,,INNIS AND GUNN ,GB,,Europe Beer,,False,False,0,15.79,,False,,,innis and gunn - the original,,2026-10-24T00:00:00.000-07:00,214,Beer,[],True,1000,1007,1188,128.7,1123.85,0.13068000000000002,132.30792776247318,0.07614213197969544
149,bcls,product,656879,0.24271375,JIBIRU - SALTED YUZU PILSNER TALL CAN,,,Domestic - BC Beer,4.2,[],,15.99,False,False,,,False,,['New Product'],,,656879,,[],http://www.bcliquorstores.com/sites/default/files/imagecache/height400px/656879.jpeg,648,2026-10-01 21:10:01,,4,['00696852222020'],False,,0.473,[],JIBIRU - SALTED YUZU PILSNER TALL CAN,Pilsner,Canada,True,,2,2,,,False,53.0, SALTED YUZU PILSNER TALL CAN,0.048,Domestic Beer,False,['New Product'],ST,BC Craft Beer,JIBIRU ,CA,,Domestic - BC Micro Brew Beer,,False,False,0,15.99,,True,,,jibiru - salted yuzu pilsner tall can,,,18,Beer,"[{'id': 'empty-placeholder', 'label': '&nbsp;', 'labelLengthWithoutTags': 1}, {'id': 'new', 'label': 'NEW', 'labelLengthWithoutTags': 3}]",True,1000,1006,1133,1226.0159999999998,10361.52,0.090816,176.0702959830867,0.26903553299492383
150,bcls,product,793810,0.24544263,KILKENNY IRISH CREAM ALE DRAUGHT TALL CAN,,,Import Beer,4.3,[],,14.29,False,False,,,"This nitrogenized Irish cream ale has caramel sweetness, roasted malt and a slight hop-induced bitterness on the finish with a frothy and creamy texture.
",,[],,,793810,,[],http://www.bcliquorstores.com/sites/default/files/imagecache/height400px/793810.jpeg,2885,2026-10-01 21:10:01,,4,"['05000213019085', '05000213019078']",False,,0.5,[],KILKENNY IRISH CREAM ALE DRAUGHT TALL CAN,Cream Ale,Ireland,False,,2,2,,,False,183.0,KILKENNY IRISH CREAM ALE DRAUGHT TALL CAN,0.043,Import Beer,False,[],SR,,,IE,,Europe Beer,,False,False,0,14.29,,False,,,kilkenny irish cream ale draught tall can,,,186,Beer,[],True,1000,1007,1188,5770.0,41226.649999999994,0.086,166.1627906976744,0.9289340101522843
151,bcls,product,881144,0.24271375,KOZEL PREMIUM TALL CAN,,,Import Beer,3.7,[],,3.09,False,False,,,"Kozel Premium is the most popular Czech beer in the world! Kozel Premium is made with three selected malts and the aromatic Czech hop Premiant for a well-balanced taste, welcome bitterness and full body.
",,[],,,881144,,[],http://www.bcliquorstores.com/sites/default/files/imagecache/height400px/881144.jpeg,10088,2026-10-01 21:10:01,,1,"['08594404005782', '08594404001449']",False,,0.5,[],KOZEL PREMIUM TALL CAN,Pilsner,Czech Republic,False,,2,2,,,False,145.0,KOZEL PREMIUM TALL CAN,0.049,Import Beer,False,[],G,,,CZ,,Europe Beer,,False,False,0,3.09,,False,,,kozel premium tall can,,,408,Beer,[],True,1000,1007,1188,5044.0,31171.92,0.0245,126.12244897959182,0.7360406091370558
152,bcls,product,673359,0.24544263,KROMBACHER - PILS TALL CAN,,,Import Beer,4.5,[],True,12.49,False,False,2026-09-27T00:00:00.000-07:00,,"The taste of natural beer, abundantly fruit hop aromas. Fresh and smooth Felsquellwasser. Refreshing. Crisp. Clean BEST SELLING PILSNER IN GERMANY 
",2026-09-27T00:00:00.000-07:00,['On Sale'],2026-10-24T00:00:00.000-07:00,,673359,True,[],http://www.bcliquorstores.com/sites/default/files/imagecache/height400px/673359.jpeg,935,2026-10-01 21:10:01,,4,['04008287924848'],False,,0.5,[],KROMBACHER - PILS TALL CAN,Pilsner,Germany,False,,2,2,,,False,77.0, PILS TALL CAN,0.048,Import Beer,False,['On Sale'],SH,,KROMBACHER ,DE,,Europe Beer,,False,False,0,11.59,,False,,,krombacher - pils tall can,,2026-10-24T00:00:00.000-07:00,25,Beer,[],True,1000,1007,1188,1870.0,11678.15,0.096,130.10416666666666,0.39086294416243655
153,bcls,product,296812,0.24544263,KRONENBOURG - 1664 BLANC,,,Domestic - Other Province Beer,4.4,[],True,16.79,False,False,2026-09-27T00:00:00.000-07:00,,"For well over 350 years, Kronenbourg 1664 has been brewing beer with distinction. 1664 Blanc is a premium wheat beer with a delicate taste of citrus fruits and coriander spice. Crisp and palate-cleansing, 1664 Blanc has  subtle aromas of floral, tropical citrus fruit, white peach, and honeysuckle.
",2026-09-27T00:00:00.000-07:00,['On Sale'],2026-10-24T00:00:00.000-07:00,,296812,True,[],http://www.bcliquorstores.com/sites/default/files/imagecache/height400px/296812.jpeg,2593,2026-10-01 21:10:01,,6,['00675325932727'],False,,0.33,[],KRONENBOURG - 1664 BLANC,Wheat,Canada,False,,2,2,,,False,159.0, 1664 BLANC,0.05,Domestic Beer,False,['On Sale'],SR,National Domestic Beer,KRONENBOURG ,CA,,Domestic - Other Province Commercial Beer,,False,False,0,15.29,,False,,,kronenbourg - 1664 blanc,,2026-10-24T00:00:00.000-07:00,15,Beer,[],True,1000,1290,1138,5134.14,43536.47,0.099,169.59595959595958,0.8071065989847716
154,bcls,product,296809,0.24271375,KRONENBOURG - 1664 BLANC,,,Domestic - Other Province Beer,4.3,[],,31.99,False,False,,,"For well over 350 years, Kronenbourg 1664 has been brewing beer with distinction. 1664 Blanc is a premium wheat beer with a delicate taste of citrus fruits and coriander spice. Crisp and palate-cleansing, 1664 Blanc has  subtle aromas of floral, tropical citrus fruit, white peach, and honeysuckle.
",,[],,,296809,,[],http://www.bcliquorstores.com/sites/default/files/imagecache/height400px/296809.jpeg,581,2026-10-01 21:10:01,,12,['00675325423171'],False,,0.355,[],KRONENBOURG - 1664 BLANC,Wheat,Canada,False,,2,2,,,False,57.0, 1664 BLANC,0.05,Domestic Beer,False,[],SH,National Domestic Beer,KRONENBOURG ,CA,,Domestic - Other Province Commercial Beer,,False,False,0,31.99,,False,,,kronenbourg - 1664 blanc,,,11,Beer,[],True,1000,1290,1138,2475.06,18586.19,0.213,150.18779342723005,0.2893401015228426
155,bcls,product,296820,0.24271375,KRONENBOURG - 1664 BLANC TALL CAN,,,Domestic - Other Province Beer,4.0,[],,3.79,False,False,,,"For well over 350 years, Kronenbourg 1664 has been brewing beer with distinction. 1664 Blanc is a premium wheat beer with a delicate taste of citrus fruits and coriander spice. Crisp and palate-cleansing, 1664 Blanc has  subtle aromas of floral, tropical citrus fruit, white peach, and honeysuckle.
",,[],,,296820,,[],http://www.bcliquorstores.com/sites/default/files/imagecache/height400px/296820.jpeg,7683,2026-10-01 21:10:01,,1,['00675325042396'],False,,0.473,[],KRONENBOURG - 1664 BLANC TALL CAN,Wheat,Canada,False,,2,2,,,False,134.0, 1664 BLANC TALL CAN,0.05,Domestic Beer,False,[],SR,National Domestic Beer,KRONENBOURG ,CA,,Domestic - Other Province Commercial Beer,,False,False,0,3.79,,False,,,kronenbourg - 1664 blanc tall can,,,7,Beer,[],True,1000,1290,1138,3634.0589999999997,29118.57,0.02365,160.2536997885835,0.6802030456852792
156,bcls,product,378979,0.24271375,KRONENBOURG 1664 BLANC 0.0%,,,De-Alcoholized Product,3.6,[],,11.49,,,,,"1664 Blanc 0.0% is a light and refreshing wheat beer with a complex and layered taste profile, elevating any occasion without compromise - making it a perfect partner with food. Now brewed using evaporation technology to eliminate the alcohol content, its unique flavour comes from the perfect harmony of its two distinct dimensions. Brewed with a light French touch, 1664 Blanc 0.0% has subtle aromas and a beautiful haziness with a delicate taste of citrus fruits and coriander spice.",,[],,,378979,,[],http://www.bcliquorstores.com/sites/default/files/imagecache/height400px/378979.jpeg,0,2026-10-01 21:10:01,,6,['03080216060743'],False,,0.33,[],KRONENBOURG 1664 BLANC 0.0%,,France,False,,2,2,,,False,,KRONENBOURG 1664 BLANC 0.0%,0.0,De-Alcoholized Beer,False,[],SR,,,FR,,Beer And Refreshment De-Alcoholized Product,,False,False,0,11.49,,False,,,kronenbourg 1664 blanc 0.0%,,,37,General Merchandise,[],True,1000,1009,1128,0.0,0.0,0.0,inf,
157,bcls,product,231109,0.24544263,LA CERVECERIA - LAGER MIX PACK 2025 TALL CAN,,,Domestic - BC Beer,4.2,[],,26.99,False,False,,,"Lager lovers rejoice, La Cerveceria 'Lager Box' has everything you need! It features 2 cans each of the award-winning Salted Lime and Grapefruit Lagers, as well as 2 cans of the new Orange Pilsner and Cerveza Light Lager.
",,[],,,231109,,[],http://www.bcliquorstores.com/sites/default/files/imagecache/height400px/231109.jpeg,814,2026-10-01 21:10:01,,8,['00696852160957'],False,,0.473,[],LA CERVECERIA - LAGER MIX PACK 2025 TALL CAN,Lager,Canada,True,,2,2,,,False,91.0, LAGER MIX PACK 2025 TALL CAN,0.043,Domestic Beer,False,[],SR,BC Craft Beer,LA CERVECERIA ,CA,,Domestic - BC Micro Brew Beer,,False,False,0,26.99,,False,,,la cerveceria - lager mix pack 2025 tall can,,,21,Beer,[],True,1000,1006,1133,3080.176,21969.859999999997,0.16271199999999997,165.87590343674717,0.4619289340101523
158,bcls,product,247765,0.24271375,LA CERVECERIA - NARANJA FRESCA ORANGE PILSNER TALL CAN,,,Domestic - BC Beer,4.5,[],,15.99,False,False,,,"La Cerveceria 'Naranja Fresca' Orange Pilsner is made in an ultra crisp and crushable style. It is brewed with both corn and rice, and conditioned on Orange zest.
",,[],,,247765,,[],http://www.bcliquorstores.com/sites/default/files/imagecache/height400px/247765.jpeg,272,2026-10-01 21:10:01,,4,['00696852160834'],False,,0.473,[],LA CERVECERIA - NARANJA FRESCA ORANGE PILSNER TALL CAN,Pilsner,Canada,True,,3,3,,,False,32.0, NARANJA FRESCA ORANGE PILSNER TALL CAN,0.045,Domestic Beer,False,[],SH,BC Craft Beer,LA CERVECERIA ,CA,,Domestic - BC Micro Brew Beer,,False,False,0,15.99,,False,,,la cerveceria - naranja fresca orange pilsner tall can,,,32,Beer,[],True,1000,1006,1133,514.624,4349.28,0.08514,187.80831571529248,0.16243654822335024
159,bcls,product,460731,0.24271375,LA CERVECERIA - SALTED LIME LAGER TALL CAN,,,Domestic - BC Beer,4.4,[],,15.99,True,False,,,"La Cerveceria Salted Lime Lager is a crisp, refreshing Mexican lager with a hint of salt and lime. Recent winner of a Gold medal at the Canadian Brewing Awards, it is BC's original and favourite Salted Lime Lager.
",,[],,,460731,,[],http://www.bcliquorstores.com/sites/default/files/imagecache/height400px/460731.jpeg,1416,2026-10-01 21:10:01,,4,['00696852011303'],False,,0.473,[],LA CERVECERIA - SALTED LIME LAGER TALL CAN,Lager,Canada,True,,2,2,,,False,103.0, SALTED LIME LAGER TALL CAN,0.045,Domestic Beer,False,[],SR,BC Craft Beer,LA CERVECERIA ,CA,,Domestic - BC Micro Brew Beer,,False,False,0,15.99,,False,,,la cerveceria - salted lime lager tall can,,,217,Beer,[],True,1000,1006,1133,2679.0719999999997,22641.84,0.08514,187.80831571529248,0.5228426395939086
160,bcls,product,906313,0.24271375,LABATT - BLUE CAN,,,Domestic - BC Beer,3.0,[],,44.49,False,False,,,"Made from the finest Canadian barley malt and selected hops. It's fresh and crisp, with light fruit, sweet malt, toasted grain, citrus and grassy hops notes. A great choice for backyard entertaining and light fare.
",,[],,,906313,,[],http://www.bcliquorstores.com/sites/default/files/imagecache/height400px/906313.jpeg,638,2026-10-01 21:10:01,,24,['00062067351402'],False,,0.355,[],LABATT - BLUE CAN,Pilsner,Canada,False,,2,2,,,False,45.0, BLUE CAN,0.05,Domestic Beer,False,[],SR,National Domestic Beer,LABATT ,CA,,Domestic - BC Commercial Beer,,False,False,0,44.49,,False,,,labatt - blue can,,,149,Beer,[],True,1000,1006,1131,5435.759999999999,28384.620000000003,0.426,104.43661971830987,0.22842639593908629
161,bcls,product,935155,0.24271375,LABATT - BLUE CAN,,,Domestic - BC Beer,2.7,[],,29.49,False,False,,,"Made from the finest Canadian barley malt and selected hops. It's fresh and crisp, with light fruit, sweet malt, toasted grain, citrus and grassy hops notes. A great choice for backyard entertaining and light fare.
",,[],,,935155,,[],http://www.bcliquorstores.com/sites/default/files/imagecache/height400px/935155.jpeg,1475,2026-10-01 21:10:01,,15,['00062067351372'],False,,0.355,[],LABATT - BLUE CAN,Pilsner,Canada,False,,2,2,,,False,102.0, BLUE CAN,0.05,Domestic Beer,False,[],G,National Domestic Beer,LABATT ,CA,,Domestic - BC Commercial Beer,,False,False,0,29.49,,False,,,labatt - blue can,,,146,Beer,[],True,1000,1006,1131,7854.374999999999,43497.75,0.26625,110.7605633802817,0.5177664974619289
162,bcls,product,72959,0.24544263,LABATT - BUD LIGHT CAN,,,Domestic - Other Province Beer,2.4,['Our Best Sellers'],,68.79,False,False,,,"Bud Light is a light lager renowned for its refreshingly crisp taste and fast finish. Bud Light is brewed with barley, hops, water and rice for a smooth taste that's made for living.
",,['BCL Select'],,,72959,,['Our Best Sellers'],http://www.bcliquorstores.com/sites/default/files/imagecache/height400px/72959.jpeg,2376,2026-10-01 21:10:01,,36,['00062067567292'],False,,0.355,[],LABATT - BUD LIGHT CAN,Other,Canada,False,,2,2,,,False,126.0, BUD LIGHT CAN,0.04,Domestic Beer,True,['BCL Select'],C,National Domestic Beer,LABATT ,CA,,Domestic - Other Province Commercial Beer,,False,False,0,68.79,,False,"[{'urlAlias': '/promotion/best-sellers', 'name': 'Our Best Sellers', 'promoCode': 'MARCH2026BESTSELLERS', 'published': True, 'shortName': ''}]","[{'urlAlias': '/promotion/best-sellers', 'name': 'Our Best Sellers', 'promoCode': 'MARCH2026BESTSELLERS', 'published': True, 'shortName': ''}]",labatt - bud light can,,,437,Beer,"[{'id': 'featured', 'label': 'FEATURED', 'labelLengthWithoutTags': 8}, {'id': 'exclusive', 'label': 'ONLY@BCL', 'labelLengthWithoutTags': 8}]",True,1000,1290,1138,30365.28,163445.04,0.5112,134.56572769953053,0.6395939086294417
163,bcls,product,132274,0.24544263,LABATT - BUD LIGHT CAN,,,Domestic - BC Beer,2.2,[],True,17.79,False,False,2026-09-27T00:00:00.000-07:00,,"Bud Light is a light lager renowned for its refreshingly crisp taste and fast finish. Bud Light is brewed with barley, hops, water and rice for a smooth taste that's made for living.
",2026-09-27T00:00:00.000-07:00,['On Sale'],2026-10-24T00:00:00.000-07:00,,132274,True,[],http://www.bcliquorstores.com/sites/default/files/imagecache/height400px/132274.jpeg,3593,2026-10-01 21:10:01,,8,['00062067567452'],False,,0.355,[],LABATT - BUD LIGHT CAN,Other,Canada,False,,2,2,,,False,147.0, BUD LIGHT CAN,0.04,Domestic Beer,False,['On Sale'],SR,National Domestic Beer,LABATT ,CA,,Domestic - BC Commercial Beer,,False,False,0,16.79,,False,,,labatt - bud light can,,2026-10-24T00:00:00.000-07:00,132,Beer,[],True,1000,1006,1131,10204.119999999999,63919.469999999994,0.11359999999999999,156.60211267605635,0.7461928934010152
164,bcls,product,760843,0.24544263,LABATT - BUD LIGHT CAN,,,Domestic - BC Beer,2.5,[],,25.79,False,False,,,"Bud Light is a light lager renowned for its refreshingly crisp taste and fast finish. Bud Light is brewed with barley, hops, water and rice for a smooth taste that's made for living.
",,[],,,760843,,[],http://www.bcliquorstores.com/sites/default/files/imagecache/height400px/760843.jpeg,838,2026-10-01 21:10:01,,12,"['00062067201288', '00062067567247']",False,,0.355,[],LABATT - BUD LIGHT CAN,Other,Canada,False,,2,2,,,False,65.0, BUD LIGHT CAN,0.04,Domestic Beer,False,[],SR,National Domestic Beer,LABATT ,CA,,Domestic - BC Commercial Beer,,False,False,0,25.79,,False,,,labatt - bud light can,,,43,Beer,[],True,1000,1006,1131,3569.8799999999997,21612.02,0.1704,151.34976525821597,0.3299492385786802
165,bcls,product,683847,0.24271375,LABATT - BUD LIGHT CAN,,,Domestic - BC Beer,2.3,[],,32.29,False,False,,,"Bud Light is a light lager renowned for its refreshingly crisp taste and fast finish. Bud Light is brewed with barley, hops, water and rice for a smooth taste that's made for living.
",,[],,,683847,,[],http://www.bcliquorstores.com/sites/default/files/imagecache/height400px/683847.jpeg,5497,2026-10-01 21:10:01,,15,['00062067567377'],False,,0.355,[],LABATT - BUD LIGHT CAN,Lager,Canada,False,,2,2,,,False,167.0, BUD LIGHT CAN,0.04,Domestic Beer,False,[],G,National Domestic Beer,LABATT ,CA,,Domestic - BC Commercial Beer,,False,False,0,32.29,,False,,,labatt - bud light can,,,264,Beer,[],True,1000,1006,1131,29271.524999999998,177498.13,0.21299999999999997,151.59624413145542,0.8477157360406091
166,bcls,product,204115,0.24271375,LABATT - BUD LIGHT CAN,,,Domestic - BC Beer,2.6,[],True,49.29,False,False,2026-09-27T00:00:00.000-07:00,,"Bud Light is a light lager renowned for its refreshingly crisp taste and fast finish. Bud Light is brewed with barley, hops, water and rice for a smooth taste that's made for living.
",2026-09-27T00:00:00.000-07:00,['On Sale'],2026-10-24T00:00:00.000-07:00,,204115,True,[],http://www.bcliquorstores.com/sites/default/files/imagecache/height400px/204115.jpeg,5227,2026-10-01 21:10:01,,24,['00062067567407'],False,,0.355,[],LABATT - BUD LIGHT CAN,Lager,Canada,False,,2,2,,,False,154.0, BUD LIGHT CAN,0.04,Domestic Beer,False,['On Sale'],G,National Domestic Beer,LABATT ,CA,,Domestic - BC Commercial Beer,,False,False,0,44.29,,False,,,labatt - bud light can,,2026-10-24T00:00:00.000-07:00,231,Beer,[],True,1000,1006,1131,44534.04,257638.83,0.3408,144.63028169014083,0.7817258883248731
167,bcls,product,861997,0.24544263,LABATT - BUDWEISER,,,Domestic - BC Beer,2.9,[],,31.29,False,False,,,"Budweiser has been brewed in Canada since 1980. Brewed using only the finest ingredients and Budweiser's exclusive Beechwood aging process, it has a smoothness and drinkability you will find in no other beer.
",,['BCL Select'],,,861997,,[],http://www.bcliquorstores.com/sites/default/files/imagecache/height400px/861997.jpeg,1826,2026-10-01 21:10:01,,15,"['00062067200748', '00626990162285', '00062067335082']",False,,0.341,[],LABATT - BUDWEISER,Lager,Canada,False,,2,2,,,False,124.0, BUDWEISER,0.05,Domestic Beer,True,['BCL Select'],C,National Domestic Beer,LABATT ,CA,,Domestic - BC Commercial Beer,,False,False,0,31.29,,False,,,labatt - budweiser,,,118,Beer,"[{'id': 'empty-placeholder', 'label': '&nbsp;', 'labelLengthWithoutTags': 1}, {'id': 'exclusive', 'label': 'ONLY@BCL', 'labelLengthWithoutTags': 8}]",True,1000,1006,1131,9339.99,57135.54,0.25575000000000003,122.34604105571846,0.6294416243654822
168,bcls,product,756155,0.24544263,LABATT - BUDWEISER 740ML CAN,,,Domestic - Other Province Beer,2.9,[],,4.59,False,False,,,"Budweiser has been brewed in Canada since 1980. Brewed using only the finest ingredients and Budweiser's exclusive Beechwood aging process, it has a smoothness and drinkability you will find in no other beer.
",,[],,,756155,,[],http://www.bcliquorstores.com/sites/default/files/imagecache/height400px/756155.jpeg,5341,2026-10-01 21:10:01,,1,['00062067335709'],False,,0.74,[],LABATT - BUDWEISER 740ML CAN,Lager,Canada,False,,2,2,,,False,164.0, BUDWEISER 740ML CAN,0.05,Domestic Beer,False,[],G,National Domestic Beer,LABATT ,CA,,Domestic - Other Province Commercial Beer,,False,False,0,4.59,,False,,,labatt - budweiser 740ml can,,,136,Beer,[],True,1000,1290,1138,3952.34,24515.19,0.037,124.05405405405406,0.8324873096446701
169,bcls,product,521609,0.24544263,LABATT - BUDWEISER CAN,,,Domestic - Other Province Beer,3.5,['Featured Products'],True,68.79,False,False,2026-09-27T00:00:00.000-07:00,,"Budweiser has been brewed in Canada since 1980. Brewed using only the finest ingredients and Budweiser's exclusive Beechwood aging process, it has a smoothness and drinkability you will find in no other beer.
",2026-09-27T00:00:00.000-07:00,"['BCL Select', 'On Sale']",2026-10-24T00:00:00.000-07:00,,521609,True,['Featured Products'],http://www.bcliquorstores.com/sites/default/files/imagecache/height400px/521609.jpeg,13196,2026-10-01 21:10:01,,36,['00062067335297'],False,,0.355,[],LABATT - BUDWEISER CAN,Lager,Canada,False,,2,2,,,False,152.0, BUDWEISER CAN,0.05,Domestic Beer,True,"['BCL Select', 'On Sale']",C,National Domestic Beer,LABATT ,CA,,Domestic - Other Province Commercial Beer,,False,False,0,53.79,,False,"[{'urlAlias': '/promotion/featured-sale-hero', 'name': 'Featured Products', 'promoCode': '2026OCTFEATUREDSALEHERO', 'published': True, 'shortName': ''}]","[{'urlAlias': '/promotion/featured-sale-hero', 'name': 'Featured Products', 'promoCode': '2026OCTFEATUREDSALEHERO', 'published': True, 'shortName': ''}]",labatt - budweiser can,,2026-10-24T00:00:00.000-07:00,230,Beer,"[{'id': 'featured', 'label': 'FEATURED', 'labelLengthWithoutTags': 8}, {'id': 'exclusive', 'label': 'ONLY@BCL', 'labelLengthWithoutTags': 8}]",True,1000,1290,1138,168644.88,907752.8400000001,0.639,107.65258215962442,0.7715736040609137
170,bcls,product,687368,0.24544263,LABATT - BUDWEISER CAN,,,Domestic - BC Beer,3.0,[],,17.79,False,False,,,"Budweiser has been brewed in Canada since 1980. Brewed using only the finest ingredients and Budweiser's exclusive Beechwood aging process, it has a smoothness and drinkability you will find in no other beer.
",,[],,,687368,,[],http://www.bcliquorstores.com/sites/default/files/imagecache/height400px/687368.jpeg,7446,2026-10-01 21:10:01,,8,['00062067335457'],False,,0.355,[],LABATT - BUDWEISER CAN,Lager,Canada,False,,2,2,,,False,140.0, BUDWEISER CAN,0.05,Domestic Beer,False,[],SR,National Domestic Beer,LABATT ,CA,,Domestic - BC Commercial Beer,,False,False,0,17.79,,False,,,labatt - budweiser can,,,184,Beer,[],True,1000,1006,1131,21146.64,132464.34,0.142,125.28169014084507,0.7106598984771574
171,bcls,product,850818,0.24544263,LABATT - BUDWEISER CAN,,,Domestic - BC Beer,3.3,[],,25.79,False,False,,,"Budweiser has been brewed in Canada since 1980. Brewed using only the finest ingredients and Budweiser's exclusive Beechwood aging process, it has a smoothness and drinkability you will find in no other beer.
",,[],,,850818,,[],http://www.bcliquorstores.com/sites/default/files/imagecache/height400px/850818.jpeg,2005,2026-10-01 21:10:01,,12,"['00062067201264', '00062067335242']",False,,0.355,[],LABATT - BUDWEISER CAN,Lager,Canada,False,,2,2,,,False,100.0, BUDWEISER CAN,0.05,Domestic Beer,False,[],G,National Domestic Beer,LABATT ,CA,,Domestic - BC Commercial Beer,,False,False,0,25.79,,False,,,labatt - budweiser can,,,113,Beer,[],True,1000,1006,1131,8541.3,51708.95,0.213,121.07981220657277,0.5076142131979695
172,bcls,product,904334,0.24544263,LABATT - BUDWEISER CAN,,,Domestic - BC Beer,2.5,[],,13.79,False,False,,,"Budweiser has been brewed in Canada since 1980. Brewed using only the finest ingredients and Budweiser's exclusive Beechwood aging process, it has a smoothness and drinkability you will find in no other beer.
",,[],,,904334,,[],http://www.bcliquorstores.com/sites/default/files/imagecache/height400px/904334.jpeg,5697,2026-10-01 21:10:01,,6,['00062067335341'],False,,0.355,[],LABATT - BUDWEISER CAN,Lager,Canada,False,,2,2,,,False,149.0, BUDWEISER CAN,0.05,Domestic Beer,False,[],G,National Domestic Beer,LABATT ,CA,,Domestic - BC Commercial Beer,,False,False,0,13.79,,False,,,labatt - budweiser can,,,199,Beer,[],True,1000,1006,1131,12134.609999999999,78561.62999999999,0.1065,129.48356807511738,0.7563451776649747
173,bcls,product,925222,0.24544263,LABATT - BUDWEISER CAN,,,Domestic - BC Beer,2.9,[],,32.29,False,False,,,"Budweiser has been brewed in Canada since 1980. Brewed using only the finest ingredients and Budweiser's exclusive Beechwood aging process, it has a smoothness and drinkability you will find in no other beer.
",,[],,,925222,,[],http://www.bcliquorstores.com/sites/default/files/imagecache/height400px/925222.jpeg,9368,2026-10-01 21:10:01,,15,['00062067335372'],False,,0.355,[],LABATT - BUDWEISER CAN,Lager,Canada,False,,2,2,,,False,192.0, BUDWEISER CAN,0.05,Domestic Beer,False,[],G,National Domestic Beer,LABATT ,CA,,Domestic - BC Commercial Beer,,False,False,0,32.29,,False,,,labatt - budweiser can,,,215,Beer,[],True,1000,1006,1131,49884.59999999999,302492.72,0.26625,121.27699530516432,0.9746192893401016
174,bcls,product,906354,0.24271375,LABATT - BUDWEISER CAN,,,Domestic - BC Beer,2.9,[],,49.29,False,False,,,"Budweiser has been brewed in Canada since 1980. Brewed using only the finest ingredients and Budweiser's exclusive Beechwood aging process, it has a smoothness and drinkability you will find in no other beer.
",,[],,,906354,,[],http://www.bcliquorstores.com/sites/default/files/imagecache/height400px/906354.jpeg,9912,2026-10-01 21:10:01,,24,['00062067335402'],False,,0.355,[],LABATT - BUDWEISER CAN,Lager,Canada,False,,2,2,,,False,192.0, BUDWEISER CAN,0.05,Domestic Beer,False,[],G,National Domestic Beer,LABATT ,CA,,Domestic - BC Commercial Beer,,False,False,0,49.29,,False,,,labatt - budweiser can,,,329,Beer,[],True,1000,1006,1131,84450.23999999999,488562.48,0.426,115.70422535211267,0.9746192893401016
175,bcls,product,38346,0.24271375,LABATT - BUDWEISER ZERO,,,De-Alcoholized Product,2.9,['Non-Alcoholic Drinks'],True,9.29,,,2026-09-27T00:00:00.000-07:00,,"Enjoy the same great taste of Budweiser you know and love without the alcohol. Bud Zero is a non-alc brew with 50 calories, 0 grams of sugar and is made for those who don't want to miss out on the full flavour and refreshment of Budweiser.
",2026-09-27T00:00:00.000-07:00,['On Sale'],2026-10-24T00:00:00.000-07:00,,38346,True,['Non-Alcoholic Drinks'],http://www.bcliquorstores.com/sites/default/files/imagecache/height400px/38346.jpeg,257,2026-10-01 21:10:01,,6,"['00062067381522', '00062067381553']",False,,0.355,[],LABATT - BUDWEISER ZERO,,Canada,False,,2,2,,,False,21.0, BUDWEISER ZERO,0.0001,De-Alcoholized Beer,False,['On Sale'],SR,,LABATT ,CA,,Beer And Refreshment De-Alcoholized Product,,False,False,0,6.97,,False,"[{'urlAlias': '/promotion/non-alcoholic', 'name': 'Non-Alcoholic Drinks', 'promoCode': '2024NOALCOHOL', 'published': True, 'shortName': ''}]","[{'urlAlias': '/promotion/non-alcoholic', 'name': 'Non-Alcoholic Drinks', 'promoCode': '2024NOALCOHOL', 'published': True, 'shortName': ''}]",labatt - budweiser zero,,2026-10-24T00:00:00.000-07:00,143,General Merchandise,"[{'id': 'empty-placeholder', 'label': '&nbsp;', 'labelLengthWithoutTags': 1}, {'id': 'featured', 'label': 'FEATURED', 'labelLengthWithoutTags': 8}]",True,1000,1009,1128,547.41,2387.5299999999997,0.000213,43615.0234741784,0.1065989847715736
176,bcls,product,411447,0.24544263,LABATT - BUSCH  CAN,,,Domestic - Other Province Beer,3.2,[],,26.29,False,False,,,"Busch Beer is made with the finest ingredients, including a blend of premium hops, exceptional barley malt, fine grains and crisp water. This recipe delivers a refreshingly smooth taste and easy finish.
",,[],,,411447,,[],http://www.bcliquorstores.com/sites/default/files/imagecache/height400px/411447.jpeg,4761,2026-10-01 21:10:01,,15,['00062067318375'],False,,0.355,[],LABATT - BUSCH  CAN,Lager,Canada,False,,2,2,,,False,126.0, BUSCH  CAN,0.047,Domestic Beer,False,[],G,National Domestic Beer,LABATT ,CA,,Domestic - Other Province Commercial Beer,,False,False,0,26.29,,False,,,labatt - busch  can,,,224,Beer,[],True,1000,1290,1138,25352.324999999997,125166.69,0.25027499999999997,105.04445110378585,0.6395939086294417
177,bcls,product,78246,0.24544263,LABATT - BUSCH 8 CANS,,,Domestic - BC Beer,4.1,[],,14.29,False,False,,,"Busch Beer is made with the finest ingredients, including a blend of premium hops, exceptional barley malt, fine grains, and crisp water. This recipe delivers a refreshingly smooth taste and easy finish.
",,[],,,78246,,[],http://www.bcliquorstores.com/sites/default/files/imagecache/height400px/78246.jpeg,1425,2026-10-01 21:10:01,,8,['00062067318450'],False,,0.355,[],LABATT - BUSCH 8 CANS,Other,Canada,False,,2,2,,,False,73.0, BUSCH 8 CANS,0.047,Domestic Beer,False,[],SR,National Domestic Beer,LABATT ,CA,,Domestic - BC Commercial Beer,,False,False,0,14.29,,False,,,labatt - busch 8 cans,,,22,Beer,[],True,1000,1006,1131,4047.0,20363.25,0.13348,107.05723703925682,0.37055837563451777
178,bcls,product,283143,0.24544263,LABATT - BUSCH CAN,,,Domestic - BC Beer,3.8,[],,40.49,False,False,,,"Busch Beer is made with the finest ingredients, including a blend of premium hops, exceptional barley malt, fine grains and crisp water. This recipe delivers a refreshingly smooth taste and easy finish.
",,[],,,283143,,[],http://www.bcliquorstores.com/sites/default/files/imagecache/height400px/283143.jpeg,1917,2026-10-01 21:10:01,,24,['00062067318405'],False,,0.355,[],LABATT - BUSCH CAN,Lager,Canada,False,,2,2,,,False,68.0, BUSCH CAN,0.047,Domestic Beer,False,[],G,National Domestic Beer,LABATT ,CA,,Domestic - BC Commercial Beer,,False,False,0,40.49,,False,,,labatt - busch can,,,77,Beer,[],True,1000,1006,1131,16332.839999999998,77619.33,0.40043999999999996,101.11377484766759,0.34517766497461927
179,bcls,product,656173,0.24271375,LABATT - BUSCH CAN,,,Domestic - Other Province Beer,4.4,['The Starting Lineup'],True,3.29,False,False,2026-09-27T00:00:00.000-07:00,,"Busch Beer is made with the finest ingredients, including a blend of premium hops, exceptional barley malt, fine grains and crisp water. This recipe delivers a refreshingly smooth taste and easy finish",2026-09-27T00:00:00.000-07:00,"['BCL Select', 'On Sale']",2026-10-24T00:00:00.000-07:00,,656173,True,['The Starting Lineup'],http://www.bcliquorstores.com/sites/default/files/imagecache/height400px/656173.jpeg,3543,2026-10-01 21:10:01,,1,['00062067318702'],False,,0.74,[],LABATT - BUSCH CAN,Pilsner,Canada,False,,2,2,,,False,104.0, BUSCH CAN,0.047,Domestic Beer,True,"['BCL Select', 'On Sale']",C,National Domestic Beer,LABATT ,CA,,Domestic - Other Province Commercial Beer,,False,False,0,2.79,,False,"[{'urlAlias': '/promotion/october-lineup', 'name': 'The Starting Lineup', 'promoCode': '2026OCTLINEUP', 'published': True, 'shortName': ''}]","[{'urlAlias': '/promotion/october-lineup', 'name': 'The Starting Lineup', 'promoCode': '2026OCTLINEUP', 'published': True, 'shortName': ''}]",labatt - busch can,,2026-10-24T00:00:00.000-07:00,19,Beer,"[{'id': 'featured', 'label': 'FEATURED', 'labelLengthWithoutTags': 8}, {'id': 'exclusive', 'label': 'ONLY@BCL', 'labelLengthWithoutTags': 8}]",True,1000,1290,1138,2621.82,11656.47,0.03478,94.5945945945946,0.5279187817258884
180,bcls,product,562892,0.24271375,LABATT - BUSCH LIGHT CAN,,,Domestic - Other Province Beer,4.3,[],,26.29,False,False,,,"Busch Light is brewed longer to create a lighter body and fewer calories while always delivering that classic, smooth taste. Light-bodied and malty with a crisp, clean finish. Serve with grilled sausage on a bun with your favourite toppings alongside kettle chips or coconut shrimp over rice.",,[],,,562892,,[],http://www.bcliquorstores.com/sites/default/files/imagecache/height400px/562892.jpeg,1499,2026-10-01 21:10:01,,15,['00062067508370'],False,,0.355,[],LABATT - BUSCH LIGHT CAN,Lager,Canada,False,,2,2,,,False,71.0, BUSCH LIGHT CAN,0.04,Domestic Beer,False,[],SR,National Domestic Beer,LABATT ,CA,,Domestic - Other Province Commercial Beer,,False,False,0,26.29,,False,,,labatt - busch light can,,,15,Beer,[],True,1000,1290,1138,7982.174999999999,39408.71,0.21299999999999997,123.42723004694837,0.3604060913705584
181,bcls,product,914051,0.24271375,LABATT - GENUINE LAGER CAN,,,Domestic - BC Beer,2.6,[],,44.49,False,False,,,"Originally introduced in 1992, Genuine Lager has evolved into a truly definitive Canadian lager. Balancing a blend of quality aromatic and bittering hops with its medium body, Genuine Lager is a smooth, refreshing and easy-drinking beer with a subtle hop aroma and a hint of malty sweetness.
",,[],,,914051,,[],http://www.bcliquorstores.com/sites/default/files/imagecache/height400px/914051.jpeg,931,2026-10-01 21:10:01,,24,['00062067310409'],False,,0.355,[],LABATT - GENUINE LAGER CAN,Lager,Canada,False,,2,2,,,False,69.0, GENUINE LAGER CAN,0.05,Domestic Beer,False,[],G,National Domestic Beer,LABATT ,CA,,Domestic - BC Commercial Beer,,False,False,0,44.49,,False,,,labatt - genuine lager can,,,116,Beer,[],True,1000,1006,1131,7932.12,41420.19,0.426,104.43661971830987,0.350253807106599
182,bcls,product,919373,0.24544263,LABATT - KOKANEE CAN,,,Domestic - BC Beer,3.1,[],,49.29,False,False,,,"Kokanee is a Canadian lager that provides a clean refreshing taste experience, with a very smooth finish.
",,[],,,919373,,[],http://www.bcliquorstores.com/sites/default/files/imagecache/height400px/919373.jpeg,3998,2026-10-01 21:10:01,,24,['00062067374401'],False,,0.355,[],LABATT - KOKANEE CAN,Pilsner,Canada,False,,2,2,,,False,190.0, KOKANEE CAN,0.05,Domestic Beer,False,[],G,National Domestic Beer,LABATT ,CA,,Domestic - BC Commercial Beer,,False,False,0,49.29,,False,,,labatt - kokanee can,,,234,Beer,[],True,1000,1006,1131,34062.96,197061.41999999998,0.426,115.70422535211267,0.9644670050761421
183,bcls,product,945543,0.24271375,LABATT - KOKANEE CAN,,,Domestic - BC Beer,2.8,[],,32.29,False,False,,,"Kokanee is a Canadian lager that provides a clean refreshing taste experience, with a very smooth finish.
",,[],,,945543,,[],http://www.bcliquorstores.com/sites/default/files/imagecache/height400px/945543.jpeg,4644,2026-10-01 21:10:01,,15,['00062067374371'],False,,0.355,[],LABATT - KOKANEE CAN,Pilsner,Canada,False,,2,2,,,False,184.0, KOKANEE CAN,0.05,Domestic Beer,False,[],G,National Domestic Beer,LABATT ,CA,,Domestic - BC Commercial Beer,,False,False,0,32.29,,False,,,labatt - kokanee can,,,157,Beer,[],True,1000,1006,1131,24729.299999999996,149954.76,0.26625,121.27699530516432,0.934010152284264
184,bcls,product,909101,0.24544263,LABATT - KOOTENAY TRUE ALE CAN,,,Domestic - BC Beer,3.9,[],,11.99,False,False,,,"Originated in British Columbia, this medium-bodied beer has a clean combination of black licorice-type ester character, a citrus fruity hop character and a slight malty aftertaste.
",,[],,,909101,,[],http://www.bcliquorstores.com/sites/default/files/imagecache/height400px/909101.jpeg,1227,2026-10-01 21:10:01,,6,['00062067123344'],False,,0.355,[],LABATT - KOOTENAY TRUE ALE CAN,Red Ale,Canada,False,,2,2,,,False,28.0, KOOTENAY TRUE ALE CAN,0.05,Domestic Beer,False,[],SR,National Domestic Beer,LABATT ,CA,,Domestic - BC Commercial Beer,,False,False,0,11.99,,False,,,labatt - kootenay true ale can,,,209,Beer,[],True,1000,1006,1131,2613.5099999999998,14711.73,0.1065,112.58215962441315,0.14213197969543148
185,bcls,product,222962,0.24271375,LABATT - LUCKY EXTRA CAN,,,Domestic - Other Province Beer,4.0,[],,12.49,False,False,,,"Lucky was introduced to beer drinkers in 1934. The name Lucky was selected from a name-search contest. Using select ingredients and hops, no preservatives and at 6% alcohol, Lucky is a lighter tasting, easy drinking beer that has stood the test of time.
",,[],,,222962,,[],http://www.bcliquorstores.com/sites/default/files/imagecache/height400px/222962.jpeg,507,2026-10-01 21:10:01,,8,['00062067825453'],False,,0.355,[],LABATT - LUCKY EXTRA CAN,Lager,Canada,False,,2,2,,,False,43.0, LUCKY EXTRA CAN,0.06,Domestic Beer,False,[],SR,National Domestic Beer,LABATT ,CA,,Domestic - Other Province Commercial Beer,,False,False,0,12.49,,False,,,labatt - lucky extra can,,,28,Beer,[],True,1000,1290,1138,1439.8799999999999,6332.43,0.1704,73.2981220657277,0.2182741116751269
186,bcls,product,156315,0.24544263,LABATT - LUCKY LAGER 24 CAN,,,Domestic - BC Beer,3.8,[],,40.49,False,False,,,"Lucky Lager was introduced to beer drinkers in 1934. The name Lucky was selected from a name-search contest. Fully fermented, Lucky Lager uses select ingredients and hops to deliver a remarkably clean, crisp-tasting beer.
",,[],,,156315,,[],http://www.bcliquorstores.com/sites/default/files/imagecache/height400px/156315.jpeg,2500,2026-10-01 21:10:01,,24,['00062067355400'],False,,0.355,[],LABATT - LUCKY LAGER 24 CAN,Lager,Canada,False,,2,2,,,False,58.0, LUCKY LAGER 24 CAN,0.05,Domestic Beer,False,[],G,National Domestic Beer,LABATT ,CA,,Domestic - BC Commercial Beer,,False,False,0,40.49,,False,,,labatt - lucky lager 24 can,,,117,Beer,[],True,1000,1006,1131,21300.0,101225.0,0.426,95.04694835680752,0.29441624365482233
187,bcls,product,165832,0.24544263,LABATT - LUCKY LAGER 36 CAN,,,Domestic - Other Province Beer,4.3,[],,58.99,False,False,,,"Lucky Lager was introduced to beer drinkers in 1934. The name Lucky was selected from a name-search contest. Fully fermented, Lucky Lager uses select ingredients and hops to deliver a remarkably clean, crisp-tasting beer.
",,['BCL Select'],,,165832,,[],http://www.bcliquorstores.com/sites/default/files/imagecache/height400px/165832.jpeg,1410,2026-10-01 21:10:01,,36,['00062067376481'],False,,0.355,[],LABATT - LUCKY LAGER 36 CAN,Lager,Canada,False,,2,2,,,False,81.0, LUCKY LAGER 36 CAN,0.048,Domestic Beer,True,['BCL Select'],C,National Domestic Beer,LABATT ,CA,,Domestic - Other Province Commercial Beer,,False,False,0,58.99,,False,,,labatt - lucky lager 36 can,,,51,Beer,"[{'id': 'empty-placeholder', 'label': '&nbsp;', 'labelLengthWithoutTags': 1}, {'id': 'exclusive', 'label': 'ONLY@BCL', 'labelLengthWithoutTags': 8}]",True,1000,1290,1138,18019.8,83175.90000000001,0.61344,96.16262389149713,0.41116751269035534
188,bcls,product,687491,0.24544263,LABATT - LUCKY LAGER CAN,,,Domestic - BC Beer,3.3,[],,15.29,False,False,,,"Lucky Lager was introduced to beer drinkers in 1934. The name Lucky was selected from a name-search contest. Fully fermented, Lucky Lager uses select ingredients and hops to deliver a remarkably clean, crisp-tasting beer.
",,[],,,687491,,[],http://www.bcliquorstores.com/sites/default/files/imagecache/height400px/687491.jpeg,3591,2026-10-01 21:10:01,,8,['00062067355455'],False,,0.355,[],LABATT - LUCKY LAGER CAN,Lager,Canada,False,,2,2,,,False,98.0, LUCKY LAGER CAN,0.05,Domestic Beer,False,[],G,National Domestic Beer,LABATT ,CA,,Domestic - BC Commercial Beer,,False,False,0,15.29,,False,,,labatt - lucky lager can,,,168,Beer,[],True,1000,1006,1131,10198.439999999999,54906.39,0.142,107.67605633802818,0.49746192893401014
189,bcls,product,682930,0.24271375,LABATT - LUCKY LAGER CAN,,,Domestic - BC Beer,3.4,[],True,26.29,False,False,2026-09-27T00:00:00.000-07:00,,"Lucky Lager was introduced to beer drinkers in 1934. The name Lucky was selected from a name-search contest. Fully fermented, Lucky Lager uses select ingredients and hops to deliver a remarkably clean, crisp-tasting beer.
",2026-09-27T00:00:00.000-07:00,['On Sale'],2026-10-24T00:00:00.000-07:00,,682930,True,[],http://www.bcliquorstores.com/sites/default/files/imagecache/height400px/682930.jpeg,5569,2026-10-01 21:10:01,,15,['00062067355370'],False,,0.355,[],LABATT - LUCKY LAGER CAN,Lager,Canada,False,,2,2,,,False,147.0, LUCKY LAGER CAN,0.05,Domestic Beer,False,['On Sale'],G,National Domestic Beer,LABATT ,CA,,Domestic - BC Commercial Beer,,False,False,0,25.29,,False,,,labatt - lucky lager can,,2026-10-24T00:00:00.000-07:00,223,Beer,[],True,1000,1006,1131,29654.924999999996,146409.01,0.26625,98.74178403755869,0.7461928934010152
190,bcls,product,91320,0.24271375,LABATT - LUCKY LAGER TALL CAN,,,Domestic - BC Beer,4.5,[],,2.59,False,False,,,"Lucky Lager was introduced to beer drinkers in 1934. The name Lucky was selected from a name-search contest. Fully fermented, Lucky Lager uses select ingredients and hops to deliver a remarkably clean, crisp-tasting beer.",,[],,,91320,,[],http://www.bcliquorstores.com/sites/default/files/imagecache/height400px/91320.jpeg,1820,2026-10-01 21:10:01,,1,['00062067381423'],False,,0.473,[],LABATT - LUCKY LAGER TALL CAN,Lager,Canada,False,,2,2,,,False,50.0, LUCKY LAGER TALL CAN,0.05,Domestic Beer,False,[],SR,National Domestic Beer,LABATT ,CA,,Domestic - BC Commercial Beer,,False,False,0,2.59,,False,,,labatt - lucky lager tall can,,,19,Beer,[],True,1000,1006,1131,860.8599999999999,4713.8,0.02365,109.5137420718816,0.25380710659898476
191,bcls,product,132010,0.24544263,LABATT - MICHELOB ULTRA 6 CAN,,,Domestic - Other Province Beer,3.4,[],,13.79,False,False,,,"Containing 90 calories, 3 grams of carbs and 0 grams of sugar per 355 ml serving, Michelob Ultra is a light lager brewed with the perfect balance of hops and grains, producing a light citrus aroma and a crisp, refreshing finish.
",,[],,,132010,,[],http://www.bcliquorstores.com/sites/default/files/imagecache/height400px/132010.jpeg,2876,2026-10-01 21:10:01,,6,['00062067377747'],False,,0.355,[],LABATT - MICHELOB ULTRA 6 CAN,Lager,Canada,False,,2,2,,,False,139.0, MICHELOB ULTRA 6 CAN,0.04,Domestic Beer,False,[],SR,National Domestic Beer,LABATT ,CA,,Domestic - Other Province Commercial Beer,,False,False,0,13.79,,False,,,labatt - michelob ultra 6 can,,,67,Beer,[],True,1000,1290,1138,6125.88,39660.04,0.0852,161.8544600938967,0.7055837563451777
192,bcls,product,723075,0.24544263,LABATT - MICHELOB ULTRA CAN,,,Domestic - Other Province Beer,3.9,['Our Best Sellers'],,38.99,False,False,,,"Containing 90 calories, 3 grams of carbs and 0 grams of sugar per 355 ml serving, Michelob Ultra is a superior light beer brewed with a perfect balance of hops and grains, delivering a crisp finish and light citrus aroma for active enjoyment.",,['BCL Select'],,,723075,,['Our Best Sellers'],http://www.bcliquorstores.com/sites/default/files/imagecache/height400px/723075.jpeg,1477,2026-10-01 21:10:01,,18,['00062067547591'],False,,0.355,[],LABATT - MICHELOB ULTRA CAN,Lager,Canada,False,,2,2,,,False,98.0, MICHELOB ULTRA CAN,0.04,Domestic Beer,True,['BCL Select'],C,National Domestic Beer,LABATT ,CA,,Domestic - Other Province Commercial Beer,,False,False,0,38.99,,False,"[{'urlAlias': '/promotion/best-sellers', 'name': 'Our Best Sellers', 'promoCode': 'MARCH2026BESTSELLERS', 'published': True, 'shortName': ''}]","[{'urlAlias': '/promotion/best-sellers', 'name': 'Our Best Sellers', 'promoCode': 'MARCH2026BESTSELLERS', 'published': True, 'shortName': ''}]",labatt - michelob ultra can,,,27,Beer,"[{'id': 'featured', 'label': 'FEATURED', 'labelLengthWithoutTags': 8}, {'id': 'exclusive', 'label': 'ONLY@BCL', 'labelLengthWithoutTags': 8}]",True,1000,1290,1138,9438.029999999999,57588.23,0.2556,152.54303599374023,0.49746192893401014
193,bcls,product,664745,0.24271375,LABATT - MICHELOB ULTRA ZERO CAN,,,De-Alcoholized Product,3.4,['Non-Alcoholic Drinks'],,9.99,,,,,"Ultra Zero is an alcohol-free brew that delivers all the flavour and refreshment of customer-favourite beer, Michelob Ultra. It is a light, malty beer with hints of citrus and orchard fruit on the palate. Ultra Zero measures 0.0 % alcohol by volume and just 30 calories per 355mL can.",,[],,,664745,,['Non-Alcoholic Drinks'],http://www.bcliquorstores.com/sites/default/files/imagecache/height400px/664745.jpeg,1843,2026-10-01 21:10:01,,6,['00062067427152'],False,,0.355,[],LABATT - MICHELOB ULTRA ZERO CAN,,Canada,False,,2,2,,,False,119.0, MICHELOB ULTRA ZERO CAN,0.0,De-Alcoholized Beer,False,[],SR,,LABATT ,CA,,Beer And Refreshment De-Alcoholized Product,,False,False,0,9.99,,False,"[{'urlAlias': '/promotion/non-alcoholic', 'name': 'Non-Alcoholic Drinks', 'promoCode': '2024NOALCOHOL', 'published': True, 'shortName': ''}]","[{'urlAlias': '/promotion/non-alcoholic', 'name': 'Non-Alcoholic Drinks', 'promoCode': '2024NOALCOHOL', 'published': True, 'shortName': ''}]",labatt - michelob ultra zero can,,,5,General Merchandise,"[{'id': 'empty-placeholder', 'label': '&nbsp;', 'labelLengthWithoutTags': 1}, {'id': 'featured', 'label': 'FEATURED', 'labelLengthWithoutTags': 8}]",True,1000,1009,1128,3925.5899999999997,18411.57,0.0,inf,0.6040609137055838
194,bcls,product,861245,0.24544263,LABATT - WILDCAT LAGER CAN,,,Domestic - BC Beer,2.7,[],,9.79,False,False,,,"Wildcat is a popular priced, quality lager introduced in 1993. Conventional brewing processes are used to produce a quality, mainstream lager using corn adjunct to deliver a light, dry flavour.
",,[],,,861245,,[],http://www.bcliquorstores.com/sites/default/files/imagecache/height400px/861245.jpeg,1144,2026-10-01 21:10:01,,6,"['00062067366345', '00626990181408']",False,,0.355,[],LABATT - WILDCAT LAGER CAN,Lager,Canada,False,,2,2,,,False,61.0, WILDCAT LAGER CAN,0.061,Domestic Beer,False,[],G,National Domestic Beer,LABATT ,CA,,Domestic - BC Commercial Beer,,False,False,0,9.79,,False,,,labatt - wildcat lager can,,,111,Beer,[],True,1000,1006,1131,2436.72,11199.759999999998,0.12993,75.34826445008851,0.3096446700507614
195,bcls,product,905646,0.24271375,LABATT - WILDCAT STRONG CAN,,,Domestic - BC Beer,3.3,[],,27.99,False,False,,,"Wildcat is a popular priced, quality lager introduced in 1993. Conventional brewing processes are used to produce a quality, mainstream lager using corn adjunct to deliver a light, dry flavour.
",,[],,,905646,,[],http://www.bcliquorstores.com/sites/default/files/imagecache/height400px/905646.jpeg,1069,2026-10-01 21:10:01,,15,"['00062067366376', '00062067340376']",False,,0.355,[],LABATT - WILDCAT STRONG CAN,Lager,Canada,False,,2,2,,,False,68.0, WILDCAT STRONG CAN,0.061,Domestic Beer,False,[],G,National Domestic Beer,LABATT ,CA,,Domestic - BC Commercial Beer,,False,False,0,27.99,,False,,,labatt - wildcat strong can,,,156,Beer,[],True,1000,1006,1131,5692.424999999999,29921.309999999998,0.324825,86.16947587162318,0.34517766497461927
196,bcls,product,315457,0.24544263,LEFFE BLONDE,,,Import Beer,4.0,[],,17.79,False,False,,,"Leffe Blonde is an authentic blonde abbey beer with a slight hint of bitterness to it. It is delicate but characteristic, Leffe Blonde is the tasting beer par excellence: it gives an extra touch of flavour to simple dishes and lightly accompanies your fried foods. Aroma: Floral and spicy with notes of vanilla and cloves. Taste: The strong malty aroma of Leffe Blonde reveals a sweet bitterness in perfect harmony with notes of vanilla and clove. Perfect to enhance the taste of Abbey cheese, St. Jacques scallops and crème brûlée.
",,[],,,315457,,[],http://www.bcliquorstores.com/sites/default/files/imagecache/height400px/315457.jpeg,497,2026-10-01 21:10:01,,6,"['00786150000243', '00786150000304']",False,,0.33,[],LEFFE BLONDE,Blonde Ale,Belgium,False,,2,2,,,False,65.0,LEFFE BLONDE,0.066,Import Beer,False,[],SR,,,BE,,Europe Beer,,False,False,0,17.79,,False,,,leffe blonde,,,184,Beer,[],True,1000,1007,1188,984.06,8841.63,0.13068000000000002,136.13406795224975,0.3299492385786802
197,bcls,product,97105,0.24271375,LIGHTHOUSE - SHIPWRECK IPA CAN,,,Domestic - BC Beer,4.2,[],,15.29,True,False,,,"A west-coast IPA featuring premium southern hemisphere hops, bringing stone fruit and citrus notes with a crisp refreshing finish. Double dry hopping increases this premium IPA's tropical and citrus hop flavours.
",,[],,,97105,,[],http://www.bcliquorstores.com/sites/default/files/imagecache/height400px/97105.jpeg,1,2026-09-28 08:10:01,,6,['00895778000273'],False,,0.355,[],LIGHTHOUSE - SHIPWRECK IPA CAN,Other,Canada,True,,3,3,,,False,1.0, SHIPWRECK IPA CAN,0.065,Domestic Beer,False,[],SR,BC Craft Beer,LIGHTHOUSE ,CA,,Domestic - BC Micro Brew Beer,,False,False,0,15.29,,False,,,lighthouse - shipwreck ipa can,,,121,Beer,[],True,1000,1006,1133,2.13,15.29,0.13845,110.43698085951607,0.005076142131979695
198,bcls,product,667720,0.24544263,LIGHTHOUSE BREWING - RACE ROCKS CAN,,,Domestic - BC Beer,4.0,[],,15.79,False,False,,,False,,[],,,667720,,[],http://www.bcliquorstores.com/sites/default/files/imagecache/height400px/667720.jpeg,806,2026-10-01 21:10:01,,8,['00818278007887'],False,,0.355,[],LIGHTHOUSE BREWING - RACE ROCKS CAN,Amber Ale,Canada,True,,2,2,,,False,46.0, RACE ROCKS CAN,0.052000000000000005,Domestic Beer,False,[],SR,BC Craft Beer,LIGHTHOUSE BREWING ,CA,,Domestic - BC Micro Brew Beer,,False,False,0,15.79,,False,,,lighthouse brewing - race rocks can,,,28,Beer,[],True,1000,1006,1133,2289.04,12726.74,0.14768,106.92036836403032,0.233502538071066
199,bcls,product,667723,0.24271375,LIGHTHOUSE BREWING - SHIPWRECK IPA CAN,,,Domestic - BC Beer,4.1,[],,15.79,False,False,,,False,,[],,,667723,,[],http://www.bcliquorstores.com/sites/default/files/imagecache/height400px/667723.jpeg,1590,2026-10-01 21:10:01,,8,['00818278007894'],False,,0.355,[],LIGHTHOUSE BREWING - SHIPWRECK IPA CAN,India Pale Ale,Canada,True,,2,2,,,False,100.0, SHIPWRECK IPA CAN,0.065,Domestic Beer,False,[],SR,BC Craft Beer,LIGHTHOUSE BREWING ,CA,,Domestic - BC Micro Brew Beer,,False,False,0,15.79,,False,,,lighthouse brewing - shipwreck ipa can,,,9,Beer,[],True,1000,1006,1133,4515.599999999999,25106.1,0.1846,85.53629469122427,0.5076142131979695
200,bcls,product,236585,0.24544263,MICHELOB - ULTRA SLEEK 24 CAN,,,Domestic - Other Province Beer,4.1,[],,51.99,False,False,,,"Containing 90 calories, 3 grams of carbs and 0 grams of sugar per 355 ml serving, Michelob Ultra is a light lager brewed with the perfect balance of hops and grains, producing a light citrus aroma and a crisp, refreshing finish.
",,[],,,236585,,[],http://www.bcliquorstores.com/sites/default/files/imagecache/height400px/236585.jpeg,2671,2026-10-01 21:10:01,,24,"['00062067547874', '00062067375828']",False,,0.355,[],MICHELOB - ULTRA SLEEK 24 CAN,Lager,Canada,False,,2,2,,,False,96.0, ULTRA SLEEK 24 CAN,0.04,Domestic Beer,False,[],SR,National Domestic Beer,MICHELOB ,CA,,Domestic - Other Province Commercial Beer,,False,False,0,51.99,,False,,,michelob - ultra sleek 24 can,,,56,Beer,[],True,1000,1290,1138,22756.92,138865.29,0.3408,152.55281690140845,0.4873096446700508
201,bcls,product,233737,0.24271375,MICHELOB - ULTRA SLEEK CAN,,,Domestic - Other Province Beer,3.7,['The Starting Lineup'],True,34.49,False,False,2026-09-27T00:00:00.000-07:00,,"Containing 90 calories, 3 grams of carbs and 0 grams of sugar per 355 ml serving, Michelob Ultra is a light lager brewed with the perfect balance of hops and grains, producing a light citrus aroma and a crisp, refreshing finish.
",2026-09-27T00:00:00.000-07:00,['On Sale'],2026-10-24T00:00:00.000-07:00,,233737,True,['The Starting Lineup'],http://www.bcliquorstores.com/sites/default/files/imagecache/height400px/233737.jpeg,3657,2026-10-01 21:10:01,,15,"['00062067376184', '00062067376283']",False,,0.355,[],MICHELOB - ULTRA SLEEK CAN,Lager,Canada,False,,2,2,,,False,154.0, ULTRA SLEEK CAN,0.04,Domestic Beer,False,['On Sale'],G,National Domestic Beer,MICHELOB ,CA,,Domestic - Other Province Commercial Beer,,False,False,0,29.99,,False,"[{'urlAlias': '/promotion/october-lineup', 'name': 'The Starting Lineup', 'promoCode': '2026OCTLINEUP', 'published': True, 'shortName': ''}]","[{'urlAlias': '/promotion/october-lineup', 'name': 'The Starting Lineup', 'promoCode': '2026OCTLINEUP', 'published': True, 'shortName': ''}]",michelob - ultra sleek can,,2026-10-24T00:00:00.000-07:00,200,Beer,"[{'id': 'empty-placeholder', 'label': '&nbsp;', 'labelLengthWithoutTags': 1}, {'id': 'featured', 'label': 'FEATURED', 'labelLengthWithoutTags': 8}]",True,1000,1290,1138,19473.524999999998,126129.93000000001,0.21299999999999997,161.92488262910803,0.7817258883248731
202,bcls,product,170682,0.24271375,MICHELOB - ULTRA SLEEK TALL CAN,,,Domestic - Other Province Beer,3.8,[],,3.29,False,False,,,"Containing 90 calories, 3 grams of carbs and 0 grams of sugar per 355 ml serving, Michelob Ultra is a light lager brewed with the perfect balance of hops and grains, producing a light citrus aroma and a crisp, refreshing finish.
",,[],,,170682,,[],http://www.bcliquorstores.com/sites/default/files/imagecache/height400px/170682.jpeg,3933,2026-10-01 21:10:01,,1,['00062067547355'],False,,0.473,[],MICHELOB - ULTRA SLEEK TALL CAN,Lager,Canada,False,,2,2,,,False,78.0, ULTRA SLEEK TALL CAN,0.04,Domestic Beer,False,[],SR,National Domestic Beer,MICHELOB ,CA,,Domestic - Other Province Commercial Beer,,False,False,0,3.29,,False,,,michelob - ultra sleek tall can,,,17,Beer,[],True,1000,1290,1138,1860.309,12939.57,0.01892,173.89006342494716,0.39593908629441626
203,bcls,product,145207,0.24271375,MILLER GENUINE DRAFT,,,Domestic - Other Province Beer,3.3,[],,31.99,False,False,,,"Miller Genuine Draft delivers a fresh-from-the-tap taste as a result of the perfect balance of high-quality ingredients and industry-leading innovations, such as their proprietary ""four times filtration"" brewing process. Put simply, it's an exceptionally smooth and refreshing draft beer in a bottle.
",,[],,,145207,,[],http://www.bcliquorstores.com/sites/default/files/imagecache/height400px/145207.jpeg,1949,2026-10-01 21:10:01,,12,['00056327012370'],False,,0.355,[],MILLER GENUINE DRAFT,Lager,Canada,False,,2,2,,,False,140.0,MILLER GENUINE DRAFT,0.047,Domestic Beer,False,[],G,National Domestic Beer,,CA,,Domestic - Other Province Commercial Beer,,False,False,0,31.99,,False,,,miller genuine draft,,,106,Beer,[],True,1000,1290,1138,8302.74,62348.509999999995,0.20021999999999998,159.77424832684048,0.7106598984771574
204,bcls,product,145216,0.24271375,MILLER GENUINE DRAFT,,,Domestic - Other Province Beer,3.0,[],,16.79,False,False,,,"Miller Genuine Draft delivers a fresh-from-the-tap taste as a result of the perfect balance of high-quality ingredients and industry-leading innovations, such as their proprietary ""four times filtration"" brewing process. Put simply, it's an exceptionally smooth and refreshing draft beer in a bottle.
",,[],,,145216,,[],http://www.bcliquorstores.com/sites/default/files/imagecache/height400px/145216.jpeg,2160,2026-10-01 21:10:01,,6,"['00056327012387', '00056327012417']",False,,0.355,[],MILLER GENUINE DRAFT,Lager,Canada,False,,2,2,,,False,130.0,MILLER GENUINE DRAFT,0.047,Domestic Beer,False,[],G,National Domestic Beer,,CA,,Domestic - Other Province Commercial Beer,,False,False,0,16.79,,False,,,miller genuine draft,,,64,Beer,[],True,1000,1290,1138,4600.8,36266.4,0.10010999999999999,167.71551293577065,0.6598984771573604
205,bcls,product,695023,0.24544263,MILLER GENUINE DRAFT - CAN,,,Domestic - BC Beer,2.9,[],True,33.99,False,False,2026-09-27T00:00:00.000-07:00,,"Miller Genuine Draft delivers a fresh-from-the-tap taste as a result of the perfect balance of high-quality ingredients and industry-leading innovations, such as their proprietary ""four times filtration"" brewing process. Put simply, it's an exceptionally smooth and refreshing draft beer in a bottle.
",2026-09-27T00:00:00.000-07:00,['On Sale'],2026-10-24T00:00:00.000-07:00,,695023,True,[],http://www.bcliquorstores.com/sites/default/files/imagecache/height400px/695023.jpeg,1564,2026-10-01 21:10:01,,15,"['00056327533271', '00056327012271']",False,,0.355,[],MILLER GENUINE DRAFT - CAN,Lager,Canada,False,,2,2,,,False,96.0, CAN,0.047,Domestic Beer,False,['On Sale'],G,National Domestic Beer,MILLER GENUINE DRAFT ,CA,,Domestic - BC Commercial Beer,,False,False,0,29.99,,False,,,miller genuine draft - can,,2026-10-24T00:00:00.000-07:00,97,Beer,[],True,1000,1006,1131,8328.3,53160.36,0.25027499999999997,135.81060833083612,0.4873096446700508
206,bcls,product,261597,0.24544263,MILLER HIGH LIFE,,,Domestic - Other Province Beer,3.9,['The Starting Lineup'],True,21.99,False,False,2026-09-27T00:00:00.000-07:00,,,2026-09-27T00:00:00.000-07:00,['On Sale'],2026-10-24T00:00:00.000-07:00,,261597,True,['The Starting Lineup'],http://www.bcliquorstores.com/sites/default/files/imagecache/height400px/261597.jpeg,2412,2026-10-01 21:10:01,,12,['00056327017665'],False,,0.355,[],MILLER HIGH LIFE,Lager,Canada,False,,2,2,,,False,125.0,MILLER HIGH LIFE,0.046,Domestic Beer,False,['On Sale'],SR,National Domestic Beer,,CA,,Domestic - Other Province Commercial Beer,,False,False,0,19.99,,False,"[{'urlAlias': '/promotion/october-lineup', 'name': 'The Starting Lineup', 'promoCode': '2026OCTLINEUP', 'published': True, 'shortName': ''}]","[{'urlAlias': '/promotion/october-lineup', 'name': 'The Starting Lineup', 'promoCode': '2026OCTLINEUP', 'published': True, 'shortName': ''}]",miller high life,,2026-10-24T00:00:00.000-07:00,94,Beer,"[{'id': 'empty-placeholder', 'label': '&nbsp;', 'labelLengthWithoutTags': 1}, {'id': 'featured', 'label': 'FEATURED', 'labelLengthWithoutTags': 8}]",True,1000,1290,1138,10275.119999999999,53039.88,0.19596,112.21677893447642,0.6345177664974619
207,bcls,product,120799,0.24271375,MILLER HIGH LIFE - CAN,,,Domestic - BC Beer,3.6,[],,26.99,False,False,,,"Miller High Life is an American-style Lager. Balanced, approachable and refreshing, it's known for its perfect storm of tiny bubbles. For more than 100 years, Miller High Life has been known as the Champagne of Beers.
",,[],,,120799,,[],http://www.bcliquorstores.com/sites/default/files/imagecache/height400px/120799.jpeg,2729,2026-10-01 21:10:01,,15,['00056327012066'],False,,0.355,[],MILLER HIGH LIFE - CAN,Lager,Canada,False,,2,2,,,False,129.0, CAN,0.046,Domestic Beer,False,[],G,National Domestic Beer,MILLER HIGH LIFE ,CA,,Domestic - BC Commercial Beer,,False,False,0,26.99,,False,,,miller high life - can,,,176,Beer,[],True,1000,1006,1131,14531.924999999997,73655.70999999999,0.24494999999999997,110.18575219432537,0.6548223350253807
208,bcls,product,145222,0.24271375,MILLER LITE - CAN,,,Domestic - Other Province Beer,3.5,[],,34.99,False,False,,,"Miller Lite is a great-tasting pilsner, with hop-forward flavour and solid malt character. It's smooth with a light-to-medium body and a crisp, clean finish.
",,[],,,145222,,[],http://www.bcliquorstores.com/sites/default/files/imagecache/height400px/145222.jpeg,1928,2026-10-01 21:10:01,,15,['00056327012103'],False,,0.355,[],MILLER LITE - CAN,Lager,Canada,False,,2,2,,,False,109.0, CAN,0.04,Domestic Beer,False,[],G,National Domestic Beer,MILLER LITE ,CA,,Domestic - Other Province Commercial Beer,,False,False,0,34.99,,False,,,miller lite - can,,,124,Beer,[],True,1000,1290,1138,10266.599999999999,67460.72,0.21299999999999997,164.2723004694836,0.5532994923857868
209,bcls,product,368197,0.24271375,MILLER LITE - CAN,,,Domestic - BC Beer,4.2,[],,18.99,False,False,,,"Miller Lite is known as the original light beer, first introduced in 1975. Subtle toasted grain, citrus and fruity aromas are followed up by flavours of cereal and malt, with a hint of hop bitterness on a crisp finish. Refreshing and easy-drinking, with a clean, pleasant aftertaste. ",,[],,,368197,,[],http://www.bcliquorstores.com/sites/default/files/imagecache/height400px/368197.jpeg,926,2026-10-01 21:10:01,,8,['00056327023987'],False,,0.355,[],MILLER LITE - CAN,Pilsner,Canada,False,,2,2,,,False,71.0, CAN,0.04,Domestic Beer,False,[],SR,National Domestic Beer,MILLER LITE ,CA,,Domestic - BC Commercial Beer,,False,False,0,18.99,,False,,,miller lite - can,,,14,Beer,[],True,1000,1006,1131,2629.8399999999997,17584.739999999998,0.11359999999999999,167.16549295774647,0.3604060913705584
210,bcls,product,271070,0.24271375,MODELO - ESPECIAL CAN,,,Domestic - Other Province Beer,4.3,[],,31.79,False,False,,,"Brewed as a model of what good beer should be, this rich, full-flavoured pilsner-style lager delivers a crisp, refreshing taste. Well-balanced taste and light hop character with a crisp, clean finish. Modelo Especial is characterized by an orange blossom honey aroma with a hint of herb.",,['BCL Select'],,,271070,,[],http://www.bcliquorstores.com/sites/default/files/imagecache/height400px/271070.jpeg,1476,2026-10-01 21:10:01,,12,['00062067425554'],False,,0.355,[],MODELO - ESPECIAL CAN,Lager,Canada,False,,2,2,,,False,110.0, ESPECIAL CAN,0.045,Domestic Beer,True,['BCL Select'],C,National Domestic Beer,MODELO ,CA,,Domestic - Other Province Commercial Beer,,False,False,0,31.79,,False,,,modelo - especial can,,,19,Beer,"[{'id': 'empty-placeholder', 'label': '&nbsp;', 'labelLengthWithoutTags': 1}, {'id': 'exclusive', 'label': 'ONLY@BCL', 'labelLengthWithoutTags': 8}]",True,1000,1290,1138,6287.759999999999,46922.04,0.19169999999999998,165.8320292123109,0.5583756345177665
211,bcls,product,6619,0.24271375,MODELO ESPECIAL,,,Import Beer,4.1,[],,17.79,False,False,,,"Brewed as a model of what good beer should be, this rich, full-flavoured pilsner-style lager delivers a crisp, refreshing taste. Well-balanced taste and light hop character with a crisp, clean finish. Modelo Especial is characterized by an orange blossom honey aroma with a hint of herb.
",,[],,,6619,,[],http://www.bcliquorstores.com/sites/default/files/imagecache/height400px/6619.jpeg,2674,2026-10-01 21:10:01,,6,['07501064196379'],False,,0.355,[],MODELO ESPECIAL,Pilsner,Mexico,False,,2,2,,,False,134.0,MODELO ESPECIAL,0.044000000000000004,Import Beer,False,[],SR,,,MX,,Mexico And Caribbean Beer,,False,False,0,17.79,,False,,,modelo especial,,,76,Beer,[],True,1000,1007,1191,5695.62,47570.46,0.09372,189.82074263764403,0.6802030456852792
212,bcls,product,923318,0.24271375,MOLSON - CANADIAN CAN,,,Domestic - BC Beer,2.9,['The Starting Lineup'],True,32.29,False,False,2026-09-27T00:00:00.000-07:00,,"Brewed with Canadian water, prairie barley and no preservatives, this lager is as clean, crisp and fresh as the country it comes from. Molson Canadian earns its name with an iconic taste derived from authentic Canadian ingredients.
",2026-09-27T00:00:00.000-07:00,['On Sale'],2026-10-24T00:00:00.000-07:00,,923318,True,['The Starting Lineup'],http://www.bcliquorstores.com/sites/default/files/imagecache/height400px/923318.jpeg,6836,2026-10-01 21:10:01,,15,['00056327073272'],False,,0.355,[],MOLSON - CANADIAN CAN,Lager,Canada,False,,2,2,,,False,180.0, CANADIAN CAN,0.05,Domestic Beer,False,['On Sale'],G,National Domestic Beer,MOLSON ,CA,,Domestic - BC Commercial Beer,,False,False,0,25.99,,False,"[{'urlAlias': '/promotion/october-lineup', 'name': 'The Starting Lineup', 'promoCode': '2026OCTLINEUP', 'published': True, 'shortName': ''}]","[{'urlAlias': '/promotion/october-lineup', 'name': 'The Starting Lineup', 'promoCode': '2026OCTLINEUP', 'published': True, 'shortName': ''}]",molson - canadian can,,2026-10-24T00:00:00.000-07:00,213,Beer,"[{'id': 'empty-placeholder', 'label': '&nbsp;', 'labelLengthWithoutTags': 1}, {'id': 'featured', 'label': 'FEATURED', 'labelLengthWithoutTags': 8}]",True,1000,1006,1131,36401.7,220734.44,0.26625,121.27699530516432,0.9137055837563451
213,bcls,product,904375,0.24544263,MOLSON CANADIAN,,,Domestic - BC Beer,2.5,[],,38.79,False,False,,,"Brewed with Canadian water, prairie barley and no preservatives, this lager is as clean, crisp and fresh as the country it comes from. Molson Canadian earns its name with an iconic taste derived from authentic Canadian ingredients.",,[],,,904375,,[],http://www.bcliquorstores.com/sites/default/files/imagecache/height400px/904375.jpeg,18,2026-10-01 21:10:01,,18,['00056327072565'],False,,0.341,[],MOLSON CANADIAN,Lager,Canada,False,,2,2,,,False,2.0,MOLSON CANADIAN,0.05,Domestic Beer,False,[],SR,National Domestic Beer,,CA,,Domestic - BC Commercial Beer,,False,False,0,38.79,,False,,,molson canadian,,,127,Beer,[],True,1000,1006,1131,110.48400000000001,698.22,0.30690000000000006,126.39296187683281,0.01015228426395939
214,bcls,product,900118,0.24271375,MOLSON CANADIAN,,,Domestic - BC Beer,2.8,[],True,29.29,False,False,2026-09-27T00:00:00.000-07:00,,"Brewed with Canadian water, prairie barley and no preservatives, this lager is as clean, crisp and fresh as the country it comes from. Molson Canadian earns its name with an iconic taste derived from authentic Canadian ingredients.
",2026-09-27T00:00:00.000-07:00,['On Sale'],2026-10-24T00:00:00.000-07:00,,900118,True,[],http://www.bcliquorstores.com/sites/default/files/imagecache/height400px/900118.jpeg,1624,2026-10-01 21:10:01,,12,['00056327072558'],False,,0.341,[],MOLSON CANADIAN,Lager,Canada,False,,2,2,,,False,130.0,MOLSON CANADIAN,0.05,Domestic Beer,False,['On Sale'],SR,National Domestic Beer,,CA,,Domestic - BC Commercial Beer,,False,False,0,24.99,,False,,,molson canadian,,2026-10-24T00:00:00.000-07:00,193,Beer,[],True,1000,1006,1131,6645.408000000001,47566.96,0.20460000000000003,143.15738025415442,0.6598984771573604
215,bcls,product,104083,0.24544263,MOLSON CANADIAN - CAN,,,Domestic - BC Beer,3.0,[],,17.79,False,False,,,"Brewed with Canadian water, prairie barley and no preservatives, this lager is as clean, crisp and fresh as the country it comes from. Molson Canadian earns its name with an iconic taste derived from authentic Canadian ingredients.
",,[],,,104083,,[],http://www.bcliquorstores.com/sites/default/files/imagecache/height400px/104083.jpeg,5530,2026-10-01 21:10:01,,8,"['00056327018112', '00056327073203']",False,,0.355,[],MOLSON CANADIAN - CAN,Lager,Canada,False,,2,2,,,False,190.0, CAN,0.05,Domestic Beer,False,[],SR,National Domestic Beer,MOLSON CANADIAN ,CA,,Domestic - BC Commercial Beer,,False,False,0,17.79,,False,,,molson canadian - can,,,113,Beer,[],True,1000,1006,1131,15705.199999999999,98378.7,0.142,125.28169014084507,0.9644670050761421
216,bcls,product,447052,0.24544263,MOLSON CANADIAN - CAN,,,Domestic - BC Beer,4.3,['Our Best Sellers'],,68.79,False,False,,,"Brewed with Canadian water, prairie barley and no preservatives, this lager is as clean, crisp and fresh as the country it comes from. Molson Canadian earns its name with an iconic taste derived from authentic Canadian ingredients.
",,['BCL Select'],,,447052,,['Our Best Sellers'],http://www.bcliquorstores.com/sites/default/files/imagecache/height400px/447052.jpeg,4565,2026-10-01 21:10:01,,36,['00056327005648'],False,,0.355,[],MOLSON CANADIAN - CAN,Lager,Canada,False,,2,2,,,False,149.0, CAN,0.05,Domestic Beer,True,['BCL Select'],C,National Domestic Beer,MOLSON CANADIAN ,CA,,Domestic - BC Commercial Beer,,False,False,0,68.79,,False,"[{'urlAlias': '/promotion/best-sellers', 'name': 'Our Best Sellers', 'promoCode': 'MARCH2026BESTSELLERS', 'published': True, 'shortName': ''}]","[{'urlAlias': '/promotion/best-sellers', 'name': 'Our Best Sellers', 'promoCode': 'MARCH2026BESTSELLERS', 'published': True, 'shortName': ''}]",molson canadian - can,,,207,Beer,"[{'id': 'featured', 'label': 'FEATURED', 'labelLengthWithoutTags': 8}, {'id': 'exclusive', 'label': 'ONLY@BCL', 'labelLengthWithoutTags': 8}]",True,1000,1006,1131,58340.7,314026.35000000003,0.639,107.65258215962442,0.7563451776649747
217,bcls,product,905844,0.24271375,MOLSON CANADIAN - CAN,,,Domestic - BC Beer,3.2,[],,49.29,False,False,,,"Brewed with Canadian water, prairie barley and no preservatives, this lager is as clean, crisp and fresh as the country it comes from. Molson Canadian earns its name with an iconic taste derived from authentic Canadian ingredients.
",,[],,,905844,,[],http://www.bcliquorstores.com/sites/default/files/imagecache/height400px/905844.jpeg,8041,2026-10-01 21:10:01,,24,['00056327073241'],False,,0.355,[],MOLSON CANADIAN - CAN,Lager,Canada,False,,2,2,,,False,184.0, CAN,0.05,Domestic Beer,False,[],G,National Domestic Beer,MOLSON CANADIAN ,CA,,Domestic - BC Commercial Beer,,False,False,0,49.29,,False,,,molson canadian - can,,,296,Beer,[],True,1000,1006,1131,68509.31999999999,396340.89,0.426,115.70422535211267,0.934010152284264
218,bcls,product,127563,0.24544263,MOLSON CANADIAN - CAN TALL CAN,,,Domestic - BC Beer,3.0,[],,3.99,False,False,,,"Brewed with Canadian water, prairie barley and no preservatives, this lager is as clean, crisp and fresh as the country it comes from. Molson Canadian earns its name with an iconic taste derived from authentic Canadian ingredients.
",,[],,,127563,,[],http://www.bcliquorstores.com/sites/default/files/imagecache/height400px/127563.jpeg,5188,2026-10-01 21:10:01,,1,"['00056327006010', '00068213034519']",False,,0.71,[],MOLSON CANADIAN - CAN TALL CAN,Lager,Canada,False,,2,2,,,False,101.0, CAN TALL CAN,0.05,Domestic Beer,False,[],SR,National Domestic Beer,MOLSON CANADIAN ,CA,,Domestic - BC Commercial Beer,,False,False,0,3.99,,False,,,molson canadian - can tall can,,,151,Beer,[],True,1000,1006,1131,3683.48,20700.120000000003,0.0355,112.39436619718312,0.5126903553299492
219,bcls,product,102093,0.24544263,MOLSON ULTRA - CAN,,,Domestic - Other Province Beer,3.2,[],True,34.99,False,False,2026-09-27T00:00:00.000-07:00,,"Molson Ultra is brewed to 70 calories and 2 grams of carbs. At 3% ABV, this clean, light, refreshing beer uses the best this land has to offer—Canadian water, barley and no preservatives.
",2026-09-27T00:00:00.000-07:00,['On Sale'],2026-10-24T00:00:00.000-07:00,,102093,True,[],http://www.bcliquorstores.com/sites/default/files/imagecache/height400px/102093.jpeg,2024,2026-10-01 21:10:01,,15,['00056327016163'],False,,0.355,[],MOLSON ULTRA - CAN,Lager,Canada,False,,2,2,,,False,132.0, CAN,0.03,Domestic Beer,False,['On Sale'],SR,National Domestic Beer,MOLSON ULTRA ,CA,,Domestic - Other Province Commercial Beer,,False,False,0,32.99,,False,,,molson ultra - can,,2026-10-24T00:00:00.000-07:00,96,Beer,[],True,1000,1290,1138,10777.8,70819.76000000001,0.15974999999999998,219.02973395931147,0.6700507614213198
220,bcls,product,383414,0.24271375,MOOSEHEAD LAGER CAN,,,Domestic - Other Province Beer,3.6,[],True,30.99,False,False,2026-09-27T00:00:00.000-07:00,,"Moosehead Lager is a refreshing, light-bodied golden lager made by Moosehead Breweries. This premium lager walks a delicate balance between malt sweetness and hop bitterness, and is made using only quality ingredients including 100% Canadian barley malt and naturally pure Spruce Lake water. A cooked-to-perfection steak and piping-hot baked potato are a perfect match for this lager. Try it with salty-rich big-flavour foods like BBQ ribs, smoked meat sandwiches, and wine-sauerkraut with mashed potatoes and crisp roasted onions.
",2026-09-27T00:00:00.000-07:00,['On Sale'],2026-10-24T00:00:00.000-07:00,,383414,True,[],http://www.bcliquorstores.com/sites/default/files/imagecache/height400px/383414.jpeg,1150,2026-10-01 21:10:01,,15,['00776029701876'],False,,0.355,[],MOOSEHEAD LAGER CAN,Lager,Canada,False,,2,2,,,False,84.0,MOOSEHEAD LAGER CAN,0.05,Domestic Beer,False,['On Sale'],SR,National Domestic Beer,,CA,,Domestic - Other Province Commercial Beer,,False,False,0,27.99,,False,,,moosehead lager can,,2026-10-24T00:00:00.000-07:00,266,Beer,[],True,1000,1290,1138,6123.749999999999,35638.5,0.26625,116.3943661971831,0.4263959390862944
221,bcls,product,106275,0.24271375,MOUNTAINVIEW BREWING CO. - SWEETHEARTS IPA TALL CAN,,,Domestic - BC Beer,4.0,[],,16.79,False,False,,,False,,[],,,106275,,[],http://www.bcliquorstores.com/sites/default/files/imagecache/height400px/106275.jpeg,313,2026-10-01 21:10:01,,4,"['00626990469957', '00626990499572']",False,,0.473,[],MOUNTAINVIEW BREWING CO. - SWEETHEARTS IPA TALL CAN,India Pale Ale,Canada,True,,2,2,,,False,33.0, SWEETHEARTS IPA TALL CAN,0.067,Domestic Beer,False,[],ST,BC Craft Beer,MOUNTAINVIEW BREWING CO. ,CA,,Domestic - BC Micro Brew Beer,,False,False,0,16.79,,False,,,mountainview brewing co. - sweethearts ipa tall can,,,4,Beer,[],False,1000,1006,1133,592.196,5255.2699999999995,0.126764,132.45085355463698,0.16751269035532995
222,bcls,product,884858,0.24271375,MT BEGBIE - HIGH COUNTRY KOLSCH CAN,,,Domestic - BC Beer,3.9,[],,15.79,True,False,,,"High Country Kolsch is a light, straw-coloured beer that guarantees a clean, dry finish with no lingering aftertaste. Because of its delicate flavour and balance, this beer is pure, crisp and definitely refreshing.
",,[],,,884858,,[],http://www.bcliquorstores.com/sites/default/files/imagecache/height400px/884858.jpeg,881,2026-10-01 21:10:01,,6,['00629216848581'],False,,0.355,[],MT BEGBIE - HIGH COUNTRY KOLSCH CAN,Altbier,Canada,True,,2,2,,,False,66.0, HIGH COUNTRY KOLSCH CAN,0.045,Domestic Beer,False,[],SR,BC Craft Beer,MT BEGBIE ,CA,,Domestic - BC Micro Brew Beer,,False,False,0,15.79,,False,,,mt begbie - high country kolsch can,,,139,Beer,[],True,1000,1006,1133,1876.53,13910.99,0.09584999999999999,164.73656755346897,0.3350253807106599
223,bcls,product,292656,0.24271375,MT BEGBIE - TALL TIMBER ALE CAN,,,Domestic - BC Beer,3.7,[],,15.79,True,False,,,"A dark and delicious blend of caramel and chocolate malt flavours are perfectly balanced by the mild spicy earthy tones of English Goldings finishing hops. This medium-bodied ale is a beer dedicated to the rugged pioneers of Revelstoke.
",,[],,,292656,,[],http://www.bcliquorstores.com/sites/default/files/imagecache/height400px/292656.jpeg,809,2026-10-01 21:10:01,,6,"['00629216411105', '00626990148913']",False,,0.355,[],MT BEGBIE - TALL TIMBER ALE CAN,Brown Ale,Canada,True,,2,2,,,False,49.0, TALL TIMBER ALE CAN,0.052000000000000005,Domestic Beer,False,[],SR,BC Craft Beer,MT BEGBIE ,CA,,Domestic - BC Micro Brew Beer,,False,False,0,15.79,,False,,,mt begbie - tall timber ale can,,,100,Beer,[],True,1000,1006,1133,1723.1699999999998,12774.109999999999,0.11076,142.56049115204044,0.24873096446700507
224,bcls,product,120501,0.24271375,NEGRA MODELO,,,Import Beer,4.1,[],,17.79,False,False,,,"Brewed longer to enhance the flavours, this Munich Dunkel-style Lager gives way to a rich flavour and remarkably smooth taste. A medium-bodied lager with slow roasted caramel malts that is brewed to prove dark beer can deliver both full flavour and refreshing taste. Modelo Negra's rich flavor and smooth finish enhances any traditional Mexican recipe.
",,[],,,120501,,[],http://www.bcliquorstores.com/sites/default/files/imagecache/height400px/120501.jpeg,1558,2026-10-01 21:10:01,,6,['07501064192111'],False,,0.355,[],NEGRA MODELO,Dark Lager,Mexico,False,,2,2,,,False,112.0,NEGRA MODELO,0.053,Import Beer,False,[],SR,,,MX,,Mexico And Caribbean Beer,,False,False,0,17.79,,False,,,negra modelo,,,149,Beer,[],True,1000,1007,1191,3318.54,27716.82,0.11288999999999999,157.5870316237045,0.5685279187817259
225,bcls,product,352498,0.24544263,NEIGHBOURHOOD BREWING - WAY OF LIFE HAZY IPA TALL CAN,,,Domestic - BC Beer,3.4,[],,14.99,True,False,,,"Work hard and play harder! This juice bomb boasts bold Citra and Galaxy hops for big notes of papaya, pineapple and mandarin orange. Built from the ground up to focus on aroma and a luxurious mouthfeel. It is a taste extravanganza, it is a Way of Life!
",,[],,,352498,,[],http://www.bcliquorstores.com/sites/default/files/imagecache/height400px/352498.jpeg,809,2026-10-01 21:10:01,,4,['00696852017787'],False,,0.473,[],NEIGHBOURHOOD BREWING - WAY OF LIFE HAZY IPA TALL CAN,India Pale Ale,Canada,True,,2,2,,,False,48.0, WAY OF LIFE HAZY IPA TALL CAN,0.069,Domestic Beer,False,[],SR,BC Craft Beer,NEIGHBOURHOOD BREWING ,CA,,Domestic - BC Regional Beer,,False,False,0,14.99,,False,,,neighbourhood brewing - way of life hazy ipa tall can,,,29,Beer,[],True,1000,1006,1135,1530.628,12126.91,0.130548,114.82366639090603,0.2436548223350254
226,bcls,product,410726,0.24544263,NELSON BREWING COMPANY - BENT POLE IPA TALL CAN,,,Domestic - BC Beer,2.6,[],,15.29,True,False,,,"A classic unfiltered Northwest IPA with a light malt body, bursting with notes of citrus and pine. Unfiltered for maximum flavour. The dry finish allows for the layered hop flavours to shine through. 
",,[],,,410726,,[],http://www.bcliquorstores.com/sites/default/files/imagecache/height400px/410726.jpeg,808,2026-10-01 21:10:01,,4,['00696852096317'],False,,0.473,[],NELSON BREWING COMPANY - BENT POLE IPA TALL CAN,India Pale Ale,Canada,True,,2,2,,,False,54.0, BENT POLE IPA TALL CAN,0.06,Domestic Beer,False,[],SR,BC Craft Beer,NELSON BREWING COMPANY ,CA,,Domestic - BC Micro Brew Beer,,False,False,0,15.29,,False,,,nelson brewing company - bent pole ipa tall can,,,76,Beer,[],True,1000,1006,1133,1528.7359999999999,12354.32,0.11352,134.68992248062014,0.27411167512690354
227,bcls,product,294957,0.24544263,NELSON BREWING COMPANY - JOYRIDE JUICY PALE ALE TALL CAN,,,Domestic - BC Beer,3.1,[],,15.29,True,False,,,"This pale ale combines bright peach and orange creamsicle flavors with vibrant hop notes from HBC 1019 hops. It offers a smooth, fluffy mouthfeel and a light, refreshing finish. No destination required—just a thrilling ride of flavor in every sip.
",,[],,,294957,,[],http://www.bcliquorstores.com/sites/default/files/imagecache/height400px/294957.jpeg,295,2026-10-01 15:10:01,,4,['00696852136822'],False,,0.473,[],NELSON BREWING COMPANY - JOYRIDE JUICY PALE ALE TALL CAN,Pale Ale,Canada,True,,3,3,,,False,44.0, JOYRIDE JUICY PALE ALE TALL CAN,0.045,Domestic Beer,False,[],SH,BC Craft Beer,NELSON BREWING COMPANY ,CA,,Domestic - BC Micro Brew Beer,,False,False,0,15.29,,False,,,nelson brewing company - joyride juicy pale ale tall can,,,34,Beer,[],True,1000,1006,1133,558.14,4510.55,0.08514,179.58656330749355,0.2233502538071066
228,bcls,product,410115,0.24544263,NELSON BREWING COMPANY - LOKI LAGER TALL CAN,,,Domestic - BC Beer,3.0,[],,13.79,True,False,,,"This gold award winning, classic craft lager is easy drinking epitomized. Simply put, it's crisp, clean, and sessionable.
",,[],,,410115,,[],http://www.bcliquorstores.com/sites/default/files/imagecache/height400px/410115.jpeg,840,2026-10-01 21:10:01,,4,['00696852032186'],False,,0.473,[],NELSON BREWING COMPANY - LOKI LAGER TALL CAN,Lager,Canada,True,,2,2,,,False,60.0, LOKI LAGER TALL CAN,0.047,Domestic Beer,False,[],SR,BC Craft Beer,NELSON BREWING COMPANY ,CA,,Domestic - BC Micro Brew Beer,,False,False,0,13.79,,False,,,nelson brewing company - loki lager tall can,,,105,Beer,[],True,1000,1006,1133,1589.28,11583.599999999999,0.08892399999999999,155.07624488327113,0.30456852791878175
229,bcls,product,669443,0.24271375,NELSON BREWING COMPANY - SILVER KING CZECH PILSNER TALL CAN,,,Domestic - BC Beer,3.0,[],True,15.29,False,False,2026-09-27T00:00:00.000-07:00,,"A Czech style Pilsner inspired by Nelson's historic Silver King mine, whose silver veins built this mountain town's spirit. Brewed with noble hops for subtle floral notes, smooth malt character, and a clean, balanced finish.",2026-09-27T00:00:00.000-07:00,['On Sale'],2026-10-24T00:00:00.000-07:00,,669443,True,[],http://www.bcliquorstores.com/sites/default/files/imagecache/height400px/669443.jpeg,910,2026-10-01 21:10:01,,4,['00696852197847'],False,,0.473,[],NELSON BREWING COMPANY - SILVER KING CZECH PILSNER TALL CAN,Pilsner,Canada,True,,2,2,,,False,58.0, SILVER KING CZECH PILSNER TALL CAN,0.05,Domestic Beer,False,['On Sale'],SR,BC Craft Beer,NELSON BREWING COMPANY ,CA,,Domestic - BC Micro Brew Beer,,False,False,0,14.29,,False,,,nelson brewing company - silver king czech pilsner tall can,,2026-10-24T00:00:00.000-07:00,11,Beer,[],True,1000,1006,1133,1721.7199999999998,13913.9,0.0946,161.62790697674416,0.29441624365482233
230,bcls,product,638613,0.24544263,NELSON BREWING COMPANY - SUPER DUPER JUICE HAZY IPA TALL CAN,,,Domestic - BC Beer,3.0,[],,16.79,False,False,,,False,,['New Product'],,,638613,,[],http://www.bcliquorstores.com/sites/default/files/imagecache/height400px/638613.jpeg,228,2026-10-01 21:10:01,,4,['00696852197830'],False,,0.473,[],NELSON BREWING COMPANY - SUPER DUPER JUICE HAZY IPA TALL CAN,India Pale Ale,Canada,True,,2,2,,,False,12.0, SUPER DUPER JUICE HAZY IPA TALL CAN,0.065,Domestic Beer,False,['New Product'],SH,BC Craft Beer,NELSON BREWING COMPANY ,CA,,Domestic - BC Micro Brew Beer,,False,False,0,16.79,,True,,,nelson brewing company - super duper juice hazy ipa tall can,,,4,Beer,"[{'id': 'empty-placeholder', 'label': '&nbsp;', 'labelLengthWithoutTags': 1}, {'id': 'new', 'label': 'NEW', 'labelLengthWithoutTags': 3}]",True,1000,1006,1133,431.376,3828.12,0.12297999999999999,136.52626443324118,0.06091370558375635
231,bcls,product,1947,0.24271375,NELSON BREWING COMPANY - VALHALLA HAZY PALE ALE TALL CAN,,,Domestic - BC Beer,3.0,[],,15.29,True,False,,,"A well balanced Hazy Pale Ale. Tropical fruit and floral aromas from the additions of Mosaic, Simcoe and Citra hops. Malted wheat and oats give this beer a smooth, creamy mouthfeel. Well balanced with a mild bitter finish. 
",,[],,,1947,,[],http://www.bcliquorstores.com/sites/default/files/imagecache/height400px/1947.jpeg,954,2026-10-01 21:10:01,,4,['00626990318323'],False,,0.473,[],NELSON BREWING COMPANY - VALHALLA HAZY PALE ALE TALL CAN,Pale Ale,Canada,True,,2,2,,,False,57.0, VALHALLA HAZY PALE ALE TALL CAN,0.052000000000000005,Domestic Beer,False,[],SR,BC Craft Beer,NELSON BREWING COMPANY ,CA,,Domestic - BC Micro Brew Beer,,False,False,0,15.29,,False,,,nelson brewing company - valhalla hazy pale ale tall can,,,129,Beer,[],True,1000,1006,1133,1804.9679999999998,14586.66,0.098384,155.41144901610016,0.2893401015228426
232,bcls,product,30940,0.24271375,OKANAGAN SPRING - 1516 BAVARIAN LAGER CAN,,,Domestic - BC Beer,4.1,[],True,29.79,False,False,2026-09-27T00:00:00.000-07:00,,,2026-09-27T00:00:00.000-07:00,"['BCL Select', 'On Sale']",2026-10-24T00:00:00.000-07:00,,30940,True,[],http://www.bcliquorstores.com/sites/default/files/imagecache/height400px/30940.jpeg,3041,2026-10-01 21:10:01,,15,['00056910003006'],False,,0.355,[],OKANAGAN SPRING - 1516 BAVARIAN LAGER CAN,Other,Canada,False,,2,2,,,False,164.0, 1516 BAVARIAN LAGER CAN,0.05,Domestic Beer,True,"['BCL Select', 'On Sale']",C,National Domestic Beer,OKANAGAN SPRING ,CA,,Domestic - BC Commercial Beer,,False,False,0,25.79,,False,,,okanagan spring - 1516 bavarian lager can,,2026-10-24T00:00:00.000-07:00,44,Beer,"[{'id': 'empty-placeholder', 'label': '&nbsp;', 'labelLengthWithoutTags': 1}, {'id': 'exclusive', 'label': 'ONLY@BCL', 'labelLengthWithoutTags': 8}]",True,1000,1006,1131,16193.324999999997,90591.39,0.26625,111.88732394366197,0.8324873096446701
233,bcls,product,681858,0.24271375,OKANAGAN SPRING - PALE ALE CAN,,,Domestic - BC Beer,3.2,[],,26.79,False,False,,,"In the OK, we like things with a bit of bite, and our Pale Ale's no different. Not too bitter, just smooth enough, with a nice amber colour.
",,[],,,681858,,[],http://www.bcliquorstores.com/sites/default/files/imagecache/height400px/681858.jpeg,1997,2026-10-01 21:10:01,,12,['00056910003501'],False,,0.355,[],OKANAGAN SPRING - PALE ALE CAN,Pale Ale,Canada,False,,2,2,,,False,143.0, PALE ALE CAN,0.05,Domestic Beer,False,[],G,National Domestic Beer,OKANAGAN SPRING ,CA,,Domestic - BC Commercial Beer,,False,False,0,26.79,,False,,,okanagan spring - pale ale can,,,161,Beer,[],True,1000,1006,1131,8507.22,53499.63,0.213,125.77464788732394,0.7258883248730964
234,bcls,product,44251,0.24544263,OLD STYLE PILSNER - CAN,,,Domestic - BC Beer,4.3,[],True,58.99,False,False,2026-09-27T00:00:00.000-07:00,,"Staying true to its Western Canada roots, Old Style Pilsner is a well- balanced, clean, crisp lager beer with medium body, smooth palate and distinctive hoppy aroma and finish.",2026-09-27T00:00:00.000-07:00,"['BCL Select', 'On Sale']",2026-10-24T00:00:00.000-07:00,,44251,True,[],http://www.bcliquorstores.com/sites/default/files/imagecache/height400px/44251.jpeg,1883,2026-10-01 21:10:01,,36,['00056327012660'],False,,0.355,[],OLD STYLE PILSNER - CAN,Lager,Canada,False,,2,2,,,False,99.0, CAN,0.05,Domestic Beer,True,"['BCL Select', 'On Sale']",C,National Domestic Beer,OLD STYLE PILSNER ,CA,,Domestic - BC Commercial Beer,,False,False,0,49.99,,False,,,old style pilsner - can,,2026-10-24T00:00:00.000-07:00,93,Beer,"[{'id': 'empty-placeholder', 'label': '&nbsp;', 'labelLengthWithoutTags': 1}, {'id': 'exclusive', 'label': 'ONLY@BCL', 'labelLengthWithoutTags': 8}]",True,1000,1006,1131,24064.739999999998,111078.17,0.639,92.31611893583725,0.5025380710659898
235,bcls,product,692525,0.24544263,OLD STYLE PILSNER - CAN,,,Domestic - BC Beer,3.4,[],True,14.29,False,False,2026-09-27T00:00:00.000-07:00,,"Staying true to its Western Canada roots, Old Style Pilsner is a well-balanced, clean, crisp lager beer with medium body, a smooth palate and a distinctive hoppy aroma and finish.
",2026-09-27T00:00:00.000-07:00,['On Sale'],2026-10-24T00:00:00.000-07:00,,692525,True,[],http://www.bcliquorstores.com/sites/default/files/imagecache/height400px/692525.jpeg,1916,2026-10-01 21:10:01,,8,['00056327593206'],False,,0.355,[],OLD STYLE PILSNER - CAN,Pilsner,Canada,False,,2,2,,,False,81.0, CAN,0.05,Domestic Beer,False,['On Sale'],SR,National Domestic Beer,OLD STYLE PILSNER ,CA,,Domestic - BC Commercial Beer,,False,False,0,12.99,,False,,,old style pilsner - can,,2026-10-24T00:00:00.000-07:00,99,Beer,[],True,1000,1006,1131,5441.44,27379.64,0.142,100.63380281690141,0.41116751269035534
236,bcls,product,929661,0.24544263,OLD STYLE PILSNER - CAN,,,Domestic - BC Beer,3.5,['Our Best Sellers'],,26.29,False,False,,,"Staying true to its Western Canada roots, Old Style Pilsner is a well-balanced, clean, crisp lager beer with medium body, a smooth palate and a distinctive hoppy aroma and finish.
",,[],,,929661,,['Our Best Sellers'],http://www.bcliquorstores.com/sites/default/files/imagecache/height400px/929661.jpeg,6709,2026-10-01 21:10:01,,15,['00056327593275'],False,,0.355,[],OLD STYLE PILSNER - CAN,Pilsner,Canada,False,,2,2,,,False,164.0, CAN,0.05,Domestic Beer,False,[],G,National Domestic Beer,OLD STYLE PILSNER ,CA,,Domestic - BC Commercial Beer,,False,False,0,26.29,,False,"[{'urlAlias': '/promotion/best-sellers', 'name': 'Our Best Sellers', 'promoCode': 'MARCH2026BESTSELLERS', 'published': True, 'shortName': ''}]","[{'urlAlias': '/promotion/best-sellers', 'name': 'Our Best Sellers', 'promoCode': 'MARCH2026BESTSELLERS', 'published': True, 'shortName': ''}]",old style pilsner - can,,,221,Beer,"[{'id': 'empty-placeholder', 'label': '&nbsp;', 'labelLengthWithoutTags': 1}, {'id': 'featured', 'label': 'FEATURED', 'labelLengthWithoutTags': 8}]",True,1000,1006,1131,35725.424999999996,176379.61,0.26625,98.74178403755869,0.8324873096446701
237,bcls,product,681155,0.24271375,OLD STYLE PILSNER - CAN,,,Domestic - BC Beer,3.5,[],,40.49,False,False,,,"Staying true to its Western Canada roots, Old Style Pilsner is a well-balanced, clean, crisp lager beer with medium body, a smooth palate and a distinctive hoppy aroma and finish.
",,[],,,681155,,[],http://www.bcliquorstores.com/sites/default/files/imagecache/height400px/681155.jpeg,2543,2026-10-01 21:10:01,,24,['00056327593244'],False,,0.355,[],OLD STYLE PILSNER - CAN,Pilsner,Canada,False,,2,2,,,False,75.0, CAN,0.05,Domestic Beer,False,[],G,National Domestic Beer,OLD STYLE PILSNER ,CA,,Domestic - BC Commercial Beer,,False,False,0,40.49,,False,,,old style pilsner - can,,,188,Beer,[],True,1000,1006,1131,21666.36,102966.07,0.426,95.04694835680752,0.38071065989847713
238,bcls,product,181269,0.24271375,OLD STYLE PILSNER - TALL CAN,,,Domestic - BC Beer,3.8,[],,3.99,False,False,,,"A medium body lager that is true to its roots, a rich copper color, burst of freshly toasted barley enhanced with solid hop aroma with a cleansing bitter hop taste.",,[],,,181269,,[],http://www.bcliquorstores.com/sites/default/files/imagecache/height400px/181269.jpeg,5050,2026-10-01 21:10:01,,1,['00056327012745'],False,,0.71,[],OLD STYLE PILSNER - TALL CAN,Pilsner,Canada,False,,2,2,,,False,104.0, TALL CAN,0.05,Domestic Beer,False,[],SR,National Domestic Beer,OLD STYLE PILSNER ,CA,,Domestic - BC Commercial Beer,,False,False,0,3.99,,False,,,old style pilsner - tall can,,,7,Beer,[],True,1000,1006,1131,3585.5,20149.5,0.0355,112.39436619718312,0.5279187817258884
239,bcls,product,270351,0.24271375,OLD YALE BREWING - GOLDEN PEACH SUMMER RADLER TALL CAN,,,Domestic - BC Beer,4.3,[],True,14.49,True,False,2026-09-27T00:00:00.000-07:00,,"Juicy Peach flavor leads the way in this bright, effervescent Radler, delivering a light-bodied pour with a crisp character. Soft sweetness is balanced with just the right touch of zest. Fresh and fruit-forward, this Radler stays lively and crushable from first sip to last. It's basically Summer in a can. 
",2026-09-27T00:00:00.000-07:00,['On Sale'],2026-10-24T00:00:00.000-07:00,,270351,True,[],http://www.bcliquorstores.com/sites/default/files/imagecache/height400px/270351.jpeg,328,2026-10-01 21:10:01,,4,['00878830000817'],False,,0.473,[],OLD YALE BREWING - GOLDEN PEACH SUMMER RADLER TALL CAN,Blonde Ale,Canada,True,,3,3,,,False,50.0, GOLDEN PEACH SUMMER RADLER TALL CAN,0.03,Domestic Beer,False,['On Sale'],SH,BC Craft Beer,OLD YALE BREWING ,CA,,Domestic - BC Micro Brew Beer,,False,False,0,11.77,,False,,,old yale brewing - golden peach summer radler tall can,,2026-10-24T00:00:00.000-07:00,58,Beer,[],True,1000,1006,1133,620.576,4752.72,0.05676,255.28541226215646,0.25380710659898476
240,bcls,product,212220,0.24544263,OLD YALE BREWING - HIMALAYAN SALTED CARAMEL PORTER CAN,,,Domestic - BC Beer,4.4,[],,15.79,True,False,,,"Dark, rich and layered with warmth. This smooth-bodied Porter is brewed with specialty malts offering a deep roasted character, Himalayan salt combined with lactose and vanilla provide a sweet caramel twist with a touch of salinity. A velvety pour with a touch of dessert-like decadence. 
",,['New Product'],,,212220,,[],http://www.bcliquorstores.com/sites/default/files/imagecache/height400px/212220.jpeg,20,2026-10-01 21:10:01,,4,['00628451202394'],False,,0.473,[],OLD YALE BREWING - HIMALAYAN SALTED CARAMEL PORTER CAN,Porter,Canada,True,,2,2,,,False,4.0, HIMALAYAN SALTED CARAMEL PORTER CAN,0.06,Domestic Beer,False,['New Product'],SH,BC Craft Beer,OLD YALE BREWING ,CA,,Domestic - BC Micro Brew Beer,,False,False,0,15.79,,True,,,old yale brewing - himalayan salted caramel porter can,,,69,Beer,"[{'id': 'empty-placeholder', 'label': '&nbsp;', 'labelLengthWithoutTags': 1}, {'id': 'new', 'label': 'NEW', 'labelLengthWithoutTags': 3}]",True,1000,1006,1133,37.839999999999996,315.79999999999995,0.11352,139.09443269908385,0.02030456852791878
241,bcls,product,297920,0.24271375,OLE COCKTAIL CO - CHILI MANGO NON-ALC CAN,,,De-Alcoholized Product,2.8,['Non-Alcoholic Drinks'],True,11.79,,,2026-09-27T00:00:00.000-07:00,,False,2026-09-27T00:00:00.000-07:00,['On Sale'],2026-10-24T00:00:00.000-07:00,,297920,True,['Non-Alcoholic Drinks'],http://www.bcliquorstores.com/sites/default/files/imagecache/height400px/297920.jpeg,150,2026-10-01 21:10:01,,4,['00628942612206'],False,,0.355,[],OLE COCKTAIL CO - CHILI MANGO NON-ALC CAN,,Canada,False,,2,2,,,False,14.0, CHILI MANGO NON-ALC CAN,0.0,De-Alcoholized Beer,False,['On Sale'],SR,,OLE COCKTAIL CO ,CA,,Beer And Refreshment De-Alcoholized Product,,False,False,0,8.87,,False,"[{'urlAlias': '/promotion/non-alcoholic', 'name': 'Non-Alcoholic Drinks', 'promoCode': '2024NOALCOHOL', 'published': True, 'shortName': ''}]","[{'urlAlias': '/promotion/non-alcoholic', 'name': 'Non-Alcoholic Drinks', 'promoCode': '2024NOALCOHOL', 'published': True, 'shortName': ''}]",ole cocktail co - chili mango non-alc can,,2026-10-24T00:00:00.000-07:00,10,General Merchandise,"[{'id': 'empty-placeholder', 'label': '&nbsp;', 'labelLengthWithoutTags': 1}, {'id': 'featured', 'label': 'FEATURED', 'labelLengthWithoutTags': 8}]",True,1000,1009,1128,213.0,1768.4999999999998,0.0,inf,0.07106598984771574
242,bcls,product,375986,0.24544263,OLE COCKTAIL CO - MARGARITA MOCKTAIL,,,De-Alcoholized Product,3.7,['Our Best Sellers'],,11.79,,,,,"No Alcohol.
",,[],,,375986,,['Our Best Sellers'],http://www.bcliquorstores.com/sites/default/files/imagecache/height400px/375986.jpeg,2577,2026-10-01 21:10:01,,4,['00628942141133'],False,,0.355,[],OLE COCKTAIL CO - MARGARITA MOCKTAIL,,Canada,False,,2,2,,,False,170.0, MARGARITA MOCKTAIL,0.0004,De-Alcoholized Beer,False,[],SR,,OLE COCKTAIL CO ,CA,,Beer And Refreshment De-Alcoholized Product,,False,False,0,11.79,,False,"[{'urlAlias': '/promotion/best-sellers', 'name': 'Our Best Sellers', 'promoCode': 'MARCH2026BESTSELLERS', 'published': True, 'shortName': ''}]","[{'urlAlias': '/promotion/best-sellers', 'name': 'Our Best Sellers', 'promoCode': 'MARCH2026BESTSELLERS', 'published': True, 'shortName': ''}]",ole cocktail co - margarita mocktail,,,110,General Merchandise,"[{'id': 'empty-placeholder', 'label': '&nbsp;', 'labelLengthWithoutTags': 1}, {'id': 'featured', 'label': 'FEATURED', 'labelLengthWithoutTags': 8}]",True,1000,1009,1128,3659.3399999999997,30382.829999999998,0.000568,20757.042253521126,0.8629441624365483
243,bcls,product,33170,0.24271375,PABST BLUE RIBBON - CAN,,,Domestic - BC Beer,4.0,[],True,40.49,False,False,2026-09-27T00:00:00.000-07:00,,"The Original Pabst Blue Ribbon beer uses the choicest of nature's products to provide its prized flavour. The original smoothness goes down easy—without even a hint of bitter aftertaste.
",2026-09-27T00:00:00.000-07:00,['On Sale'],2026-10-24T00:00:00.000-07:00,,33170,True,[],http://www.bcliquorstores.com/sites/default/files/imagecache/height400px/33170.jpeg,2160,2026-10-01 21:10:01,,24,['00056910403233'],False,,0.355,[],PABST BLUE RIBBON - CAN,Lager,Canada,False,,2,2,,,False,97.0, CAN,0.049,Domestic Beer,False,['On Sale'],G,National Domestic Beer,PABST BLUE RIBBON ,CA,,Domestic - BC Commercial Beer,,False,False,0,37.49,,False,,,pabst blue ribbon - can,,2026-10-24T00:00:00.000-07:00,129,Beer,[],True,1000,1006,1131,18403.2,87458.40000000001,0.41748,96.98668199674236,0.49238578680203043
244,bcls,product,929141,0.24544263,PACIFIC WESTERN - CANTERBURY DARK MILD CAN,,,Domestic - BC Beer,3.7,[],True,21.29,True,False,2026-09-27T00:00:00.000-07:00,,"Canterbury features a smooth, mature taste to complement its bold, rich colour while retaining a lager's traditional, fresh finish. This classically brewed beer is a tad sweeter than its pale pilsner cousins and is a natural complement to a good Irish Stew, and most pub grub like fish and chips or steak and kidney pie.
",2026-09-27T00:00:00.000-07:00,['On Sale'],2026-10-24T00:00:00.000-07:00,,929141,True,[],http://www.bcliquorstores.com/sites/default/files/imagecache/height400px/929141.jpeg,1309,2026-10-01 21:10:01,,12,['00774558001450'],False,,0.355,[],PACIFIC WESTERN - CANTERBURY DARK MILD CAN,Dark Lager,Canada,True,,2,2,,,False,95.0, CANTERBURY DARK MILD CAN,0.05,Domestic Beer,False,['On Sale'],SR,BC Craft Beer,PACIFIC WESTERN ,CA,,Domestic - BC Regional Beer,,False,False,0,19.79,,False,,,pacific western - canterbury dark mild can,,2026-10-24T00:00:00.000-07:00,204,Beer,[],True,1000,1006,1135,5576.34,27868.61,0.213,99.95305164319248,0.48223350253807107
245,bcls,product,364679,0.24271375,PACIFIC WESTERN - CARIBOO BLONDE CAN,,,Domestic - BC Beer,4.0,[],,9.99,True,False,,,"Blonde Lager: An easy-drinking, all-season lager that's white-gold in colour with a crisp and crushable light malt finish.
",,[],,,364679,,[],http://www.bcliquorstores.com/sites/default/files/imagecache/height400px/364679.jpeg,2486,2026-10-01 21:10:01,,6,['00774558001306'],False,,0.355,[],PACIFIC WESTERN - CARIBOO BLONDE CAN,Blonde Ale,Canada,True,,2,2,,,False,128.0, CARIBOO BLONDE CAN,0.055,Domestic Beer,False,[],SR,BC Craft Beer,PACIFIC WESTERN ,CA,,Domestic - BC Regional Beer,,False,False,0,9.99,,False,,,pacific western - cariboo blonde can,,,199,Beer,[],True,1000,1006,1135,5295.179999999999,24835.14,0.11714999999999999,85.27528809218951,0.649746192893401
246,bcls,product,118726,0.24544263,PACIFIC WESTERN - CARIBOO GENUINE 24 PACK CAN,,,Domestic - BC Beer,3.6,[],,35.29,True,False,,,"Well-balanced draft beer: Clean consistent low hop beer that is slightly malty with a golden colour.
",,[],,,118726,,[],http://www.bcliquorstores.com/sites/default/files/imagecache/height400px/118726.jpeg,2171,2026-10-01 21:10:01,,24,['00774558000484'],False,,0.355,[],PACIFIC WESTERN - CARIBOO GENUINE 24 PACK CAN,Lager,Canada,True,,2,2,,,False,106.0, CARIBOO GENUINE 24 PACK CAN,0.055,Domestic Beer,False,[],SR,BC Craft Beer,PACIFIC WESTERN ,CA,,Domestic - BC Regional Beer,,False,False,0,35.29,,False,,,pacific western - cariboo genuine 24 pack can,,,53,Beer,[],True,1000,1006,1135,18496.92,76614.59,0.46859999999999996,75.30943235168587,0.5380710659898477
247,bcls,product,63149,0.24271375,PACIFIC WESTERN - CARIBOO GENUINE DRAFT CAN,,,Domestic - BC Beer,3.5,[],,9.99,True,False,,,"Well-balanced draft beer: Clean consistent low hop beer that is slightly malty with a golden colour.
",,[],,,63149,,[],http://www.bcliquorstores.com/sites/default/files/imagecache/height400px/63149.jpeg,7981,2026-10-01 21:10:01,,6,['00774558001122'],False,,0.355,[],PACIFIC WESTERN - CARIBOO GENUINE DRAFT CAN,Lager,Canada,True,,2,2,,,False,183.0, CARIBOO GENUINE DRAFT CAN,0.055,Domestic Beer,False,[],G,BC Craft Beer,PACIFIC WESTERN ,CA,,Domestic - BC Regional Beer,,False,False,0,9.99,,False,,,pacific western - cariboo genuine draft can,,,342,Beer,[],True,1000,1006,1135,16999.53,79730.19,0.11714999999999999,85.27528809218951,0.9289340101522843
248,bcls,product,361527,0.24271375,PACIFIC WESTERN - CARIBOO GENUINE DRAFT CAN,,,Domestic - BC Beer,3.5,[],,19.29,True,False,,,"Well-balanced draft beer: Clean consistent low hop beer that is slightly malty with a golden colour.
",,[],,,361527,,[],http://www.bcliquorstores.com/sites/default/files/imagecache/height400px/361527.jpeg,3937,2026-10-01 21:10:01,,12,['00774558001139'],False,,0.355,[],PACIFIC WESTERN - CARIBOO GENUINE DRAFT CAN,Lager,Canada,True,,2,2,,,False,163.0, CARIBOO GENUINE DRAFT CAN,0.055,Domestic Beer,False,[],G,BC Craft Beer,PACIFIC WESTERN ,CA,,Domestic - BC Regional Beer,,False,False,0,19.29,,False,,,pacific western - cariboo genuine draft can,,,274,Beer,[],True,1000,1006,1135,16771.62,75944.73,0.23429999999999998,82.3303457106274,0.8274111675126904
249,bcls,product,131854,0.24544263,PACIFIC WESTERN - CARIBOO HONEY LAGER CAN,,,Domestic - BC Beer,3.5,[],,9.99,True,False,,,"Well-balanced lager: Slightly malty with some residual sweetness and a crisp, clean finish. It pairs well with spicy food or roast chicken.
",,[],,,131854,,[],http://www.bcliquorstores.com/sites/default/files/imagecache/height400px/131854.jpeg,2466,2026-10-01 21:10:01,,6,['00774558000507'],False,,0.355,[],PACIFIC WESTERN - CARIBOO HONEY LAGER CAN,Lager,Canada,True,,2,2,,,False,133.0, CARIBOO HONEY LAGER CAN,0.055,Domestic Beer,False,[],SR,BC Craft Beer,PACIFIC WESTERN ,CA,,Domestic - BC Regional Beer,,False,False,0,9.99,,False,,,pacific western - cariboo honey lager can,,,274,Beer,[],True,1000,1006,1135,5252.58,24635.34,0.11714999999999999,85.27528809218951,0.6751269035532995
250,bcls,product,267961,0.24544263,PACIFIC WESTERN - CARIBOO MALT STRONG CAN,,,Domestic - BC Beer,4.1,[],,9.49,True,False,,,"Cariboo Malt Strong is made with choice Canadian grains and brewed to high test using pure BC spring water as the main ingredient. This strong beer is golden in colour, slightly sweet and light in body, and is finished with a dusting of hops.",,['BCL Select'],,,267961,,[],http://www.bcliquorstores.com/sites/default/files/imagecache/height400px/267961.jpeg,6031,2026-10-01 21:10:01,,6,['00774558002860'],False,,0.355,[],PACIFIC WESTERN - CARIBOO MALT STRONG CAN,Lager,Canada,True,,2,2,,,False,133.0, CARIBOO MALT STRONG CAN,0.079,Domestic Beer,True,['BCL Select'],C,BC Craft Beer,PACIFIC WESTERN ,CA,,Domestic - BC Regional Beer,,False,False,0,9.49,,False,,,pacific western - cariboo malt strong can,,,46,Beer,"[{'id': 'empty-placeholder', 'label': '&nbsp;', 'labelLengthWithoutTags': 1}, {'id': 'exclusive', 'label': 'ONLY@BCL', 'labelLengthWithoutTags': 8}]",True,1000,1006,1135,12846.029999999999,57234.19,0.16827,56.39745646877043,0.6751269035532995
251,bcls,product,266935,0.24544263,PACIFIC WESTERN - CARIBOO STRONG CAN,,,Domestic - BC Beer,4.3,[],,20.99,True,False,,,"Introducing Cariboo Strong, a bold yet approachable brew that blends the best of both worlds. Cariboo Strong boasts hints of sweeter malts, balanced by a crisp and clean finish. Its golden hue and light body offers just the right amount of complexity to bring unique powerful flavours to the palate.
",,['BCL Select'],,,266935,,[],http://www.bcliquorstores.com/sites/default/files/imagecache/height400px/266935.jpeg,1791,2026-10-01 21:10:01,,15,['00774558002884'],False,,0.355,[],PACIFIC WESTERN - CARIBOO STRONG CAN,Lager,Canada,True,,2,2,,,False,117.0, CARIBOO STRONG CAN,0.07,Domestic Beer,True,['BCL Select'],C,BC Craft Beer,PACIFIC WESTERN ,CA,,Domestic - BC Regional Beer,,False,False,0,20.99,,False,,,pacific western - cariboo strong can,,,25,Beer,"[{'id': 'empty-placeholder', 'label': '&nbsp;', 'labelLengthWithoutTags': 1}, {'id': 'exclusive', 'label': 'ONLY@BCL', 'labelLengthWithoutTags': 8}]",True,1000,1006,1135,9537.074999999999,37593.09,0.37274999999999997,56.31120053655265,0.5939086294416244
252,bcls,product,922633,0.24544263,PACIFIC WESTERN - IRONHORSE ORIGINAL CAN,,,Domestic - BC Beer,3.1,[],,8.99,True,False,,,"Full-Flavoured Lager: Strong malty aroma with sweet notes. In spite of its impressive 6.4% ABV, Ironhorse is an extremely easy-drinking beer that goes well with food. Its rich, complex taste with suggestions of tartness will appeal to the gourmet who appreciates a brew that does more than satisfy a thirst.
",,[],,,922633,,[],http://www.bcliquorstores.com/sites/default/files/imagecache/height400px/922633.jpeg,1547,2026-10-01 21:10:01,,6,['00774558002006'],False,,0.355,[],PACIFIC WESTERN - IRONHORSE ORIGINAL CAN,Lager,Canada,True,,2,2,,,False,58.0, IRONHORSE ORIGINAL CAN,0.064,Domestic Beer,False,[],SR,BC Craft Beer,PACIFIC WESTERN ,CA,,Domestic - BC Regional Beer,,False,False,0,8.99,,False,,,pacific western - ironhorse original can,,,123,Beer,[],True,1000,1006,1135,3295.1099999999997,13907.53,0.13632,65.94776995305165,0.29441624365482233
253,bcls,product,188342,0.24544263,PACIFIC WESTERN - PACIFIC PILSNER CAN,,,Domestic - BC Beer,3.3,[],True,35.29,True,False,2026-09-27T00:00:00.000-07:00,,"Pacific Pilsner features the tart, delicate flavour of quality Canadian malt, possessing perfectly balanced bitterness with Saaz hops. With just a hint of citrus, it's perfect with fish or shellfish, especially sushi.
",2026-09-27T00:00:00.000-07:00,['On Sale'],2026-10-24T00:00:00.000-07:00,,188342,True,[],http://www.bcliquorstores.com/sites/default/files/imagecache/height400px/188342.jpeg,2443,2026-10-01 21:10:01,,24,"['07745580007508', '00774558000750']",False,,0.355,[],PACIFIC WESTERN - PACIFIC PILSNER CAN,Pilsner,Canada,True,,2,2,,,False,110.0, PACIFIC PILSNER CAN,0.05,Domestic Beer,False,['On Sale'],G,BC Craft Beer,PACIFIC WESTERN ,CA,,Domestic - BC Regional Beer,,False,False,0,32.29,,False,,,pacific western - pacific pilsner can,,2026-10-24T00:00:00.000-07:00,230,Beer,[],True,1000,1006,1135,20814.36,86213.47,0.426,82.84037558685446,0.5583756345177665
254,bcls,product,729665,0.24544263,PACIFIC WESTERN - PACIFIC PILSNER CAN,,,Domestic - BC Beer,3.6,[],,22.49,True,False,,,"Pacific Pilsner features the tart, delicate flavour of quality Canadian malt, possessing perfectly balanced bitterness with Saaz hops. With just a hint of citrus, it's perfect with fish or shellfish, especially sushi.
",,[],,,729665,,[],http://www.bcliquorstores.com/sites/default/files/imagecache/height400px/729665.jpeg,3114,2026-10-01 21:10:01,,15,['00774558001351'],False,,0.355,[],PACIFIC WESTERN - PACIFIC PILSNER CAN,Pilsner,Canada,True,,2,2,,,False,123.0, PACIFIC PILSNER CAN,0.05,Domestic Beer,False,[],G,BC Craft Beer,PACIFIC WESTERN ,CA,,Domestic - BC Regional Beer,,False,False,0,22.49,,False,,,pacific western - pacific pilsner can,,,166,Beer,[],True,1000,1006,1135,16582.05,70033.86,0.26625,84.46948356807512,0.6243654822335025
255,bcls,product,905000,0.24544263,PACIFIC WESTERN - PACIFIC PILSNER CAN,,,Domestic - BC Beer,3.4,[],,9.99,True,False,,,"Pacific Pilsner features the tart, delicate flavour of quality Canadian malt, possessing perfectly balanced bitterness with Saaz hops. With just a hint of citrus, it's perfect with fish or shellfish, especially sushi.
",,[],,,905000,,[],http://www.bcliquorstores.com/sites/default/files/imagecache/height400px/905000.jpeg,1873,2026-10-01 21:10:01,,6,['00774558000606'],False,,0.355,[],PACIFIC WESTERN - PACIFIC PILSNER CAN,Pilsner,Canada,True,,2,2,,,False,87.0, PACIFIC PILSNER CAN,0.05,Domestic Beer,False,[],SR,BC Craft Beer,PACIFIC WESTERN ,CA,,Domestic - BC Regional Beer,,False,False,0,9.99,,False,,,pacific western - pacific pilsner can,,,162,Beer,[],True,1000,1006,1135,3989.49,18711.27,0.1065,93.80281690140845,0.4416243654822335
256,bcls,product,262626,0.24271375,PACIFICO CLARA,,,Import Beer,4.0,[],,17.49,False,False,,,"Pacifico is a pilsner-style lager with a crisp, refreshing flavour and a touch of grass-citrus and ocean mist. Pacifico is brewed with high-quality ingredients, including premium two-and-six-row barley, the finest variety of hops and special malts roasted through a unique process.
",,[],,,262626,,[],http://www.bcliquorstores.com/sites/default/files/imagecache/height400px/262626.jpeg,2323,2026-10-01 21:10:01,,6,"['00080660953014', '00089609500005', '07501064196164']",False,,0.355,[],PACIFICO CLARA,Pilsner,Mexico,False,,2,2,,,False,140.0,PACIFICO CLARA,0.046,Import Beer,False,[],SR,,,MX,,Mexico And Caribbean Beer,,False,False,0,17.49,,False,,,pacifico clara,,,148,Beer,[],True,1000,1007,1191,4947.99,40629.27,0.09798,178.5058175137783,0.7106598984771574
257,bcls,product,444089,0.24271375,PARALLEL 49 - BIERFEST OKTOBERFEST MIXER TALL CAN,,,Domestic - BC Beer,3.7,[],,22.49,True,False,,,"Parallel 49's Oktoberfest Pack includes two cans each of their Schwarzbier, German Pilsner, Festbier and Hefeweizen.
",,['New Product'],,,444089,,[],http://www.bcliquorstores.com/sites/default/files/imagecache/height400px/444089.jpeg,1607,2026-10-01 21:10:01,,8,['00823994005192'],False,,0.473,[],PARALLEL 49 - BIERFEST OKTOBERFEST MIXER TALL CAN,Variety Pack,Canada,True,,2,2,,,False,115.0, BIERFEST OKTOBERFEST MIXER TALL CAN,0.052000000000000005,Domestic Beer,False,['New Product'],ST,BC Craft Beer,PARALLEL 49 ,CA,,Domestic - BC Regional Beer,,False,False,0,22.49,,True,,,parallel 49 - bierfest oktoberfest mixer tall can,,,45,Beer,"[{'id': 'empty-placeholder', 'label': '&nbsp;', 'labelLengthWithoutTags': 1}, {'id': 'new', 'label': 'NEW', 'labelLengthWithoutTags': 3}]",True,1000,1006,1135,6080.888,36141.43,0.196768,114.29704016913318,0.583756345177665
258,bcls,product,666782,0.24544263,PARALLEL 49 - CRAFT DRAFT STOUT TALL CAN,,,Domestic - BC Beer,3.6,[],True,2.99,False,False,2026-09-27T00:00:00.000-07:00,,False,2026-09-27T00:00:00.000-07:00,['On Sale'],2026-10-24T00:00:00.000-07:00,,666782,True,[],http://www.bcliquorstores.com/sites/default/files/imagecache/height400px/666782.jpeg,28,2026-10-01 21:10:01,,1,['00823994006649'],False,,0.418,[],PARALLEL 49 - CRAFT DRAFT STOUT TALL CAN,Stout,Canada,True,,2,2,,,False,6.0, CRAFT DRAFT STOUT TALL CAN,0.046,Domestic Beer,False,['On Sale'],SH,BC Craft Beer,PARALLEL 49 ,CA,,Domestic - BC Regional Beer,,False,False,0,2.79,,False,,,parallel 49 - craft draft stout tall can,,2026-10-24T00:00:00.000-07:00,23,Beer,[],True,1000,1006,1135,11.703999999999999,83.72,0.019228,155.50239234449762,0.030456852791878174
259,bcls,product,294981,0.24271375,PARALLEL 49 - CRAFT IPA TALL CAN,,,Domestic - BC Beer,4.3,['The Starting Lineup'],True,3.19,True,False,2026-09-27T00:00:00.000-07:00,,"An easy-drinking West Coast IPA with a well balanced, clean dry finish.
",2026-09-27T00:00:00.000-07:00,"['BCL Select', 'On Sale']",2026-10-24T00:00:00.000-07:00,,294981,True,['The Starting Lineup'],http://www.bcliquorstores.com/sites/default/files/imagecache/height400px/294981.jpeg,16334,2026-10-01 21:10:01,,1,['00823994006496'],False,,0.473,[],PARALLEL 49 - CRAFT IPA TALL CAN,India Pale Ale,Canada,True,,2,2,,,False,161.0, CRAFT IPA TALL CAN,0.065,Domestic Beer,True,"['BCL Select', 'On Sale']",C,BC Craft Beer,PARALLEL 49 ,CA,,Domestic - BC Regional Beer,,False,False,0,2.49,,False,"[{'urlAlias': '/promotion/october-lineup', 'name': 'The Starting Lineup', 'promoCode': '2026OCTLINEUP', 'published': True, 'shortName': ''}]","[{'urlAlias': '/promotion/october-lineup', 'name': 'The Starting Lineup', 'promoCode': '2026OCTLINEUP', 'published': True, 'shortName': ''}]",parallel 49 - craft ipa tall can,,2026-10-24T00:00:00.000-07:00,34,Beer,"[{'id': 'featured', 'label': 'FEATURED', 'labelLengthWithoutTags': 8}, {'id': 'exclusive', 'label': 'ONLY@BCL', 'labelLengthWithoutTags': 8}]",True,1000,1006,1135,7725.982,52105.46,0.030744999999999998,103.7567084078712,0.817258883248731
260,bcls,product,449959,0.24544263,PARALLEL 49 - CRAFT LAGER CAN,,,Domestic - BC Beer,3.8,[],,23.99,True,False,,,"A light, clean lager with a hint of malt and subtle hop flavour. An iconic East Van beer. Clean, crisp and refreshing. A pale lager brewed with all malted barley and local Sterling hops grown at Sartori Cedar Ranch in Chilliwack, BC. Fermented cool using a traditional German lager yeast.
",,[],,,449959,,[],http://www.bcliquorstores.com/sites/default/files/imagecache/height400px/449959.jpeg,836,2026-10-01 21:10:01,,12,['00626990235064'],False,,0.355,[],PARALLEL 49 - CRAFT LAGER CAN,Lager,Canada,True,,2,2,,,False,87.0, CRAFT LAGER CAN,0.05,Domestic Beer,False,[],G,BC Craft Beer,PARALLEL 49 ,CA,,Domestic - BC Regional Beer,,False,False,0,23.99,,False,,,parallel 49 - craft lager can,,,313,Beer,[],True,1000,1006,1135,3561.3599999999997,20055.64,0.213,112.62910798122066,0.4416243654822335
261,bcls,product,287026,0.24544263,PARALLEL 49 - CRAFT LAGER LIGHT CAN,,,Domestic - BC Beer,3.8,[],,27.99,True,False,,,"A crisp and refreshing light lager with subtle grain and floral hop notes, perfect for easy, casual sipping.
",,['BCL Select'],,,287026,,[],http://www.bcliquorstores.com/sites/default/files/imagecache/height400px/287026.jpeg,1841,2026-10-01 21:10:01,,15,['00823994005925'],False,,0.355,[],PARALLEL 49 - CRAFT LAGER LIGHT CAN,Lager,Canada,True,,2,2,,,False,126.0, CRAFT LAGER LIGHT CAN,0.04,Domestic Beer,True,['BCL Select'],C,BC Craft Beer,PARALLEL 49 ,CA,,Domestic - BC Regional Beer,,False,False,0,27.99,,False,,,parallel 49 - craft lager light can,,,122,Beer,"[{'id': 'empty-placeholder', 'label': '&nbsp;', 'labelLengthWithoutTags': 1}, {'id': 'exclusive', 'label': 'ONLY@BCL', 'labelLengthWithoutTags': 8}]",True,1000,1006,1135,9803.324999999999,51529.59,0.21299999999999997,131.40845070422537,0.6395939086294417
262,bcls,product,275873,0.24544263,PARALLEL 49 - CRAFT LAGER LIME TALL CAN,,,Domestic - BC Beer,4.1,[],,2.69,False,False,,,False,,['BCL Select'],,,275873,,[],http://www.bcliquorstores.com/sites/default/files/imagecache/height400px/275873.jpeg,8342,2026-10-01 21:10:01,,1,['00823994006571'],False,,0.473,[],PARALLEL 49 - CRAFT LAGER LIME TALL CAN,Lager,Canada,True,,3,3,,,False,125.0, CRAFT LAGER LIME TALL CAN,0.045,Domestic Beer,True,['BCL Select'],C,BC Craft Beer,PARALLEL 49 ,CA,,Domestic - BC Regional Beer,,False,False,0,2.69,,False,,,parallel 49 - craft lager lime tall can,,,25,Beer,"[{'id': 'empty-placeholder', 'label': '&nbsp;', 'labelLengthWithoutTags': 1}, {'id': 'exclusive', 'label': 'ONLY@BCL', 'labelLengthWithoutTags': 8}]",True,1000,1006,1135,3945.7659999999996,22439.98,0.021285,126.38007986845197,0.6345177664974619
263,bcls,product,667764,0.24544263,PARALLEL 49 - CRAFT LAGER MIXER PACK CAN,,,Domestic - BC Beer,4.0,[],,24.29,False,False,,,False,,[],,,667764,,[],http://www.bcliquorstores.com/sites/default/files/imagecache/height400px/667764.jpeg,180,2026-10-01 15:10:01,,12,['00823994006878'],False,,0.355,[],PARALLEL 49 - CRAFT LAGER MIXER PACK CAN,,Canada,True,,3,3,,,False,32.0, CRAFT LAGER MIXER PACK CAN,0.0463,Domestic Beer,False,[],SH,BC Craft Beer,PARALLEL 49 ,CA,,Domestic - BC Regional Beer,,False,False,0,24.29,,False,,,parallel 49 - craft lager mixer pack can,,,9,Beer,[],True,1000,1006,1135,766.8,4372.2,0.197238,123.15071132337582,0.16243654822335024
264,bcls,product,254850,0.24271375,PARALLEL 49 - CRAFT LAGER TALL CAN,,,Domestic - BC Beer,3.8,[],,2.69,True,False,,,"A light, clean lager with a hint of malt and subtle hop flavour. An iconic East Van beer. Clean, crisp and refreshing. A pale lager brewed with all malted barley and local Sterling hops grown at Sartori Cedar Ranch in Chilliwack, BC. Fermented cool using a traditional German lager yeast.
",,['BCL Select'],,,254850,,[],http://www.bcliquorstores.com/sites/default/files/imagecache/height400px/254850.jpeg,18168,2026-10-01 21:10:01,,1,['00823994001873'],False,,0.473,[],PARALLEL 49 - CRAFT LAGER TALL CAN,Lager,Canada,True,,2,2,,,False,165.0, CRAFT LAGER TALL CAN,0.05,Domestic Beer,True,['BCL Select'],C,BC Craft Beer,PARALLEL 49 ,CA,,Domestic - BC Regional Beer,,False,False,0,2.69,,False,,,parallel 49 - craft lager tall can,,,144,Beer,"[{'id': 'empty-placeholder', 'label': '&nbsp;', 'labelLengthWithoutTags': 1}, {'id': 'exclusive', 'label': 'ONLY@BCL', 'labelLengthWithoutTags': 8}]",True,1000,1006,1135,8593.464,48871.92,0.02365,113.74207188160676,0.8375634517766497
265,bcls,product,186059,0.24544263,PARALLEL 49 - CRAFT PACK CANS,,,Domestic - BC Beer,3.9,[],,24.99,True,False,,,"Parallel 49 Craft Pack brings you three of the most refreshing and easy-drinking styles from their award-winning roster, including the iconic Craft Lager, Craft Pale Ale and Craft Pilsner.
",,['BCL Select'],,,186059,,[],http://www.bcliquorstores.com/sites/default/files/imagecache/height400px/186059.jpeg,1458,2026-10-01 21:10:01,,12,['00823994002511'],False,,0.355,[],PARALLEL 49 - CRAFT PACK CANS,Variety Pack,Canada,True,,2,2,,,False,120.0, CRAFT PACK CANS,0.05,Domestic Beer,True,['BCL Select'],C,BC Craft Beer,PARALLEL 49 ,CA,,Domestic - BC Regional Beer,,False,False,0,24.99,,False,,,parallel 49 - craft pack cans,,,126,Beer,"[{'id': 'empty-placeholder', 'label': '&nbsp;', 'labelLengthWithoutTags': 1}, {'id': 'exclusive', 'label': 'ONLY@BCL', 'labelLengthWithoutTags': 8}]",True,1000,1006,1135,6211.08,36435.42,0.213,117.32394366197182,0.6091370558375635
266,bcls,product,254842,0.24544263,PARALLEL 49 - CRAFT PALE ALE TALL CAN,,,Domestic - BC Beer,3.9,[],,2.79,True,False,,,"A well-balanced, refreshing and hoppy beer with supporting caramel malts. The Centennial and Amarillo hops showcase aromas and flavours of orange and grapefruit while the yeast provides a juicy peachiness. Craft Pale Ale is refreshing and highly drinkable Northwest Pale Ale.
",,[],,,254842,,[],http://www.bcliquorstores.com/sites/default/files/imagecache/height400px/254842.jpeg,11277,2026-10-01 21:10:01,,1,['00823994002351'],False,,0.473,[],PARALLEL 49 - CRAFT PALE ALE TALL CAN,Pale Ale,Canada,True,,2,2,,,False,120.0, CRAFT PALE ALE TALL CAN,0.05,Domestic Beer,False,[],SR,BC Craft Beer,PARALLEL 49 ,CA,,Domestic - BC Regional Beer,,False,False,0,2.79,,False,,,parallel 49 - craft pale ale tall can,,,125,Beer,[],True,1000,1006,1135,5334.021,31462.83,0.02365,117.97040169133192,0.6091370558375635
267,bcls,product,254836,0.24544263,PARALLEL 49 - CRAFT PILSNER TALL CAN,,,Domestic - BC Beer,3.3,['The Starting Lineup'],True,2.69,True,False,2026-09-27T00:00:00.000-07:00,,"A crisp, golden pilsner with rich maltiness and floral hop notes, honoring the classic Czech style with a modern twist.
",2026-09-27T00:00:00.000-07:00,"['BCL Select', 'On Sale']",2026-10-24T00:00:00.000-07:00,,254836,True,['The Starting Lineup'],http://www.bcliquorstores.com/sites/default/files/imagecache/height400px/254836.jpeg,20795,2026-10-01 21:10:01,,1,['00823994003020'],False,,0.473,[],PARALLEL 49 - CRAFT PILSNER TALL CAN,Pilsner,Canada,True,,2,2,,,False,128.0, CRAFT PILSNER TALL CAN,0.05,Domestic Beer,True,"['BCL Select', 'On Sale']",C,BC Craft Beer,PARALLEL 49 ,CA,,Domestic - BC Regional Beer,,False,False,0,1.99,,False,"[{'urlAlias': '/promotion/october-lineup', 'name': 'The Starting Lineup', 'promoCode': '2026OCTLINEUP', 'published': True, 'shortName': ''}]","[{'urlAlias': '/promotion/october-lineup', 'name': 'The Starting Lineup', 'promoCode': '2026OCTLINEUP', 'published': True, 'shortName': ''}]",parallel 49 - craft pilsner tall can,,2026-10-24T00:00:00.000-07:00,81,Beer,"[{'id': 'featured', 'label': 'FEATURED', 'labelLengthWithoutTags': 8}, {'id': 'exclusive', 'label': 'ONLY@BCL', 'labelLengthWithoutTags': 8}]",True,1000,1006,1135,9836.035,55938.549999999996,0.02365,113.74207188160676,0.649746192893401
268,bcls,product,152658,0.24544263,PARALLEL 49 - FILTHY DIRTY IPA CAN,,,Domestic - BC Beer,4.1,[],,15.49,True,False,,,"A West Coast style IPA with a ton of hop flavour and aroma. Subtle sweet malt flavour backs up the huge amount of orange, grapefruit, pine and floral aromas this beer expels.
",,[],,,152658,,[],http://www.bcliquorstores.com/sites/default/files/imagecache/height400px/152658.jpeg,1260,2026-10-01 21:10:01,,6,['00823994001859'],False,,0.355,[],PARALLEL 49 - FILTHY DIRTY IPA CAN,India Pale Ale,Canada,True,,2,2,,,False,126.0, FILTHY DIRTY IPA CAN,0.07200000000000001,Domestic Beer,False,[],SR,BC Craft Beer,PARALLEL 49 ,CA,,Domestic - BC Regional Beer,,False,False,0,15.49,,False,,,parallel 49 - filthy dirty ipa can,,,106,Beer,[],True,1000,1006,1135,2683.7999999999997,19517.4,0.15336000000000002,101.00417318727176,0.6395939086294417
269,bcls,product,195236,0.24544263,PARALLEL 49 - FILTHY DIRTY IPA TALL CAN,,,Domestic - BC Beer,4.2,[],True,3.29,False,False,2026-09-27T00:00:00.000-07:00,,"A West Coast style IPA with a ton of hop flavour and aroma. Subtle sweet malt flavour backs up the huge amount of orange, grapefruit, pine and floral aromas this beer expels.
",2026-09-27T00:00:00.000-07:00,['On Sale'],2026-10-24T00:00:00.000-07:00,,195236,True,[],http://www.bcliquorstores.com/sites/default/files/imagecache/height400px/195236.jpeg,1,2026-10-01 21:10:01,,1,['00823994000616'],False,,0.473,[],PARALLEL 49 - FILTHY DIRTY IPA TALL CAN,India Pale Ale,Canada,True,,2,2,,,False,1.0, FILTHY DIRTY IPA TALL CAN,0.07200000000000001,Domestic Beer,False,['On Sale'],SH,BC Craft Beer,PARALLEL 49 ,CA,,Domestic - BC Regional Beer,,False,False,0,3.39,,False,,,parallel 49 - filthy dirty ipa tall can,,2026-10-24T00:00:00.000-07:00,10,Beer,[],True,1000,1006,1135,0.473,3.29,0.034056,96.6055907916373,0.005076142131979695
270,bcls,product,723382,0.24271375,PARALLEL 49 - HOP PACK TALL CAN MIXER,,,Domestic - BC Beer,5.0,[],,23.29,False,False,,,False,,['New Product'],,,723382,,[],http://www.bcliquorstores.com/sites/default/files/imagecache/height400px/723382.jpeg,1132,2026-10-01 21:10:01,,8,['00823994006861'],False,,0.473,[],PARALLEL 49 - HOP PACK TALL CAN MIXER,Variety Pack,Canada,True,,2,2,,,False,104.0, HOP PACK TALL CAN MIXER,0.0538,Domestic Beer,False,['New Product'],SH,BC Craft Beer,PARALLEL 49 ,CA,,Domestic - BC Regional Beer,,False,False,0,23.29,,True,,,parallel 49 - hop pack tall can mixer,,,1,Beer,"[{'id': 'empty-placeholder', 'label': '&nbsp;', 'labelLengthWithoutTags': 1}, {'id': 'new', 'label': 'NEW', 'labelLengthWithoutTags': 3}]",True,1000,1006,1135,4283.487999999999,26364.28,0.2035792,114.40265017251272,0.5279187817258884
271,bcls,product,173693,0.24544263,PARALLEL 49 - SCHADENFREUDE PUMPKIN OKTOBERFEST CAN,,,Domestic - BC Beer,4.0,[],,14.49,True,False,,,"This malty Oktoberfest-style lager has real pumpkin added to the mash and pumpkin pie spices added to the brew kettle. Expect a malty lager with pumpkin, cinnamon, nutmeg and ginger.
",,['New Product'],,,173693,,[],http://www.bcliquorstores.com/sites/default/files/imagecache/height400px/173693.jpeg,1510,2026-10-01 21:10:01,,6,['00823994002733'],False,,0.355,[],PARALLEL 49 - SCHADENFREUDE PUMPKIN OKTOBERFEST CAN,Lager,Canada,True,,2,2,,,False,83.0, SCHADENFREUDE PUMPKIN OKTOBERFEST CAN,0.05,Domestic Beer,False,['New Product'],ST,BC Craft Beer,PARALLEL 49 ,CA,,Domestic - BC Regional Beer,,False,False,0,14.49,,True,,,parallel 49 - schadenfreude pumpkin oktoberfest can,,,61,Beer,"[{'id': 'empty-placeholder', 'label': '&nbsp;', 'labelLengthWithoutTags': 1}, {'id': 'new', 'label': 'NEW', 'labelLengthWithoutTags': 3}]",True,1000,1006,1135,3216.2999999999997,21879.9,0.1065,136.05633802816902,0.4213197969543147
272,bcls,product,37080,0.24271375,PARALLEL 49 - TRASH PANDA I.P.A CAN,,,Domestic - BC Beer,4.0,[],True,14.99,True,False,2026-09-27T00:00:00.000-07:00,,"A North East-style hazy IPA. Huge amounts of dry-hopping give this beer complex notes of melon, tropical fruit and pear.
",2026-09-27T00:00:00.000-07:00,['On Sale'],2026-10-24T00:00:00.000-07:00,,37080,True,[],http://www.bcliquorstores.com/sites/default/files/imagecache/height400px/37080.jpeg,702,2026-10-01 21:10:01,,6,['00823994000784'],False,,0.355,[],PARALLEL 49 - TRASH PANDA I.P.A CAN,India Pale Ale,Canada,True,,2,2,,,False,89.0, TRASH PANDA I.P.A CAN,0.055,Domestic Beer,False,['On Sale'],SR,BC Craft Beer,PARALLEL 49 ,CA,,Domestic - BC Regional Beer,,False,False,0,12.99,,False,,,parallel 49 - trash panda i.p.a can,,2026-10-24T00:00:00.000-07:00,211,Beer,[],True,1000,1006,1135,1495.26,10522.98,0.11714999999999999,127.95561246265473,0.4517766497461929
273,bcls,product,294962,0.24544263,PARALLEL 49 - TRICYCLE GRAPEFRUIT RADLER TALL CAN,,,Domestic - BC Beer,3.3,[],True,2.99,True,False,2026-09-27T00:00:00.000-07:00,,"A crisp lager infused with ruby red grapefruit for a refreshing, citrus-forward experience.
",2026-09-27T00:00:00.000-07:00,['On Sale'],2026-10-24T00:00:00.000-07:00,,294962,True,[],http://www.bcliquorstores.com/sites/default/files/imagecache/height400px/294962.jpeg,2505,2026-10-01 21:10:01,,1,['00823994006489'],False,,0.473,[],PARALLEL 49 - TRICYCLE GRAPEFRUIT RADLER TALL CAN,Lager,Canada,True,,3,3,,,False,68.0, TRICYCLE GRAPEFRUIT RADLER TALL CAN,0.035,Domestic Beer,False,['On Sale'],SH,BC Craft Beer,PARALLEL 49 ,CA,,Domestic - BC Regional Beer,,False,False,0,2.37,,False,,,parallel 49 - tricycle grapefruit radler tall can,,2026-10-24T00:00:00.000-07:00,73,Beer,[],True,1000,1006,1135,1184.865,7489.950000000001,0.016555,180.61008758683178,0.34517766497461927
274,bcls,product,207963,0.24544263,PARALLEL 49 - UNPARALLELED 8 PACK TALL CAN,,,Domestic - BC Beer,4.1,[],True,22.99,True,False,2026-09-27T00:00:00.000-07:00,,"A mixer pack like no other, Parallel 49's Unparalleled Pack boasts the perfect selection of light yet hoppy Jerkface 9000 Wheat Ale, a juicy Space Kitty IPA, along with hop bombs, Filthy Dirty IPA and Trash Panda Hazy IPA. 
",2026-09-27T00:00:00.000-07:00,['On Sale'],2026-10-24T00:00:00.000-07:00,,207963,True,[],http://www.bcliquorstores.com/sites/default/files/imagecache/height400px/207963.jpeg,825,2026-10-01 21:10:01,,8,['00823994002184'],False,,0.473,[],PARALLEL 49 - UNPARALLELED 8 PACK TALL CAN,Variety Pack,Canada,True,,2,2,,,False,110.0, UNPARALLELED 8 PACK TALL CAN,0.057999999999999996,Domestic Beer,False,['On Sale'],SR,BC Craft Beer,PARALLEL 49 ,CA,,Domestic - BC Regional Beer,,False,False,0,19.99,,False,,,parallel 49 - unparalleled 8 pack tall can,,2026-10-24T00:00:00.000-07:00,131,Beer,[],True,1000,1006,1135,3121.7999999999997,18966.75,0.21947199999999997,104.7514033680834,0.5583756345177665
275,bcls,product,442968,0.24544263,PARKSIDE - DAWN PILSNER TALL CAN,,,Domestic - BC Beer,4.3,[],True,13.99,True,False,2026-09-27T00:00:00.000-07:00,,,2026-09-27T00:00:00.000-07:00,['On Sale'],2026-10-24T00:00:00.000-07:00,,442968,True,[],http://www.bcliquorstores.com/sites/default/files/imagecache/height400px/442968.jpeg,1097,2026-10-01 21:10:01,,4,"['00696852156271', '00628055331506']",False,,0.473,[],PARKSIDE - DAWN PILSNER TALL CAN,Pilsner,Canada,True,,2,2,,,False,80.0, DAWN PILSNER TALL CAN,0.048,Domestic Beer,False,['On Sale'],SR,BC Craft Beer,PARKSIDE ,CA,,Domestic - BC Micro Brew Beer,,False,False,0,10.99,,False,,,parkside - dawn pilsner tall can,,2026-10-24T00:00:00.000-07:00,73,Beer,[],True,1000,1006,1133,2075.524,15347.03,0.090816,154.04774489076817,0.40609137055837563
276,bcls,product,131066,0.24271375,PARKSIDE - DREAMBOAT HAZY I.P.A TALL CAN,,,Domestic - BC Beer,4.4,[],,14.99,True,False,,,"This hazy IPA has waves of fresh melon and hand-squeezed citrus notes. Double dry-hopped with Citra and Azacca during and after fermentation. A juicy treat that lingers like a hazy dream.
",,[],,,131066,,[],http://www.bcliquorstores.com/sites/default/files/imagecache/height400px/131066.jpeg,1109,2026-10-01 21:10:01,,4,"['00696852156226', '00628055331223']",False,,0.473,[],PARKSIDE - DREAMBOAT HAZY I.P.A TALL CAN,India Pale Ale,Canada,True,,2,2,,,False,87.0, DREAMBOAT HAZY I.P.A TALL CAN,0.063,Domestic Beer,False,[],SR,BC Craft Beer,PARKSIDE ,CA,,Domestic - BC Micro Brew Beer,,False,False,0,14.99,,False,,,parkside - dreamboat hazy i.p.a tall can,,,155,Beer,[],True,1000,1006,1133,2098.228,16623.91,0.119196,125.75925366623042,0.4416243654822335
277,bcls,product,248235,0.24544263,PARKSIDE - PARK PACK 8-MIX PACK TALL CAN,,,Domestic - BC Beer,4.3,[],,23.99,False,False,,,"This 8-can mixpack features four award-winning brews that'll keep your tastebuds & friends thoroughly entertained. Containing 2 x 473ml each of Dreamboat Hazy IPA, Humans Hazy IPA, Dawn Pilsner and Dusk Pale Ale.",,[],,,248235,,[],http://www.bcliquorstores.com/sites/default/files/imagecache/height400px/248235.jpeg,871,2026-10-01 21:10:01,,8,['00696852156165'],False,,0.473,[],PARKSIDE - PARK PACK 8-MIX PACK TALL CAN,Variety Pack,Canada,True,,2,2,,,False,91.0, PARK PACK 8-MIX PACK TALL CAN,0.063,Domestic Beer,False,[],SR,BC Craft Beer,PARKSIDE ,CA,,Domestic - BC Micro Brew Beer,,False,False,0,23.99,,False,,,parkside - park pack 8-mix pack tall can,,,18,Beer,[],True,1000,1006,1133,3295.864,20895.289999999997,0.238392,100.63257156280412,0.4619289340101523
278,bcls,product,652057,0.24544263,PAULANER - HEFE WEISSEBIER TALL CAN,,,Import Beer,4.4,[],,3.69,False,False,,,"The No. 1 Weissbier in Germany and one of the world's favourites. Naturally cloudy and shining silky-gold in the glass under a really strong head of foam. At the first mouthful this weissbier classic has a mild aroma of banana. Finer palates detect a trace of mango and pineapple and the balance between sweet and bitter. Beer connoisseurs appreciate the fine note of yeast and the mild but sparkling mix of aromas. It is a typical beer garden beer, which brings people together all over the world.
",,[],,,652057,,[],http://www.bcliquorstores.com/sites/default/files/imagecache/height400px/652057.jpeg,6547,2026-10-01 21:10:01,,1,"['04066600692003', '04066600601937', '04066600601920']",False,,0.5,[],PAULANER - HEFE WEISSEBIER TALL CAN,Wheat,Germany,False,,2,2,,,False,110.0, HEFE WEISSEBIER TALL CAN,0.055,Import Beer,False,[],SR,,PAULANER ,DE,,Europe Beer,,False,False,0,3.69,,False,,,paulaner - hefe weissebier tall can,,,200,Beer,[],True,1000,1007,1188,3273.5,24158.43,0.0275,134.1818181818182,0.5583756345177665
279,bcls,product,271563,0.24271375,PAULANER - OKTOBERFEST 5L KEG,,,Import Beer,4.0,[],,42.89,False,False,,,False,,['New Product'],,,271563,,[],http://www.bcliquorstores.com/sites/default/files/imagecache/height400px/271563.jpeg,117,2026-10-01 21:10:01,,1,['00080157201642'],False,,5.0,[],PAULANER - OKTOBERFEST 5L KEG,Lager,Germany,False,,2,2,,,False,14.0, OKTOBERFEST 5L KEG,0.06,Import Beer,False,['New Product'],ST,,PAULANER ,DE,,Europe Beer,,False,False,0,42.89,,True,,,paulaner - oktoberfest 5l keg,,,4,Beer,"[{'id': 'empty-placeholder', 'label': '&nbsp;', 'labelLengthWithoutTags': 1}, {'id': 'new', 'label': 'NEW', 'labelLengthWithoutTags': 3}]",False,1000,1007,1188,585.0,5018.13,0.3,142.96666666666667,0.07106598984771574
280,bcls,product,644740,0.24271375,PAULANER - OKTOBERFEST BIER TALL CAN,,,Import Beer,4.0,[],,3.79,False,False,,,,,['New Product'],,,644740,,[],http://www.bcliquorstores.com/sites/default/files/imagecache/height400px/644740.jpeg,12978,2026-10-01 21:10:01,,1,['04066600611684'],False,,0.5,[],PAULANER - OKTOBERFEST BIER TALL CAN,Lager,Germany,False,,2,2,,,False,82.0, OKTOBERFEST BIER TALL CAN,0.06,Import Beer,False,['New Product'],ST,,PAULANER ,DE,,Europe Beer,,False,False,0,3.79,,True,,,paulaner - oktoberfest bier tall can,,,118,Beer,"[{'id': 'empty-placeholder', 'label': '&nbsp;', 'labelLengthWithoutTags': 1}, {'id': 'new', 'label': 'NEW', 'labelLengthWithoutTags': 3}]",True,1000,1007,1188,6489.0,49186.62,0.03,126.33333333333334,0.41624365482233505
281,bcls,product,400347,0.24271375,PERONI - NASTRO AZZURRO CAN,,,Import Beer,4.5,['Our Best Sellers'],True,31.79,False,False,2026-09-27T00:00:00.000-07:00,,"This beer is brewed with Italian passion and superior ingredients for a uniquely uplifting taste. We describe Peroni Nastro Azzurro as a pale golden, crisp and refreshing beer, with a delicate balance of bitterness, citrus and aromatic notes and a fast, clean finish. It's a modern Italian masterpiece.
",2026-09-27T00:00:00.000-07:00,"['BCL Select', 'On Sale']",2026-10-24T00:00:00.000-07:00,,400347,True,['Our Best Sellers'],http://www.bcliquorstores.com/sites/default/files/imagecache/height400px/400347.jpeg,3423,2026-10-01 21:10:01,,12,['08008440512406'],False,,0.33,[],PERONI - NASTRO AZZURRO CAN,Lager,Italy,False,,2,2,,,False,134.0, NASTRO AZZURRO CAN,0.051,Import Beer,True,"['BCL Select', 'On Sale']",C,,PERONI ,IT,,Europe Beer,,False,False,0,21.79,,False,"[{'urlAlias': '/promotion/best-sellers', 'name': 'Our Best Sellers', 'promoCode': 'MARCH2026BESTSELLERS', 'published': True, 'shortName': ''}]","[{'urlAlias': '/promotion/best-sellers', 'name': 'Our Best Sellers', 'promoCode': 'MARCH2026BESTSELLERS', 'published': True, 'shortName': ''}]",peroni - nastro azzurro can,,2026-10-24T00:00:00.000-07:00,164,Beer,"[{'id': 'featured', 'label': 'FEATURED', 'labelLengthWithoutTags': 8}, {'id': 'exclusive', 'label': 'ONLY@BCL', 'labelLengthWithoutTags': 8}]",True,1000,1007,1188,13555.08,108817.17,0.20195999999999997,157.40740740740742,0.6802030456852792
282,bcls,product,652487,0.24544263,PERONI NASTRO  AZZURRO TALL CAN,,,Import Beer,4.1,[],,3.89,False,False,,,"This beer is brewed with Italian passion and superior ingredients for a uniquely uplifting taste. We describe Peroni Nastro Azzurro as a pale golden, crisp and refreshing beer, with a delicate balance of bitterness, citrus and aromatic notes and a fast, clean finish. It's a modern Italian masterpiece.
",,[],,,652487,,[],http://www.bcliquorstores.com/sites/default/files/imagecache/height400px/652487.jpeg,7747,2026-10-01 21:10:01,,1,['08008440422019'],False,,0.5,[],PERONI NASTRO  AZZURRO TALL CAN,Lager,Italy,False,,2,2,,,False,89.0,PERONI NASTRO  AZZURRO TALL CAN,0.051,Import Beer,False,[],SR,,,IT,,Europe Beer,,False,False,0,3.89,,False,,,peroni nastro  azzurro tall can,,,80,Beer,[],True,1000,1007,1188,3873.5,30135.83,0.0255,152.54901960784315,0.4517766497461929
283,bcls,product,525188,0.24271375,PERONI NASTRO AZZURRO,,,Import Beer,4.1,[],True,17.29,False,False,2026-09-27T00:00:00.000-07:00,,"This beer is brewed with Italian passion and superior ingredients for a uniquely uplifting taste. We describe Peroni Nastro Azzurro as a pale golden, crisp and refreshing beer, with a delicate balance of bitterness, citrus and aromatic notes and a fast, clean finish. It's a modern Italian masterpiece.
",2026-09-27T00:00:00.000-07:00,['On Sale'],2026-10-24T00:00:00.000-07:00,,525188,True,[],http://www.bcliquorstores.com/sites/default/files/imagecache/height400px/525188.jpeg,3442,2026-10-01 21:10:01,,6,"['08008440522016', '00181954000022', '08008440000583']",False,,0.33,[],PERONI NASTRO AZZURRO,Lager,Italy,False,,2,2,,,False,139.0,PERONI NASTRO AZZURRO,0.05,Import Beer,False,['On Sale'],SR,,,IT,,Europe Beer,,False,False,0,16.29,,False,,,peroni nastro azzurro,,2026-10-24T00:00:00.000-07:00,226,Beer,[],True,1000,1007,1188,6815.16,59512.18,0.099,174.64646464646464,0.7055837563451777
284,bcls,product,383094,0.24544263,PERONI NASTRO AZZURRO STILE CAPRI,,,Import Beer,4.5,[],True,16.79,False,False,2026-09-27T00:00:00.000-07:00,,"Peroni Nastro Azzurro Stile Capri is a light 4.2% ABV thirst quenching, easy drinking aromatic lager, with a delicate balance of bitterness and citrus notes. The balance of bitterness and spice is managed with a touch of Sicilian lemon and olive leaf to deliver a fresh, crisp beer with high sessionability.
",2026-09-27T00:00:00.000-07:00,['On Sale'],2026-10-24T00:00:00.000-07:00,,383094,True,[],http://www.bcliquorstores.com/sites/default/files/imagecache/height400px/383094.jpeg,948,2026-10-01 21:10:01,,6,['08008440719225'],False,,0.33,[],PERONI NASTRO AZZURRO STILE CAPRI,Lager,Italy,False,,2,2,,,False,78.0,PERONI NASTRO AZZURRO STILE CAPRI,0.042,Import Beer,False,['On Sale'],SH,,,IT,,Europe Beer,,False,False,0,14.79,,False,,,peroni nastro azzurro stile capri,,2026-10-24T00:00:00.000-07:00,33,Beer,[],True,1000,1007,1188,1877.04,15916.92,0.08316,201.8999518999519,0.39593908629441626
285,bcls,product,196244,0.24544263,PERSEPHONE BREWING - COAST LIFE LAGER CAN,,,Domestic - BC Beer,4.3,[],True,15.29,True,False,2026-09-27T00:00:00.000-07:00,,"Crisp and refreshing, this North American style lager is light and delicious and pairs well with floating of the water dreaming about saving the world.
",2026-09-27T00:00:00.000-07:00,['On Sale'],2026-10-24T00:00:00.000-07:00,,196244,True,[],http://www.bcliquorstores.com/sites/default/files/imagecache/height400px/196244.jpeg,670,2026-10-01 21:10:01,,6,['00626990288831'],False,,0.355,[],PERSEPHONE BREWING - COAST LIFE LAGER CAN,Lager,Canada,True,,2,2,,,False,67.0, COAST LIFE LAGER CAN,0.045,Domestic Beer,False,['On Sale'],SR,BC Craft Beer,PERSEPHONE BREWING ,CA,,Domestic - BC Micro Brew Beer,,False,False,0,14.29,,False,,,persephone brewing - coast life lager can,,2026-10-24T00:00:00.000-07:00,15,Beer,[],True,1000,1006,1133,1427.1,10244.3,0.09584999999999999,159.52008346374544,0.3401015228426396
286,bcls,product,62851,0.24271375,PERSEPHONE BREWING - GODDESS GOLDEN ALE,,,Domestic - BC Beer,4.3,[],,12.79,True,False,,,"Modeled after an English style summer bitter. Crisp, dry and refreshing, with a light biscuity malty character. A delicate, herbal hop aroma, backed with an assertive bitterness. 
",,[],,,62851,,[],http://www.bcliquorstores.com/sites/default/files/imagecache/height400px/62851.jpeg,402,2026-10-01 15:10:01,,6,['00626990186076'],False,,0.355,[],PERSEPHONE BREWING - GODDESS GOLDEN ALE,Pale Ale,Canada,True,,3,3,,,False,53.0, GODDESS GOLDEN ALE,0.05,Domestic Beer,False,[],SH,BC Craft Beer,PERSEPHONE BREWING ,CA,,Domestic - BC Micro Brew Beer,,False,False,0,12.79,,False,,,persephone brewing - goddess golden ale,,,162,Beer,[],True,1000,1006,1133,856.26,5141.58,0.1065,120.09389671361502,0.26903553299492383
287,bcls,product,437608,0.24271375,PERSEPHONE BREWING - PALE ALE,,,Domestic - BC Beer,3.9,[],,16.29,True,False,,,"A beer made with care, meant to share. This medium-bodied, light-coloured ale is bursting with citrus and tropical aromas form citra hops.
",,[],,,437608,,[],http://www.bcliquorstores.com/sites/default/files/imagecache/height400px/437608.jpeg,629,2026-10-01 21:10:01,,6,['00626990248590'],False,,0.355,[],PERSEPHONE BREWING - PALE ALE,Pale Ale,Canada,True,,2,2,,,False,64.0, PALE ALE,0.055,Domestic Beer,False,[],SR,BC Craft Beer,PERSEPHONE BREWING ,CA,,Domestic - BC Micro Brew Beer,,False,False,0,16.29,,False,,,persephone brewing - pale ale,,,54,Beer,[],True,1000,1006,1133,1339.77,10246.41,0.11714999999999999,139.05249679897568,0.3248730964467005
288,bcls,product,399717,0.24271375,PHILLIPS - BLUE BUCK ALE CAN,,,Domestic - BC Beer,3.8,[],,14.79,True,False,,,"Pouring a light amber colour with a straw head, soft aromas of citrus and hints of pine lead to a robust malt flavour accented with toasted caramel undertones. Its light and balanced mouthfeel finishes refreshingly crisp.
",,[],,,399717,,[],http://www.bcliquorstores.com/sites/default/files/imagecache/height400px/399717.jpeg,1,2026-09-28 08:10:01,,6,['00626990109129'],False,,0.355,[],PHILLIPS - BLUE BUCK ALE CAN,Pale Ale,Canada,True,,3,3,,,False,1.0, BLUE BUCK ALE CAN,0.05,Domestic Beer,False,[],G,BC Craft Beer,PHILLIPS ,CA,,Domestic - BC Regional Beer,,False,False,0,14.79,,False,,,phillips - blue buck ale can,,,233,Beer,[],True,1000,1006,1135,2.13,14.79,0.1065,138.8732394366197,0.005076142131979695
289,bcls,product,259083,0.24544263,PHILLIPS - IOTA HAZY IPA,,,De-Alcoholized Product,4.3,['Non-Alcoholic Drinks'],,8.79,,,,,"iOTA Hazy IPA is low on bitterness & full of citrus and juicy fruit notes. Our house malted barley lends a hand in creating a smooth sip and helps carry that tropical hazy hop profile.
",,[],,,259083,,['Non-Alcoholic Drinks'],http://www.bcliquorstores.com/sites/default/files/imagecache/height400px/259083.jpeg,753,2026-10-01 21:10:01,,4,"['00818278009676', '00818278009683']",False,,0.355,[],PHILLIPS - IOTA HAZY IPA,,Canada,False,,2,2,,,False,43.0, IOTA HAZY IPA,0.005,De-Alcoholized Beer,False,[],SR,,PHILLIPS ,CA,,Beer And Refreshment De-Alcoholized Product,,False,False,0,8.79,,False,"[{'urlAlias': '/promotion/non-alcoholic', 'name': 'Non-Alcoholic Drinks', 'promoCode': '2024NOALCOHOL', 'published': True, 'shortName': ''}]","[{'urlAlias': '/promotion/non-alcoholic', 'name': 'Non-Alcoholic Drinks', 'promoCode': '2024NOALCOHOL', 'published': True, 'shortName': ''}]",phillips - iota hazy ipa,,,61,General Merchandise,"[{'id': 'empty-placeholder', 'label': '&nbsp;', 'labelLengthWithoutTags': 1}, {'id': 'featured', 'label': 'FEATURED', 'labelLengthWithoutTags': 8}]",True,1000,1009,1128,1069.26,6618.869999999999,0.0070999999999999995,1238.0281690140844,0.2182741116751269
290,bcls,product,271572,0.24544263,PHILLIPS - IOTA PEACH WHEAT ALE CAN,,,De-Alcoholized Product,4.2,['Non-Alcoholic Drinks'],True,8.79,,,2026-09-27T00:00:00.000-07:00,,"A light-bodied ale with vibrant peach notes complemented by gentle citrus and soft malt, offering a refreshing, juicy flavour that finishes clean and easy for warm-weather sipping.
",2026-09-27T00:00:00.000-07:00,['On Sale'],2026-10-24T00:00:00.000-07:00,,271572,True,['Non-Alcoholic Drinks'],http://www.bcliquorstores.com/sites/default/files/imagecache/height400px/271572.jpeg,234,2026-10-01 21:10:01,,4,['00818278006378'],False,,0.355,[],PHILLIPS - IOTA PEACH WHEAT ALE CAN,,Canada,False,,2,2,,,False,8.0, IOTA PEACH WHEAT ALE CAN,0.0,De-Alcoholized Beer,False,['On Sale'],SR,,PHILLIPS ,CA,,Beer And Refreshment De-Alcoholized Product,,False,False,0,6.77,,False,"[{'urlAlias': '/promotion/non-alcoholic', 'name': 'Non-Alcoholic Drinks', 'promoCode': '2024NOALCOHOL', 'published': True, 'shortName': ''}]","[{'urlAlias': '/promotion/non-alcoholic', 'name': 'Non-Alcoholic Drinks', 'promoCode': '2024NOALCOHOL', 'published': True, 'shortName': ''}]",phillips - iota peach wheat ale can,,2026-10-24T00:00:00.000-07:00,16,General Merchandise,"[{'id': 'empty-placeholder', 'label': '&nbsp;', 'labelLengthWithoutTags': 1}, {'id': 'featured', 'label': 'FEATURED', 'labelLengthWithoutTags': 8}]",True,1000,1009,1128,332.28,2056.8599999999997,0.0,inf,0.04060913705583756
291,bcls,product,401106,0.24544263,PHILLIPS BREWING - BLUE BUCK ALE CAN,,,Domestic - BC Beer,4.0,[],,27.49,True,False,,,"Pouring a light amber colour with a straw head, soft aromas of citrus and hints of pine lead to a robust malt flavour accented with toasted caramel undertones. Its light and balanced mouthfeel finishes refreshingly crisp.
",,['BCL Select'],,,401106,,[],http://www.bcliquorstores.com/sites/default/files/imagecache/height400px/401106.jpeg,3468,2026-10-01 21:10:01,,15,['00818278004459'],False,,0.355,[],PHILLIPS BREWING - BLUE BUCK ALE CAN,Amber Ale,Canada,True,,2,2,,,False,155.0, BLUE BUCK ALE CAN,0.05,Domestic Beer,True,['BCL Select'],C,BC Craft Beer,PHILLIPS BREWING ,CA,,Domestic - BC Regional Beer,,False,False,0,27.49,,False,,,phillips brewing - blue buck ale can,,,134,Beer,"[{'id': 'empty-placeholder', 'label': '&nbsp;', 'labelLengthWithoutTags': 1}, {'id': 'exclusive', 'label': 'ONLY@BCL', 'labelLengthWithoutTags': 8}]",True,1000,1006,1135,18467.1,95335.31999999999,0.26625,103.24882629107981,0.7868020304568528
292,bcls,product,723370,0.24544263,PHILLIPS BREWING - BLUE BUCK ALE CAN,,,Domestic - BC Beer,4.2,[],True,16.99,False,False,2026-09-27T00:00:00.000-07:00,,"Pouring a light amber colour with a straw head, soft aromas of citrus and hints of pine lead to a robust malt flavour accented with toasted caramel undertones. Its light and balanced mouthfeel finishes refreshingly crisp.",2026-09-27T00:00:00.000-07:00,['On Sale'],2026-10-24T00:00:00.000-07:00,,723370,True,[],http://www.bcliquorstores.com/sites/default/files/imagecache/height400px/723370.jpeg,1758,2026-10-01 21:10:01,,8,['00818278007368'],False,,0.355,[],PHILLIPS BREWING - BLUE BUCK ALE CAN,Pale Ale,Canada,True,,2,2,,,False,136.0, BLUE BUCK ALE CAN,0.05,Domestic Beer,False,['On Sale'],SR,BC Craft Beer,PHILLIPS BREWING ,CA,,Domestic - BC Regional Beer,,False,False,0,14.99,,False,,,phillips brewing - blue buck ale can,,2026-10-24T00:00:00.000-07:00,15,Beer,[],True,1000,1006,1135,4992.719999999999,29868.42,0.142,119.64788732394366,0.6903553299492385
293,bcls,product,732159,0.24271375,PHILLIPS BREWING - BLUE BUCK KING CAN,,,Domestic - BC Beer,4.3,[],,3.29,False,False,,,"Pouring a light amber colour with a straw head, soft aromas of citrus and hints of pine lead to a robust malt flavour accented with toasted caramel undertones. Its light and balanced mouthfeel finishes refreshingly crisp.
",,['BCL Select'],,,732159,,[],http://www.bcliquorstores.com/sites/default/files/imagecache/height400px/732159.jpeg,85027,2026-10-01 21:10:01,,1,['00818278007535'],False,,0.568,[],PHILLIPS BREWING - BLUE BUCK KING CAN,Pale Ale,Canada,True,,2,2,,,False,177.0, BLUE BUCK KING CAN,0.05,Domestic Beer,True,['BCL Select'],C,BC Craft Beer,PHILLIPS BREWING ,CA,,Domestic - BC Regional Beer,,False,False,0,3.29,,False,,,phillips brewing - blue buck king can,,,18,Beer,"[{'id': 'empty-placeholder', 'label': '&nbsp;', 'labelLengthWithoutTags': 1}, {'id': 'exclusive', 'label': 'ONLY@BCL', 'labelLengthWithoutTags': 8}]",True,1000,1006,1135,48295.335999999996,279738.83,0.028399999999999998,115.84507042253522,0.8984771573604061
294,bcls,product,281204,0.24271375,PHILLIPS BREWING - BOX SET MIXED PACK CAN,,,Domestic - BC Beer,4.3,[],,24.99,True,False,,,"The Phillips Brewing Box Set Is Anchored By The Infamous Blue Buck, and Flanked By The Super Clean Tilt Lager, Classic Tiger Shark Pale Ale and The Award-Winning Implosion Pilsner. 
",,[],,,281204,,[],http://www.bcliquorstores.com/sites/default/files/imagecache/height400px/281204.jpeg,2425,2026-10-01 21:10:01,,12,"['00818278006521', '00818278001335']",False,,0.355,[],PHILLIPS BREWING - BOX SET MIXED PACK CAN,Variety Pack,Canada,True,,2,2,,,False,130.0, BOX SET MIXED PACK CAN,0.05,Domestic Beer,False,[],G,BC Craft Beer,PHILLIPS BREWING ,CA,,Domestic - BC Regional Beer,,False,False,0,24.99,,False,,,phillips brewing - box set mixed pack can,,,159,Beer,[],True,1000,1006,1135,10330.5,60600.74999999999,0.213,117.32394366197182,0.6598984771573604
295,bcls,product,332828,0.24544263,PHILLIPS BREWING - CROOKED TOOTH NITRO TALL CAN,,,Domestic - BC Beer,4.2,[],,3.89,False,False,,,"This nitro pumpkin ale offers gentle baking spices and rich pumpkin pie flavours. A smooth, creamy body leads to a soft, lingering finish.
",,['New Product'],,,332828,,[],http://www.bcliquorstores.com/sites/default/files/imagecache/height400px/332828.jpeg,8281,2026-10-01 21:10:01,,1,['00818278005418'],False,,0.473,[],PHILLIPS BREWING - CROOKED TOOTH NITRO TALL CAN,Strong Ale,Canada,True,,2,2,,,False,88.0, CROOKED TOOTH NITRO TALL CAN,0.07,Domestic Beer,False,['New Product'],ST,BC Craft Beer,PHILLIPS BREWING ,CA,,Domestic - BC Regional Beer,,False,False,0,3.89,,True,,,phillips brewing - crooked tooth nitro tall can,,,10,Beer,"[{'id': 'empty-placeholder', 'label': '&nbsp;', 'labelLengthWithoutTags': 1}, {'id': 'new', 'label': 'NEW', 'labelLengthWithoutTags': 3}]",True,1000,1006,1135,3916.913,32213.09,0.03311,117.48716399879191,0.4467005076142132
296,bcls,product,379204,0.24271375,PHILLIPS BREWING - DINOSOUR JURASSIC MIXED PACK TALL CAN,,,Domestic - BC Beer,4.4,[],,24.99,True,False,,,"Enjoy Western Canadas Best Selling Sour Beer In A New Mixed Pack. This Mixed Pack Has Four Pre-Historic Sours That Are Dangerously Juicy: Watermelon, Dragon fruit Lychee, Stone Fruit, and Raspberry Lime
",,[],,,379204,,[],http://www.bcliquorstores.com/sites/default/files/imagecache/height400px/379204.jpeg,1931,2026-10-01 21:10:01,,8,"['00818278005845', '00818278007191']",False,,0.473,[],PHILLIPS BREWING - DINOSOUR JURASSIC MIXED PACK TALL CAN,Wheat,Canada,True,,2,2,,,False,137.0, DINOSOUR JURASSIC MIXED PACK TALL CAN,0.042,Domestic Beer,False,[],SR,BC Craft Beer,PHILLIPS BREWING ,CA,,Domestic - BC Regional Beer,,False,False,0,24.99,,False,,,phillips brewing - dinosour jurassic mixed pack tall can,,,47,Beer,[],True,1000,1006,1135,7306.9039999999995,48255.689999999995,0.158928,157.2410147991543,0.6954314720812182
297,bcls,product,419578,0.24544263,PHILLIPS BREWING - DINOSOUR STONE FRUIT TALL CAN,,,Domestic - BC Beer,4.3,[],,3.49,True,False,,,"A ripe and juicy sour ale that has the perfect balance of sweet and tart. Crafted with the finest quality barley and wheat malt, this beer is co-fermented with a blend of in-house lactobacillus and ale yeast for a zingy, effervescent and punchy sour beer base. Aged on a stone fruit medley of apricots, peaches and nectarines, the flavours meld perfectly together—so much so it's hard to tell where one begins and the other ends, for a lush, fizzy treat.
",,['BCL Select'],,,419578,,[],http://www.bcliquorstores.com/sites/default/files/imagecache/height400px/419578.jpeg,8935,2026-10-01 21:10:01,,1,"['00818278004442', '00818278010337']",False,,0.473,[],PHILLIPS BREWING - DINOSOUR STONE FRUIT TALL CAN,Sour,Canada,True,,2,2,,,False,172.0, DINOSOUR STONE FRUIT TALL CAN,0.042,Domestic Beer,True,['BCL Select'],C,BC Craft Beer,PHILLIPS BREWING ,CA,,Domestic - BC Regional Beer,,False,False,0,3.49,,False,,,phillips brewing - dinosour stone fruit tall can,,,133,Beer,"[{'id': 'empty-placeholder', 'label': '&nbsp;', 'labelLengthWithoutTags': 1}, {'id': 'exclusive', 'label': 'ONLY@BCL', 'labelLengthWithoutTags': 8}]",True,1000,1006,1135,4226.255,31183.15,0.019866,175.67703614215242,0.8730964467005076
298,bcls,product,692497,0.24544263,PHILLIPS BREWING - DINOSOUR TROPICOLADA TALL CAN,,,Domestic - BC Beer,4.0,[],,15.29,False,False,,,"A bright, tropical sour ale with juicy pineapple up front, smooth coconut cream through the middle, and a clean, lightly tart finish. Refreshing and balanced, it delivers piña colada-inspired flavour with crisp acidity and an easy-drinking, rounded mouthfeel. 
",,[],,,692497,,[],http://www.bcliquorstores.com/sites/default/files/imagecache/height400px/692497.jpeg,279,2026-10-01 21:10:01,,4,['00818278007177'],False,,0.473,[],PHILLIPS BREWING - DINOSOUR TROPICOLADA TALL CAN,Sour,Canada,True,,2,2,,,False,30.0, DINOSOUR TROPICOLADA TALL CAN,0.042,Domestic Beer,False,[],ST,BC Craft Beer,PHILLIPS BREWING ,CA,,Domestic - BC Regional Beer,,False,False,0,15.29,,False,,,phillips brewing - dinosour tropicolada tall can,,,19,Beer,[],True,1000,1006,1135,527.8679999999999,4265.91,0.079464,192.41417497231447,0.15228426395939088
299,bcls,product,723364,0.24271375,PHILLIPS BREWING - GLITTER BOMB CAN,,,Domestic - BC Beer,4.2,[],True,17.49,False,False,2026-09-27T00:00:00.000-07:00,,"With huge tropical fruit aromas of pineapple, guava, orange and mango, Glitter Bomb Hazy Pale Ale balances fruit smoothie flavours with soft piney bitterness, all wrapped up in a medium body with a pleasantly full mouthfeel. It's like drinking a colourful sunset on a tropical island. 
",2026-09-27T00:00:00.000-07:00,['On Sale'],2026-10-24T00:00:00.000-07:00,,723364,True,[],http://www.bcliquorstores.com/sites/default/files/imagecache/height400px/723364.jpeg,1136,2026-10-01 21:10:01,,8,['00818278007405'],False,,0.355,[],PHILLIPS BREWING - GLITTER BOMB CAN,Pale Ale,Canada,True,,2,2,,,False,85.0, GLITTER BOMB CAN,0.05,Domestic Beer,False,['On Sale'],SR,BC Craft Beer,PHILLIPS BREWING ,CA,,Domestic - BC Regional Beer,,False,False,0,15.49,,False,,,phillips brewing - glitter bomb can,,2026-10-24T00:00:00.000-07:00,15,Beer,[],True,1000,1006,1135,3226.24,19868.64,0.142,123.16901408450704,0.43147208121827413
300,bcls,product,412120,0.24271375,PHILLIPS BREWING - HOP BOX TALL CAN MIX PACK,,,Domestic - BC Beer,4.4,[],True,23.99,True,False,2026-09-27T00:00:00.000-07:00,,"The Hop Box Is A Specially Designed Long Range Hop Transport Case. Hop Box Delivers A Range Of Hopped Beer Styles With Free Ride Hazy IPA, Revenge Cold IPA, Reverb West Coast IPA and Puff Hazy IPA
",2026-09-27T00:00:00.000-07:00,['On Sale'],2026-10-24T00:00:00.000-07:00,,412120,True,[],http://www.bcliquorstores.com/sites/default/files/imagecache/height400px/412120.jpeg,1292,2026-10-01 21:10:01,,8,"['00818278006538', '00818278007207', '00818278005012']",False,,0.473,[],PHILLIPS BREWING - HOP BOX TALL CAN MIX PACK,India Pale Ale,Canada,True,,2,2,,,False,128.0, HOP BOX TALL CAN MIX PACK,0.0698,Domestic Beer,False,['On Sale'],SR,BC Craft Beer,PHILLIPS BREWING ,CA,,Domestic - BC Regional Beer,,False,False,0,20.99,,False,,,phillips brewing - hop box tall can mix pack,,2026-10-24T00:00:00.000-07:00,41,Beer,[],True,1000,1006,1135,4888.928,30995.079999999998,0.2641232,90.82882533605529,0.649746192893401
301,bcls,product,723359,0.24271375,PHILLIPS BREWING - IMPLOSION PILSNER CAN,,,Domestic - BC Beer,4.1,[],True,17.29,False,False,2026-09-27T00:00:00.000-07:00,,"This pilsner pours a golden straw colour with a dense white foam cap. Patiently cold aged, it is engineered to be clean, crisp and bright. Bready, doughy malt and a soft water profile form the basis for subtle yeast esters and a blend of Noble and American hops.
",2026-09-27T00:00:00.000-07:00,['On Sale'],2026-10-24T00:00:00.000-07:00,,723359,True,[],http://www.bcliquorstores.com/sites/default/files/imagecache/height400px/723359.jpeg,891,2026-10-01 21:10:01,,8,['00818278007412'],False,,0.355,[],PHILLIPS BREWING - IMPLOSION PILSNER CAN,Pilsner,Canada,True,,2,2,,,False,71.0, IMPLOSION PILSNER CAN,0.05,Domestic Beer,False,['On Sale'],SR,BC Craft Beer,PHILLIPS BREWING ,CA,,Domestic - BC Regional Beer,,False,False,0,15.29,,False,,,phillips brewing - implosion pilsner can,,2026-10-24T00:00:00.000-07:00,12,Beer,[],True,1000,1006,1135,2530.44,15405.39,0.142,121.7605633802817,0.3604060913705584
302,bcls,product,300254,0.24544263,PHILLIPS BREWING - PLAYLIST PARTY PACK,,,Domestic - BC Beer,3.9,[],,17.99,False,False,,,"The Playlist Party Pack offers a mix of bright, juicy, and refreshing flavours, from crisp and clean to hazy and fruit-forward. Expect notes of tropical fruit, citrus, soft wheat, light malt, and a smooth, easy-drinking finish with low bitterness throughout.
",,[],,,300254,,[],http://www.bcliquorstores.com/sites/default/files/imagecache/height400px/300254.jpeg,1056,2026-10-01 21:10:01,,8,"['00818278006460', '00818278006354']",False,,0.355,[],PHILLIPS BREWING - PLAYLIST PARTY PACK,,Canada,True,,2,2,,,False,97.0, PLAYLIST PARTY PACK,0.043,Domestic Beer,False,[],SR,BC Craft Beer,PHILLIPS BREWING ,CA,,Domestic - BC Regional Beer,,False,False,0,17.99,,False,,,phillips brewing - playlist party pack,,,11,Beer,[],True,1000,1006,1135,2999.04,18997.44,0.12211999999999998,147.3141172617098,0.49238578680203043
303,bcls,product,260904,0.24544263,PHILLIPS BREWING - TILT LAGER CAN,,,Domestic - BC Beer,4.3,[],True,16.49,True,False,2026-09-27T00:00:00.000-07:00,,"Tilt Is An Off The Wall, Straight Up, Flippin' Awesome Lager. Craft Brewed For Maximum Drinkability, Tilt Is Well-Balanced and Will Leave You Wanting To Play Again and Again. Kick-Back, Hit The Jackpot, and Score Big With Tilt Lager.
",2026-09-27T00:00:00.000-07:00,"['BCL Select', 'On Sale']",2026-10-24T00:00:00.000-07:00,,260904,True,[],http://www.bcliquorstores.com/sites/default/files/imagecache/height400px/260904.jpeg,1216,2026-10-01 21:10:01,,8,['00818278006088'],False,,0.355,[],PHILLIPS BREWING - TILT LAGER CAN,Lager,Canada,True,,2,2,,,False,98.0, TILT LAGER CAN,0.05,Domestic Beer,True,"['BCL Select', 'On Sale']",C,BC Craft Beer,PHILLIPS BREWING ,CA,,Domestic - BC Regional Beer,,False,False,0,13.49,,False,,,phillips brewing - tilt lager can,,2026-10-24T00:00:00.000-07:00,44,Beer,"[{'id': 'empty-placeholder', 'label': '&nbsp;', 'labelLengthWithoutTags': 1}, {'id': 'exclusive', 'label': 'ONLY@BCL', 'labelLengthWithoutTags': 8}]",True,1000,1006,1135,3453.4399999999996,20051.839999999997,0.142,116.12676056338029,0.49746192893401014
304,bcls,product,379195,0.24544263,PHILLIPS BREWING - TILT LAGER KING CAN,,,Domestic - BC Beer,4.4,[],,2.99,True,False,,,"Tilt Is An Off The Wall, Straight Up, Flippin' Awesome Lager. Craft Brewed For Maximum Drinkability, Tilt Is Well-Balanced and Will Leave You Wanting To Play Again and Again. Kick-Back, Hit The Jackpot, and Score Big With Tilt Lager.
",,['BCL Select'],,,379195,,[],http://www.bcliquorstores.com/sites/default/files/imagecache/height400px/379195.jpeg,7920,2026-10-01 21:10:01,,1,['00818278005920'],False,,0.568,[],PHILLIPS BREWING - TILT LAGER KING CAN,Lager,Canada,True,,2,2,,,False,155.0, TILT LAGER KING CAN,0.05,Domestic Beer,True,['BCL Select'],C,BC Craft Beer,PHILLIPS BREWING ,CA,,Domestic - BC Regional Beer,,False,False,0,2.99,,False,,,phillips brewing - tilt lager king can,,,70,Beer,"[{'id': 'empty-placeholder', 'label': '&nbsp;', 'labelLengthWithoutTags': 1}, {'id': 'exclusive', 'label': 'ONLY@BCL', 'labelLengthWithoutTags': 8}]",True,1000,1006,1135,4498.5599999999995,23680.800000000003,0.028399999999999998,105.28169014084509,0.7868020304568528
305,bcls,product,388900,0.24544263,PILSNER URQUELL,,,Import Beer,4.2,[],,16.79,False,False,,,"Pilsner Urquell is the world's first golden pilsner, the source of inspiration for all pilsner beers since 1842. It inspired a worldwide brewing revolution—over 70% of all beer drunk today is in the pilsner style. The beer is still crafted with complete integrity.
",,[],,,388900,,[],http://www.bcliquorstores.com/sites/default/files/imagecache/height400px/388900.jpeg,1576,2026-10-01 21:10:01,,6,"['08594404000015', '00084404110060', '08594404000022']",False,,0.33,[],PILSNER URQUELL,Pilsner,Czech Republic,False,,2,2,,,False,140.0,PILSNER URQUELL,0.044000000000000004,Import Beer,False,[],SR,,,CZ,,Europe Beer,,False,False,0,16.79,,False,,,pilsner urquell,,,250,Beer,[],True,1000,1007,1188,3120.48,26461.039999999997,0.08712,192.72268135904497,0.7106598984771574
306,bcls,product,255380,0.24271375,PILSNER URQUELL TALL CAN,,,Import Beer,4.2,['The Starting Lineup'],True,3.79,False,False,2026-09-27T00:00:00.000-07:00,,"Pilsner Urquell is the world's first golden pilsner, the source of inspiration for all pilsner beers since 1842. It inspired a worldwide brewing revolution—over 70% of all beer drunk today is in the pilsner style. The beer is still crafted with complete integrity.
",2026-09-27T00:00:00.000-07:00,['On Sale'],2026-10-24T00:00:00.000-07:00,,255380,True,['The Starting Lineup'],http://www.bcliquorstores.com/sites/default/files/imagecache/height400px/255380.jpeg,15273,2026-10-01 21:10:01,,1,"['08594404115115', '00084404500243', '00084404500014', '00844045002434']",False,,0.5,[],PILSNER URQUELL TALL CAN,Pilsner,Czech Republic,False,,2,2,,,False,172.0,PILSNER URQUELL TALL CAN,0.044000000000000004,Import Beer,False,['On Sale'],G,,,CZ,,Europe Beer,,False,False,0,3.29,,False,"[{'urlAlias': '/promotion/october-lineup', 'name': 'The Starting Lineup', 'promoCode': '2026OCTLINEUP', 'published': True, 'shortName': ''}]","[{'urlAlias': '/promotion/october-lineup', 'name': 'The Starting Lineup', 'promoCode': '2026OCTLINEUP', 'published': True, 'shortName': ''}]",pilsner urquell tall can,,2026-10-24T00:00:00.000-07:00,302,Beer,"[{'id': 'empty-placeholder', 'label': '&nbsp;', 'labelLengthWithoutTags': 1}, {'id': 'featured', 'label': 'FEATURED', 'labelLengthWithoutTags': 8}]",True,1000,1007,1188,7636.5,57884.67,0.022000000000000002,172.27272727272725,0.8730964467005076
307,bcls,product,246072,0.24271375,PUMP HOUSE - CRAFTY RADLER VARIETY PACK,,,Domestic - Other Province Beer,4.2,[],True,20.29,False,False,2026-09-27T00:00:00.000-07:00,,"A mix of house-made grapefruit and tangerine soda and high ABV craft beer. Pump House Crafty Radler variety packs includes a mix of your favourite Crafty Radler flavours Grapefruit & Tangerine and Blood Orange & Peach with two new flavours Tart Cherry & Blueberry and Limoncello & Lime.
",2026-09-27T00:00:00.000-07:00,['On Sale'],2026-10-24T00:00:00.000-07:00,,246072,True,[],http://www.bcliquorstores.com/sites/default/files/imagecache/height400px/246072.jpeg,1250,2026-10-01 21:10:01,,8,['00870098001285'],False,,0.355,[],PUMP HOUSE - CRAFTY RADLER VARIETY PACK,Variety Pack,Canada,False,,2,2,,,False,118.0, CRAFTY RADLER VARIETY PACK,0.047,Domestic Beer,False,['On Sale'],SH,Outside of BC Beer,PUMP HOUSE ,CA,,Domestic - Other Province Micro Brew Beer,,False,False,0,16.57,,False,,,pump house - crafty radler variety pack,,2026-10-24T00:00:00.000-07:00,22,Beer,[],True,1000,1290,1140,3550.0,25362.5,0.13348,152.00779142942764,0.5989847715736041
308,bcls,product,707536,0.24271375,R & B BREWING - BORN & RAISED CANADIAN PALE ALE TALL CAN,,,Domestic - BC Beer,3.8,[],,16.49,False,False,,,False,,['New Product'],,,707536,,[],http://www.bcliquorstores.com/sites/default/files/imagecache/height400px/707536.jpeg,908,2026-10-01 21:10:01,,4,['00628634243022'],False,,0.473,[],R & B BREWING - BORN & RAISED CANADIAN PALE ALE TALL CAN,Pale Ale,Canada,True,,2,2,,,False,54.0, BORN & RAISED CANADIAN PALE ALE TALL CAN,0.05,Domestic Beer,False,['New Product'],ST,BC Craft Beer,R & B BREWING ,CA,,Domestic - BC Micro Brew Beer,,False,False,0,16.49,,True,,,r & b brewing - born & raised canadian pale ale tall can,,,5,Beer,"[{'id': 'empty-placeholder', 'label': '&nbsp;', 'labelLengthWithoutTags': 1}, {'id': 'new', 'label': 'NEW', 'labelLengthWithoutTags': 3}]",False,1000,1006,1133,1717.936,14972.919999999998,0.0946,174.31289640591964,0.27411167512690354
309,bcls,product,159181,0.24544263,R AND B BREWING - DILL PICKLE GOSE TALL CAN,,,Domestic - BC Beer,3.1,[],True,17.79,True,False,2026-09-27T00:00:00.000-07:00,,,2026-09-27T00:00:00.000-07:00,['On Sale'],2026-10-24T00:00:00.000-07:00,,159181,True,[],http://www.bcliquorstores.com/sites/default/files/imagecache/height400px/159181.jpeg,126,2026-10-01 21:10:01,,4,['00855287002205'],False,,0.473,[],R AND B BREWING - DILL PICKLE GOSE TALL CAN,Sour,Canada,True,,2,2,,,False,20.0, DILL PICKLE GOSE TALL CAN,0.045,Domestic Beer,False,['On Sale'],SH,BC Craft Beer,R AND B BREWING ,CA,,Domestic - BC Micro Brew Beer,,False,False,0,14.47,,False,,,r and b brewing - dill pickle gose tall can,,2026-10-24T00:00:00.000-07:00,21,Beer,[],False,1000,1006,1133,238.392,2241.54,0.08514,208.94996476391825,0.10152284263959391
310,bcls,product,58283,0.24271375,RADEBERGER - PILSNER CAN,,,Import Beer,3.8,[],True,16.99,False,False,2026-09-27T00:00:00.000-07:00,,,2026-09-27T00:00:00.000-07:00,['On Sale'],2026-10-24T00:00:00.000-07:00,,58283,True,[],http://www.bcliquorstores.com/sites/default/files/imagecache/height400px/58283.jpeg,1283,2026-10-01 21:10:01,,6,"['00042572050267', '00042572050212']",False,,0.5,[],RADEBERGER - PILSNER CAN,Pilsner,Germany,False,,2,2,,,False,116.0, PILSNER CAN,0.048,Import Beer,False,['On Sale'],SR,,RADEBERGER ,DE,,Europe Beer,,False,False,0,15.49,,False,,,radeberger - pilsner can,,2026-10-24T00:00:00.000-07:00,44,Beer,[],True,1000,1007,1188,3849.0,21798.17,0.14400000000000002,117.98611111111109,0.5888324873096447
311,bcls,product,663977,0.24544263,RED RACER -  WEST COAST IPA CAN,,,Domestic - BC Beer,4.2,[],,12.99,False,False,,,"The IPA was fashioned to survive the long voyage from England to India during the British colonization. Hops, hops, and more hops! Red Racer IPA has an intense aroma and a long lingering finish. A beer for the connoisseur, this is the brew master's choice.",,[],,,663977,,[],http://www.bcliquorstores.com/sites/default/files/imagecache/height400px/663977.jpeg,2207,2026-10-01 21:10:01,,4,['00628113505108'],False,,0.473,[],RED RACER -  WEST COAST IPA CAN,Pale Ale,Canada,True,,2,2,,,False,146.0,  WEST COAST IPA CAN,0.065,Domestic Beer,False,[],SR,BC Craft Beer,RED RACER ,CA,,Domestic - BC Regional Beer,,False,False,0,12.99,,False,,,red racer -  west coast ipa can,,,5,Beer,[],True,1000,1006,1135,4175.644,28668.93,0.12297999999999999,105.62693120832657,0.7411167512690355
312,bcls,product,711396,0.24271375,RED RACER - SESSION IPA 4PK,,,Domestic - BC Beer,3.8,[],,10.99,False,False,,,"Crisp and light-bodied with vibrant grapefruit and pine notes. A balanced citrusy hop character complements a subtle malt backbone, delivering a clean, refreshing finish ideal for warm weather sipping.",,[],,,711396,,[],http://www.bcliquorstores.com/sites/default/files/imagecache/height400px/711396.jpeg,1527,2026-10-01 21:10:01,,4,['00628113505115'],False,,0.473,[],RED RACER - SESSION IPA 4PK,Pilsner,Canada,True,,2,2,,,False,121.0, SESSION IPA 4PK,0.04,Domestic Beer,False,[],SR,BC Craft Beer,RED RACER ,CA,,Domestic - BC Regional Beer,,False,False,0,10.99,,False,,,red racer - session ipa 4pk,,,19,Beer,[],True,1000,1006,1135,2889.084,16781.73,0.07568,145.2167019027484,0.6142131979695431
313,bcls,product,178491,0.24544263,RED STRIPE,,,Import Beer,4.2,[],,17.29,False,False,,,"Red Stripe is the first locally produced beer in Jamaica. It has achieved international recognition and has won numerous international awards for quality and taste. This big Jamaican brand is magnetic, sought after the world over. A beautiful amber lager with low butterscotch flavour, full-bodied and a smooth post-palate sensation.
",,[],,,178491,,[],http://www.bcliquorstores.com/sites/default/files/imagecache/height400px/178491.jpeg,856,2026-10-01 21:10:01,,6,"['00083820567939', '00698614021278']",False,,0.33,[],RED STRIPE,Lager,Jamaica,False,,2,2,,,False,77.0,RED STRIPE,0.047,Import Beer,False,[],SH,,,JM,,Mexico And Caribbean Beer,,False,False,0,17.29,,False,,,red stripe,,,113,Beer,[],True,1000,1007,1191,1694.8799999999999,14800.24,0.09306,185.7941113260262,0.39086294416243655
314,bcls,product,379076,0.24544263,RED TRUCK -  ORIGINAL IPA CAN,,,Domestic - BC Beer,3.8,[],,29.79,True,False,,,"The ""Original IPA"" stands as the cornerstone recipe behind our acclaimed IPAs. Crafted with a nod to to a simpler brewing era, this original masterpiece combines late kettle additions and a touch of dry hopping, capturing the true spirit of the Pacific Northwest - the very region in which our brewery was founded.
",,['BCL Select'],,,379076,,[],http://www.bcliquorstores.com/sites/default/files/imagecache/height400px/379076.jpeg,3204,2026-10-01 21:10:01,,15,['00628882001863'],False,,0.355,[],RED TRUCK -  ORIGINAL IPA CAN,India Pale Ale,Canada,True,,2,2,,,False,146.0,  ORIGINAL IPA CAN,0.063,Domestic Beer,True,['BCL Select'],C,BC Craft Beer,RED TRUCK ,CA,,Domestic - BC Regional Beer,,False,False,0,29.79,,False,,,red truck -  original ipa can,,,109,Beer,"[{'id': 'empty-placeholder', 'label': '&nbsp;', 'labelLengthWithoutTags': 1}, {'id': 'exclusive', 'label': 'ONLY@BCL', 'labelLengthWithoutTags': 8}]",True,1000,1006,1135,17061.3,95447.16,0.33547499999999997,88.79946344735077,0.7411167512690355
315,bcls,product,669034,0.24271375,RED TRUCK -  ORIGINAL PILSNER CAN,,,Domestic - BC Beer,4.1,['Our Best Sellers'],,27.99,False,False,,,"Our Original Pilsner is brewed the Red Truck way - crisp, clean, and made with zero shortcuts. Lightly dry-hopped with Saaz to add a delicate noble hop aroma without piling on bitterness, it's a refreshing, straight-shooting pilsner built for easy drinking. Honest beer, done right.",,['BCL Select'],,,669034,,['Our Best Sellers'],http://www.bcliquorstores.com/sites/default/files/imagecache/height400px/669034.jpeg,1902,2026-10-01 21:10:01,,15,['00628882002464'],False,,0.355,[],RED TRUCK -  ORIGINAL PILSNER CAN,Pilsner,Canada,True,,2,2,,,False,111.0,  ORIGINAL PILSNER CAN,0.05,Domestic Beer,True,['BCL Select'],C,BC Craft Beer,RED TRUCK ,CA,,Domestic - BC Regional Beer,,False,False,0,27.99,,False,"[{'urlAlias': '/promotion/best-sellers', 'name': 'Our Best Sellers', 'promoCode': 'MARCH2026BESTSELLERS', 'published': True, 'shortName': ''}]","[{'urlAlias': '/promotion/best-sellers', 'name': 'Our Best Sellers', 'promoCode': 'MARCH2026BESTSELLERS', 'published': True, 'shortName': ''}]",red truck -  original pilsner can,,,36,Beer,"[{'id': 'featured', 'label': 'FEATURED', 'labelLengthWithoutTags': 8}, {'id': 'exclusive', 'label': 'ONLY@BCL', 'labelLengthWithoutTags': 8}]",True,1000,1006,1135,10128.149999999998,53236.979999999996,0.26625,105.12676056338029,0.5634517766497462
316,bcls,product,378732,0.24271375,RED TRUCK - CHILLY WILLYS COLD IPA TALL CAN,,,Domestic - BC Beer,3.9,[],True,3.39,True,False,2026-09-27T00:00:00.000-07:00,,"Bright and refreshing with citrus and tropical fruit from Citra and Mosaic hops, our Cold IPA is brewed with corn for a touch of sweetness and a lighter body. Slowly fermented with lager yeast, it finishes crisp and balanced with just the right kick of bitterness.
",2026-09-27T00:00:00.000-07:00,['On Sale'],2026-10-24T00:00:00.000-07:00,,378732,True,[],http://www.bcliquorstores.com/sites/default/files/imagecache/height400px/378732.jpeg,4323,2026-10-01 21:10:01,,1,['00628882001818'],False,,0.473,[],RED TRUCK - CHILLY WILLYS COLD IPA TALL CAN,India Pale Ale,Canada,True,,2,2,,,False,46.0, CHILLY WILLYS COLD IPA TALL CAN,0.07,Domestic Beer,False,['On Sale'],SH,BC Craft Beer,RED TRUCK ,CA,,Domestic - BC Regional Beer,,False,False,0,3.09,,False,,,red truck - chilly willys cold ipa tall can,,2026-10-24T00:00:00.000-07:00,62,Beer,[],True,1000,1006,1135,2044.779,14654.970000000001,0.03311,102.38598610691635,0.233502538071066
317,bcls,product,36577,0.24271375,RED TRUCK - CLASSIC LAGER CAN,,,Domestic - BC Beer,3.9,['Featured Products'],True,27.99,True,False,2026-09-27T00:00:00.000-07:00,,"This traditional European-style lager is made with all Canadian malts and Saaz hops, a classic ""noble"" aroma hop with longstanding traditions just like the style itself. Clean and crisp in style, this lager is designed to be an easy-drinking, full-bodied beer that doesn't compete with anything you're eating.
",2026-09-27T00:00:00.000-07:00,"['BCL Select', 'On Sale']",2026-10-24T00:00:00.000-07:00,,36577,True,['Featured Products'],http://www.bcliquorstores.com/sites/default/files/imagecache/height400px/36577.jpeg,6230,2026-10-01 21:10:01,,15,['00628882000804'],False,,0.355,[],RED TRUCK - CLASSIC LAGER CAN,Lager,Canada,True,,2,2,,,False,162.0, CLASSIC LAGER CAN,0.05,Domestic Beer,True,"['BCL Select', 'On Sale']",C,BC Craft Beer,RED TRUCK ,CA,,Domestic - BC Regional Beer,,False,False,0,21.99,,False,"[{'urlAlias': '/promotion/featured-sale-hero', 'name': 'Featured Products', 'promoCode': '2026OCTFEATUREDSALEHERO', 'published': True, 'shortName': ''}]","[{'urlAlias': '/promotion/featured-sale-hero', 'name': 'Featured Products', 'promoCode': '2026OCTFEATUREDSALEHERO', 'published': True, 'shortName': ''}]",red truck - classic lager can,,2026-10-24T00:00:00.000-07:00,227,Beer,"[{'id': 'featured', 'label': 'FEATURED', 'labelLengthWithoutTags': 8}, {'id': 'exclusive', 'label': 'ONLY@BCL', 'labelLengthWithoutTags': 8}]",True,1000,1006,1135,33174.74999999999,174377.69999999998,0.26625,105.12676056338029,0.8223350253807107
318,bcls,product,4215,0.24271375,RED TRUCK - LAGER CAN,,,Domestic - BC Beer,4.0,[],,16.99,True,False,,,"This traditional European-style lager is made with all Canadian malts and Saaz hops, a classic ""noble"" aroma hop with longstanding traditions just like the style itself. Clean and crisp in style, this lager is designed to be an easy-drinking, full-bodied beer that doesn't compete with anything you're eating.
",,[],,,4215,,[],http://www.bcliquorstores.com/sites/default/files/imagecache/height400px/4215.jpeg,1834,2026-10-01 21:10:01,,8,['00858054001449'],False,,0.355,[],RED TRUCK - LAGER CAN,Lager,Canada,True,,2,2,,,False,144.0, LAGER CAN,0.05,Domestic Beer,False,[],G,BC Craft Beer,RED TRUCK ,CA,,Domestic - BC Regional Beer,,False,False,0,16.99,,False,,,red truck - lager can,,,213,Beer,[],True,1000,1006,1135,5208.5599999999995,31159.659999999996,0.142,119.64788732394366,0.7309644670050761
319,bcls,product,295168,0.24544263,RED TRUCK - ORIGINAL IPA TALL CAN,,,Domestic - BC Beer,3.6,['The Starting Lineup'],True,3.19,True,False,2026-09-27T00:00:00.000-07:00,,"The ""Original IPA"" stands as the cornerstone recipe behind our acclaimed IPAs. Crafted with a nod to to a simpler era, this original masterpiece combines late kettle additions and a touch of dry hopping, capturing the true spirit of the Pacific Northwest",2026-09-27T00:00:00.000-07:00,"['BCL Select', 'On Sale']",2026-10-24T00:00:00.000-07:00,,295168,True,['The Starting Lineup'],http://www.bcliquorstores.com/sites/default/files/imagecache/height400px/295168.jpeg,10134,2026-10-01 21:10:01,,1,['00628882002181'],False,,0.473,[],RED TRUCK - ORIGINAL IPA TALL CAN,India Pale Ale,Canada,True,,2,2,,,False,114.0, ORIGINAL IPA TALL CAN,0.063,Domestic Beer,True,"['BCL Select', 'On Sale']",C,BC Craft Beer,RED TRUCK ,CA,,Domestic - BC Regional Beer,,False,False,0,2.59,,False,"[{'urlAlias': '/promotion/october-lineup', 'name': 'The Starting Lineup', 'promoCode': '2026OCTLINEUP', 'published': True, 'shortName': ''}]","[{'urlAlias': '/promotion/october-lineup', 'name': 'The Starting Lineup', 'promoCode': '2026OCTLINEUP', 'published': True, 'shortName': ''}]",red truck - original ipa tall can,,2026-10-24T00:00:00.000-07:00,23,Beer,"[{'id': 'featured', 'label': 'FEATURED', 'labelLengthWithoutTags': 8}, {'id': 'exclusive', 'label': 'ONLY@BCL', 'labelLengthWithoutTags': 8}]",True,1000,1006,1135,4793.382,32327.46,0.029799,107.05057216685124,0.5786802030456852
320,bcls,product,711680,0.24271375,RED TRUCK - ORIGINAL LAGER TALL CAN,,,Domestic - BC Beer,4.2,['The Starting Lineup'],True,2.69,False,False,2026-09-27T00:00:00.000-07:00,,"The Original Lager is the backbone of Red Truck - clean, crisp, and brewed to be as reliable as they come. With a smooth malt body and refreshing finish, it's the beer that built our reputation and keeps us true to our roots. No shortcuts, no gimmicks - just a classic lager that defines who we are.",2026-09-27T00:00:00.000-07:00,"['BCL Select', 'On Sale']",2026-10-24T00:00:00.000-07:00,,711680,True,['The Starting Lineup'],http://www.bcliquorstores.com/sites/default/files/imagecache/height400px/711680.jpeg,53454,2026-10-01 21:10:01,,1,['00628882002280'],False,,0.473,[],RED TRUCK - ORIGINAL LAGER TALL CAN,Lager,Canada,True,,2,2,,,False,155.0, ORIGINAL LAGER TALL CAN,0.05,Domestic Beer,True,"['BCL Select', 'On Sale']",C,BC Craft Beer,RED TRUCK ,CA,,Domestic - BC Regional Beer,,False,False,0,1.99,,False,"[{'urlAlias': '/promotion/october-lineup', 'name': 'The Starting Lineup', 'promoCode': '2026OCTLINEUP', 'published': True, 'shortName': ''}]","[{'urlAlias': '/promotion/october-lineup', 'name': 'The Starting Lineup', 'promoCode': '2026OCTLINEUP', 'published': True, 'shortName': ''}]",red truck - original lager tall can,,2026-10-24T00:00:00.000-07:00,36,Beer,"[{'id': 'featured', 'label': 'FEATURED', 'labelLengthWithoutTags': 8}, {'id': 'exclusive', 'label': 'ONLY@BCL', 'labelLengthWithoutTags': 8}]",True,1000,1006,1135,25283.742,143791.26,0.02365,113.74207188160676,0.7868020304568528
321,bcls,product,136901,0.24544263,RED TRUCK BEER - HARD DAY NORTHWEST IPA 8 CAN,,,Domestic - BC Beer,4.1,[],True,17.49,True,False,2026-09-27T00:00:00.000-07:00,,"Crystal malts balanced with a truckload of hops bring you a toffee malty sweetness with a dry fresh finish. This IPA will stand up to even the most intense dishes. Take it for a spin with the spiciest wings you can find.
",2026-09-27T00:00:00.000-07:00,['On Sale'],2026-10-24T00:00:00.000-07:00,,136901,True,[],http://www.bcliquorstores.com/sites/default/files/imagecache/height400px/136901.jpeg,1650,2026-10-01 21:10:01,,8,['00858054001944'],False,,0.355,[],RED TRUCK BEER - HARD DAY NORTHWEST IPA 8 CAN,India Pale Ale,Canada,True,,2,2,,,False,143.0, HARD DAY NORTHWEST IPA 8 CAN,0.063,Domestic Beer,False,['On Sale'],SR,BC Craft Beer,RED TRUCK BEER ,CA,,Domestic - BC Regional Beer,,False,False,0,15.99,,False,,,red truck beer - hard day northwest ipa 8 can,,2026-10-24T00:00:00.000-07:00,94,Beer,[],True,1000,1006,1135,4686.0,28858.499999999996,0.17892,97.75318578135479,0.7258883248730964
322,bcls,product,340784,0.24271375,RUSSELL BREWING - ANGRY SCOTCH ALE TALL CAN SINGLE,,,Domestic - BC Beer,4.4,[],,3.79,True,False,,,,,[],,,340784,,[],http://www.bcliquorstores.com/sites/default/files/imagecache/height400px/340784.jpeg,4157,2026-10-01 21:10:01,,1,['00696540150130'],False,,0.473,[],RUSSELL BREWING - ANGRY SCOTCH ALE TALL CAN SINGLE,Scotch Ale,Canada,True,,2,2,,,False,101.0, ANGRY SCOTCH ALE TALL CAN SINGLE,0.065,Domestic Beer,False,[],SR,BC Craft Beer,RUSSELL BREWING ,CA,,Domestic - BC Micro Brew Beer,,False,False,0,3.79,,False,,,russell brewing - angry scotch ale tall can single,,,59,Beer,[],True,1000,1006,1133,1966.261,15755.03,0.030744999999999998,123.27207676044887,0.5126903553299492
323,bcls,product,234310,0.24271375,SAN MIGUEL - RED HORSE STRONG BEER TALL CAN,,,Import Beer,4.6,[],,3.09,False,False,,,"Red Horse Strong Beer #1 selling strong beer in the world. 2018 Gold Medal Winner of the Australian International Beer Awards and consistent Gold winner in the Monde Selection Awards
",,[],,,234310,,[],http://www.bcliquorstores.com/sites/default/files/imagecache/height400px/234310.jpeg,3300,2026-10-01 21:10:01,,1,"['08934772225076', '08858259002656']",False,,0.5,[],SAN MIGUEL - RED HORSE STRONG BEER TALL CAN,Dark Lager,Philippines,False,,2,2,,,False,62.0, RED HORSE STRONG BEER TALL CAN,0.08,Import Beer,False,[],SH,,SAN MIGUEL ,PH,,Asia And South Pacific Beer,,False,False,0,3.09,,False,,,san miguel - red horse strong beer tall can,,,46,Beer,[],True,1000,1007,1186,1650.0,10197.0,0.04,77.25,0.3147208121827411
324,bcls,product,187512,0.24271375,SAPPORO - 6PK BOTTLE,,,Domestic - Other Province Beer,3.5,[],,16.79,False,False,,,"The original. The icon. Sapporo Premium Beer is a refreshing lager with a crisp, refined flavour and a clean finish. The perfect beer to pair with any meal and any occasion. Kampai!
",,[],,,187512,,[],http://www.bcliquorstores.com/sites/default/files/imagecache/height400px/187512.jpeg,2022,2026-10-01 21:10:01,,6,['00056910600069'],False,,0.355,[],SAPPORO - 6PK BOTTLE,Pilsner,Canada,False,,2,2,,,False,87.0, 6PK BOTTLE,0.05,Domestic Beer,False,[],SR,National Domestic Beer,SAPPORO ,CA,,Domestic - Other Province Commercial Beer,,False,False,0,16.79,,False,,,sapporo - 6pk bottle,,,71,Beer,[],True,1000,1290,1138,4306.86,33949.38,0.1065,157.65258215962442,0.4416243654822335
325,bcls,product,329020,0.24271375,SAPPORO - BLACK LAGER CAN,,,Domestic - Other Province Beer,5.0,[],,13.79,False,False,,,False,,['New Product'],,,329020,,[],http://www.bcliquorstores.com/sites/default/files/imagecache/height400px/329020.jpeg,371,2026-10-01 21:10:01,,4,['00056910614738'],False,,0.473,[],SAPPORO - BLACK LAGER CAN,Lager,Canada,False,,2,2,,,False,11.0, BLACK LAGER CAN,0.05,Domestic Beer,False,['New Product'],SH,National Domestic Beer,SAPPORO ,CA,,Domestic - Other Province Commercial Beer,,False,False,0,13.79,,True,,,sapporo - black lager can,,,2,Beer,"[{'id': 'empty-placeholder', 'label': '&nbsp;', 'labelLengthWithoutTags': 1}, {'id': 'new', 'label': 'NEW', 'labelLengthWithoutTags': 3}]",True,1000,1290,1138,701.932,5116.089999999999,0.0946,145.77167019027482,0.05583756345177665
326,bcls,product,299691,0.24544263,SAPPORO - NON ALC CAN,,,De-Alcoholized Product,4.0,['Our Best Sellers'],True,11.99,,,2026-09-30T00:00:00.000-07:00,,"Sapporo's legendary premium beer, now with 0.0% ABV. This refreshing lager has a crisp, refined flavour and an exceptionally clean finish. With zero alcohol and 60 calories Sapporo's Alcohol-Free premium beer is perfect for occasions which might call for a beer but not for alcohol.
",2026-09-30T00:00:00.000-07:00,['On Sale'],2026-10-24T00:00:00.000-07:00,,299691,True,['Our Best Sellers'],http://www.bcliquorstores.com/sites/default/files/imagecache/height400px/299691.jpeg,1839,2026-10-01 21:10:01,,6,['00056910035564'],False,,0.355,[],SAPPORO - NON ALC CAN,,Canada,False,,2,2,,,False,134.0, NON ALC CAN,0.0,De-Alcoholized Beer,False,['On Sale'],SR,,SAPPORO ,CA,,Beer And Refreshment De-Alcoholized Product,,False,False,0,10.99,,False,"[{'urlAlias': '/promotion/best-sellers', 'name': 'Our Best Sellers', 'promoCode': 'MARCH2026BESTSELLERS', 'published': True, 'shortName': ''}]","[{'urlAlias': '/promotion/best-sellers', 'name': 'Our Best Sellers', 'promoCode': 'MARCH2026BESTSELLERS', 'published': True, 'shortName': ''}]",sapporo - non alc can,,2026-10-24T00:00:00.000-07:00,26,General Merchandise,"[{'id': 'empty-placeholder', 'label': '&nbsp;', 'labelLengthWithoutTags': 1}, {'id': 'featured', 'label': 'FEATURED', 'labelLengthWithoutTags': 8}]",True,1000,1009,1128,3917.0699999999997,22049.61,0.0,inf,0.6802030456852792
327,bcls,product,455541,0.24544263,SAPPORO - TALL CAN,,,Domestic - Other Province Beer,4.3,[],,18.79,False,False,,,"With age comes distinction. Sapporo Premium Beer is Japan's oldest beer brewed since 1876. The distinct malt flavour commands your taste buds, from the first sip to the last drop with a crisp taste, refreshing flavour, and clean finish.
",,['BCL Select'],,,455541,,[],http://www.bcliquorstores.com/sites/default/files/imagecache/height400px/455541.jpeg,2640,2026-10-01 21:10:01,,6,['00056910605064'],False,,0.5,[],SAPPORO - TALL CAN,Lager,Canada,False,,2,2,,,False,95.0, TALL CAN,0.05,Domestic Beer,True,['BCL Select'],C,National Domestic Beer,SAPPORO ,CA,,Domestic - Other Province Commercial Beer,,False,False,0,18.79,,False,,,sapporo - tall can,,,31,Beer,"[{'id': 'empty-placeholder', 'label': '&nbsp;', 'labelLengthWithoutTags': 1}, {'id': 'exclusive', 'label': 'ONLY@BCL', 'labelLengthWithoutTags': 8}]",True,1000,1290,1138,7920.0,49605.6,0.15000000000000002,125.26666666666664,0.48223350253807107
328,bcls,product,711810,0.24544263,SAPPORO - TALL CAN,,,Domestic - Other Province Beer,3.7,[],True,35.29,False,False,2026-09-27T00:00:00.000-07:00,,False,2026-09-27T00:00:00.000-07:00,"['BCL Select', 'On Sale']",2026-10-24T00:00:00.000-07:00,,711810,True,[],http://www.bcliquorstores.com/sites/default/files/imagecache/height400px/711810.jpeg,1500,2026-10-01 21:10:01,,12,['00056910605125'],False,,0.5,[],SAPPORO - TALL CAN,Lager,Canada,False,,2,2,,,False,91.0, TALL CAN,0.05,Domestic Beer,True,"['BCL Select', 'On Sale']",C,National Domestic Beer,SAPPORO ,CA,,Domestic - Other Province Commercial Beer,,False,False,0,29.79,,False,,,sapporo - tall can,,2026-10-24T00:00:00.000-07:00,15,Beer,"[{'id': 'empty-placeholder', 'label': '&nbsp;', 'labelLengthWithoutTags': 1}, {'id': 'exclusive', 'label': 'ONLY@BCL', 'labelLengthWithoutTags': 8}]",True,1000,1290,1138,9000.0,52935.0,0.30000000000000004,117.63333333333331,0.4619289340101523
329,bcls,product,224501,0.24271375,SAPPORO - TALL CAN,,,Domestic - BC Beer,3.4,['The Starting Lineup'],True,3.49,False,False,2026-09-27T00:00:00.000-07:00,,"The original. The icon. Sapporo Premium Beer is a refreshing lager with a crisp, refined flavour and a clean finish. The perfect beer to pair with any meal and any occasion. Kampai!
",2026-09-27T00:00:00.000-07:00,['On Sale'],2026-10-24T00:00:00.000-07:00,,224501,True,['The Starting Lineup'],http://www.bcliquorstores.com/sites/default/files/imagecache/height400px/224501.jpeg,22604,2026-10-01 21:10:01,,1,['00056910605002'],False,,0.5,[],SAPPORO - TALL CAN,Pilsner,Canada,False,,2,2,,,False,176.0, TALL CAN,0.05,Domestic Beer,False,['On Sale'],G,National Domestic Beer,SAPPORO ,CA,,Domestic - BC Commercial Beer,,False,False,0,3.09,,False,"[{'urlAlias': '/promotion/october-lineup', 'name': 'The Starting Lineup', 'promoCode': '2026OCTLINEUP', 'published': True, 'shortName': ''}]","[{'urlAlias': '/promotion/october-lineup', 'name': 'The Starting Lineup', 'promoCode': '2026OCTLINEUP', 'published': True, 'shortName': ''}]",sapporo - tall can,,2026-10-24T00:00:00.000-07:00,322,Beer,"[{'id': 'empty-placeholder', 'label': '&nbsp;', 'labelLengthWithoutTags': 1}, {'id': 'featured', 'label': 'FEATURED', 'labelLengthWithoutTags': 8}]",True,1000,1006,1131,11302.0,78887.96,0.025,139.6,0.8934010152284264
330,bcls,product,752921,0.24271375,SHAFTEBURY - FOUR TWENTY HONEY LAGER TALL CAN,,,Domestic - Other Province Beer,4.3,[],,2.09,False,False,,,"Brewed in the spirit of 4:20, this easy-drinking lager gets a touch of honey for a smooth, crisp finish. Light-bodied, subtly sweet, and made for kicking back.
",,['BCL Select'],,,752921,,[],http://www.bcliquorstores.com/sites/default/files/imagecache/height400px/752921.jpeg,8604,2026-10-01 21:10:01,,1,['00624524493355'],False,,0.473,[],SHAFTEBURY - FOUR TWENTY HONEY LAGER TALL CAN,Lager,Canada,False,,2,2,,,False,125.0, FOUR TWENTY HONEY LAGER TALL CAN,0.05,Domestic Beer,True,['BCL Select'],C,Outside of BC Beer,SHAFTEBURY ,CA,,Domestic - Other Province Regional Beer,,False,False,0,2.09,,False,,,shaftebury - four twenty honey lager tall can,,,43,Beer,"[{'id': 'empty-placeholder', 'label': '&nbsp;', 'labelLengthWithoutTags': 1}, {'id': 'exclusive', 'label': 'ONLY@BCL', 'labelLengthWithoutTags': 8}]",True,1000,1290,1142,4069.692,17982.36,0.02365,88.3720930232558,0.6345177664974619
331,bcls,product,111557,0.24544263,SHAFTEBURY - STRONG 6 CANS,,,Domestic - BC Beer,4.0,[],True,9.29,True,False,2026-09-27T00:00:00.000-07:00,,,2026-09-27T00:00:00.000-07:00,['On Sale'],2026-10-24T00:00:00.000-07:00,,111557,True,[],http://www.bcliquorstores.com/sites/default/files/imagecache/height400px/111557.jpeg,1244,2026-10-01 21:10:01,,6,['00569103200347'],False,,0.355,[],SHAFTEBURY - STRONG 6 CANS,Lager,Canada,True,,2,2,,,False,91.0, STRONG 6 CANS,0.07,Domestic Beer,False,['On Sale'],SR,BC Craft Beer,SHAFTEBURY ,CA,,Domestic - BC Regional Beer,,False,False,0,8.29,,False,,,shaftebury - strong 6 cans,,2026-10-24T00:00:00.000-07:00,58,Beer,[],True,1000,1006,1135,2649.72,11556.759999999998,0.1491,62.30717639168343,0.4619289340101523
332,bcls,product,513952,0.24271375,SHAFTEBURY FOUR TWENTY LAGER,,,Domestic - BC Beer,4.0,[],True,20.99,True,False,2026-09-27T00:00:00.000-07:00,,"Shaftebury has a 35-year history in BC as being one of the first BC craft beers to be brewed. This clean, crisp lager is made with four ingredients and brewed over 20 days.
",2026-09-27T00:00:00.000-07:00,['On Sale'],2026-10-24T00:00:00.000-07:00,,513952,True,[],http://www.bcliquorstores.com/sites/default/files/imagecache/height400px/513952.jpeg,1439,2026-10-01 21:10:01,,15,['00569103200323'],False,,0.355,[],SHAFTEBURY FOUR TWENTY LAGER,Lager,Canada,True,,2,2,,,False,107.0,SHAFTEBURY FOUR TWENTY LAGER,0.05,Domestic Beer,False,['On Sale'],SR,BC Craft Beer,,CA,,Domestic - BC Regional Beer,,False,False,0,19.49,,False,,,shaftebury four twenty lager,,2026-10-24T00:00:00.000-07:00,135,Beer,[],True,1000,1006,1135,7662.674999999999,30204.609999999997,0.26625,78.83568075117371,0.5431472081218274
333,bcls,product,676395,0.24271375,SINGHA LAGER,,,Import Beer,4.0,[],,15.79,False,False,,,"100% premium malt and barley. The world's finest Saaz hops from Germany. Slow-brewed with the purest Thai spring water. From this signature blend comes the iconic taste of Thailand, Singha.
",,[],,,676395,,[],http://www.bcliquorstores.com/sites/default/files/imagecache/height400px/676395.jpeg,859,2026-10-01 21:10:01,,6,"['00084543573030', '00084543800075']",False,,0.33,[],SINGHA LAGER,Lager,Thailand,False,,2,2,,,False,56.0,SINGHA LAGER,0.05,Import Beer,False,[],SR,,,TH,,Asia And South Pacific Beer,,False,False,0,15.79,,False,,,singha lager,,,154,Beer,[],True,1000,1007,1186,1700.82,13563.609999999999,0.099,159.49494949494948,0.28426395939086296
334,bcls,product,363984,0.24271375,SLACKWATER BREWING - HEADWATERS PILS TALL CAN,,,Domestic - BC Beer,4.2,[],,13.49,True,False,,,"Beautifully balanced between premium imported Weyermann® Barke® Pilsner Malt and some of our favourite European Noble hops, including the 'king' of German hops, Hallertau Mittelfrüh. Bright, crisp, and clean. Canada Beer Cup 2025 SILVER Medallist. BC Beer Awards 2025 BRONZE Medallist.
",,[],,,363984,,[],http://www.bcliquorstores.com/sites/default/files/imagecache/height400px/363984.jpeg,657,2026-10-01 21:10:01,,4,['00628192900771'],False,,0.473,[],SLACKWATER BREWING - HEADWATERS PILS TALL CAN,Pilsner,Canada,True,,2,2,,,False,60.0, HEADWATERS PILS TALL CAN,0.045,Domestic Beer,False,[],SR,BC Craft Beer,SLACKWATER BREWING ,CA,,Domestic - BC Micro Brew Beer,,False,False,0,13.49,,False,,,slackwater brewing - headwaters pils tall can,,,25,Beer,[],True,1000,1006,1133,1243.0439999999999,8862.93,0.08514,158.44491425886775,0.30456852791878175
335,bcls,product,331788,0.24544263,SLEEMAN - CLEAR 2.0 CAN,,,Domestic - Other Province Beer,4.1,[],,59.79,False,False,,,,,['BCL Select'],,,331788,,[],http://www.bcliquorstores.com/sites/default/files/imagecache/height400px/331788.jpeg,1918,2026-10-01 21:10:01,,30,['00056910301300'],False,,0.355,[],SLEEMAN - CLEAR 2.0 CAN,Lager,Canada,False,,2,2,,,False,118.0, CLEAR 2.0 CAN,0.04,Domestic Beer,True,['BCL Select'],C,National Domestic Beer,SLEEMAN ,CA,,Domestic - Other Province Commercial Beer,,False,False,0,59.79,,False,,,sleeman - clear 2.0 can,,,35,Beer,"[{'id': 'empty-placeholder', 'label': '&nbsp;', 'labelLengthWithoutTags': 1}, {'id': 'exclusive', 'label': 'ONLY@BCL', 'labelLengthWithoutTags': 8}]",True,1000,1290,1138,20426.699999999997,114677.22,0.42599999999999993,140.35211267605635,0.5989847715736041
336,bcls,product,67320,0.24544263,SLEEMAN - CLEAR CAN,,,Domestic - BC Beer,3.5,[],True,31.99,False,False,2026-09-27T00:00:00.000-07:00,,"Sleeman Clear 2.0 is a light, easy-to-drink lager with only 80 calories and 2 grams of carbs per 355 ml serving. It has a light straw colour and is brewed with soft citrus aromas that really complement that crisp, clean refreshing finish.
",2026-09-27T00:00:00.000-07:00,['On Sale'],2026-10-24T00:00:00.000-07:00,,67320,True,[],http://www.bcliquorstores.com/sites/default/files/imagecache/height400px/67320.jpeg,3618,2026-10-01 21:10:01,,15,['00056910301157'],False,,0.355,[],SLEEMAN - CLEAR CAN,Lager,Canada,False,,2,2,,,False,149.0, CLEAR CAN,0.04,Domestic Beer,False,['On Sale'],SR,National Domestic Beer,SLEEMAN ,CA,,Domestic - BC Commercial Beer,,False,False,0,27.99,,False,,,sleeman - clear can,,2026-10-24T00:00:00.000-07:00,161,Beer,[],True,1000,1006,1131,19265.85,115739.81999999999,0.21299999999999997,150.18779342723008,0.7563451776649747
337,bcls,product,695437,0.24271375,SLEEMAN - CLEAR CAN,,,Domestic - BC Beer,3.1,[],,17.49,False,False,,,"Sleeman Clear 2.0 is a light, easy-to-drink lager with only 80 calories and 2 grams of carbs per 355 ml serving. It has a light straw colour and is brewed with soft citrus aromas that really complement that crisp, clean refreshing finish.
",,[],,,695437,,[],http://www.bcliquorstores.com/sites/default/files/imagecache/height400px/695437.jpeg,1477,2026-10-01 21:10:01,,8,['00056910301188'],False,,0.355,[],SLEEMAN - CLEAR CAN,Lager,Canada,False,,2,2,,,False,131.0, CLEAR CAN,0.04,Domestic Beer,False,[],SR,National Domestic Beer,SLEEMAN ,CA,,Domestic - BC Commercial Beer,,False,False,0,17.49,,False,,,sleeman - clear can,,,59,Beer,[],True,1000,1006,1131,4194.679999999999,25832.729999999996,0.11359999999999999,153.9612676056338,0.6649746192893401
338,bcls,product,681403,0.24544263,SLEEMAN - HONEY BROWN LAGER,,,Domestic - BC Beer,3.7,[],,27.99,False,False,,,"Honey Brown Lager boasts a rich copper with a creamy, off-white foam, creating a full-bodied lager with a touch of natural honey and a slightly sweet finish. The distinctive clover honey notes in this fine brew accent the aromas of toasted grain and caramel.
",,[],,,681403,,[],http://www.bcliquorstores.com/sites/default/files/imagecache/height400px/681403.jpeg,2761,2026-10-01 21:10:01,,12,['00056910230129'],False,,0.341,[],SLEEMAN - HONEY BROWN LAGER,Dark Lager,Canada,False,,2,2,,,False,169.0, HONEY BROWN LAGER,0.05,Domestic Beer,False,[],G,National Domestic Beer,SLEEMAN ,CA,,Domestic - BC Commercial Beer,,False,False,0,27.99,,False,,,sleeman - honey brown lager,,,284,Beer,[],True,1000,1006,1131,11298.012,77280.39,0.20460000000000003,136.80351906158356,0.8578680203045685
339,bcls,product,488254,0.24544263,SLEEMAN - HONEY BROWN LAGER CAN,,,Domestic - BC Beer,3.4,[],True,26.79,False,False,2026-09-27T00:00:00.000-07:00,,"Honey Brown Lager boasts a rich copper with a creamy, off-white foam, creating a full-bodied lager with a touch of natural honey and a slightly sweet finish. The distinctive clover honey notes in this fine brew accent the aromas of toasted grain and caramel.
",2026-09-27T00:00:00.000-07:00,['On Sale'],2026-10-24T00:00:00.000-07:00,,488254,True,[],http://www.bcliquorstores.com/sites/default/files/imagecache/height400px/488254.jpeg,3947,2026-10-01 21:10:01,,12,['00056910233656'],False,,0.355,[],SLEEMAN - HONEY BROWN LAGER CAN,Dark Lager,Canada,False,,2,2,,,False,155.0, HONEY BROWN LAGER CAN,0.055,Domestic Beer,False,['On Sale'],G,National Domestic Beer,SLEEMAN ,CA,,Domestic - BC Commercial Beer,,False,False,0,23.79,,False,,,sleeman - honey brown lager can,,2026-10-24T00:00:00.000-07:00,160,Beer,[],True,1000,1006,1131,16814.219999999998,105740.12999999999,0.23429999999999998,114.34058898847631,0.7868020304568528
340,bcls,product,643858,0.24271375,SLEEMAN - HONEY BROWN LAGER CAN,,,Domestic - BC Beer,3.0,[],,14.99,False,False,,,"Honey Brown Lager boasts a rich copper with a creamy, off-white foam, creating a full-bodied lager with a touch of natural honey and a slightly sweet finish. The distinctive clover honey notes in this fine brew accent the aromas of toasted grain and caramel.
",,[],,,643858,,[],http://www.bcliquorstores.com/sites/default/files/imagecache/height400px/643858.jpeg,1287,2026-10-01 21:10:01,,6,['00056910233557'],False,,0.355,[],SLEEMAN - HONEY BROWN LAGER CAN,Dark Lager,Canada,False,,2,2,,,False,94.0, HONEY BROWN LAGER CAN,0.053,Domestic Beer,False,[],SR,National Domestic Beer,SLEEMAN ,CA,,Domestic - BC Commercial Beer,,False,False,0,14.99,,False,,,sleeman - honey brown lager can,,,117,Beer,[],True,1000,1006,1131,2741.31,19292.13,0.11288999999999999,132.78412614049077,0.47715736040609136
341,bcls,product,355592,0.24544263,SLEEMAN - ORIGINAL LAGER CAN,,,Domestic - Other Province Beer,4.2,[],True,55.99,False,False,2026-09-27T00:00:00.000-07:00,,False,2026-09-27T00:00:00.000-07:00,"['BCL Select', 'On Sale']",2026-10-24T00:00:00.000-07:00,,355592,True,[],http://www.bcliquorstores.com/sites/default/files/imagecache/height400px/355592.jpeg,1129,2026-10-01 21:10:01,,30,['00056910201303'],False,,0.355,[],SLEEMAN - ORIGINAL LAGER CAN,Pilsner,Canada,False,,2,2,,,False,94.0, ORIGINAL LAGER CAN,0.05,Domestic Beer,True,"['BCL Select', 'On Sale']",C,National Domestic Beer,SLEEMAN ,CA,,Domestic - Other Province Commercial Beer,,False,False,0,51.99,,False,,,sleeman - original lager can,,2026-10-24T00:00:00.000-07:00,9,Beer,"[{'id': 'empty-placeholder', 'label': '&nbsp;', 'labelLengthWithoutTags': 1}, {'id': 'exclusive', 'label': 'ONLY@BCL', 'labelLengthWithoutTags': 8}]",True,1000,1290,1138,12023.849999999999,63212.71,0.5325,105.1455399061033,0.47715736040609136
342,bcls,product,207431,0.24271375,SLEEMAN - ORIGINAL LAGER CAN,,,Domestic - BC Beer,3.3,[],,29.49,False,False,,,"Sleeman Original is an easy-to-drink lager, golden in colour with a concentrated white foam collar and a refreshing finish. What really makes this brew ""Original"" is its floral hop aroma, owing to our proprietary hop blend. A fan favourite that is often imitated, never duplicated, and always an Original. 
",,[],,,207431,,[],http://www.bcliquorstores.com/sites/default/files/imagecache/height400px/207431.jpeg,4168,2026-10-01 21:10:01,,15,['00056910201150'],False,,0.355,[],SLEEMAN - ORIGINAL LAGER CAN,Lager,Canada,False,,2,2,,,False,160.0, ORIGINAL LAGER CAN,0.05,Domestic Beer,False,[],G,National Domestic Beer,SLEEMAN ,CA,,Domestic - BC Commercial Beer,,False,False,0,29.49,,False,,,sleeman - original lager can,,,185,Beer,[],True,1000,1006,1131,22194.6,122914.31999999999,0.26625,110.7605633802817,0.8121827411167513
343,bcls,product,496547,0.24271375,SLEEMAN - ORIGINAL LAGER CAN,,,Domestic - BC Beer,3.5,[],,16.29,False,False,,,"Sleeman Original is an easy-to-drink lager, golden in colour with a concentrated white foam collar and a refreshing finish. What really makes this brew ""Original"" is its floral hop aroma, owing to our proprietary hop blend. A fan favourite that is often imitated, never duplicated, and always an Original. 
",,[],,,496547,,[],http://www.bcliquorstores.com/sites/default/files/imagecache/height400px/496547.jpeg,1269,2026-10-01 21:10:01,,8,['00056910201082'],False,,0.355,[],SLEEMAN - ORIGINAL LAGER CAN,Lager,Canada,False,,2,2,,,False,109.0, ORIGINAL LAGER CAN,0.05,Domestic Beer,False,[],G,National Domestic Beer,SLEEMAN ,CA,,Domestic - BC Commercial Beer,,False,False,0,16.29,,False,,,sleeman - original lager can,,,91,Beer,[],True,1000,1006,1131,3603.96,20672.01,0.142,114.71830985915493,0.5532994923857868
344,bcls,product,662831,0.24544263,SMUGGLERS TRAIL CASKWORKS - BLUEBERRY PEACH SOUR TALL CAN,,,Domestic - BC Beer,4.1,[],,3.89,False,False,,,False,,['New Product'],,,662831,,[],http://www.bcliquorstores.com/sites/default/files/imagecache/height400px/662831.jpeg,3101,2026-10-01 21:10:01,,1,['00628634111826'],False,,0.473,[],SMUGGLERS TRAIL CASKWORKS - BLUEBERRY PEACH SOUR TALL CAN,Sour,Canada,True,,2,2,,,False,55.0, BLUEBERRY PEACH SOUR TALL CAN,0.045,Domestic Beer,False,['New Product'],ST,BC Craft Beer,SMUGGLERS TRAIL CASKWORKS ,CA,,Domestic - BC Micro Brew Beer,,False,False,0,3.89,,True,,,smugglers trail caskworks - blueberry peach sour tall can,,,13,Beer,"[{'id': 'empty-placeholder', 'label': '&nbsp;', 'labelLengthWithoutTags': 1}, {'id': 'new', 'label': 'NEW', 'labelLengthWithoutTags': 3}]",True,1000,1006,1133,1466.773,12062.890000000001,0.021285,182.75781066478743,0.27918781725888325
345,bcls,product,388526,0.24544263,SOL,,,Domestic - Other Province Beer,3.9,[],True,16.29,False,False,2026-09-27T00:00:00.000-07:00,,"A bright and refreshing Mexican lager with a smooth taste and a crisp finish.
",2026-09-27T00:00:00.000-07:00,['On Sale'],2026-10-24T00:00:00.000-07:00,,388526,True,[],http://www.bcliquorstores.com/sites/default/files/imagecache/height400px/388526.jpeg,1622,2026-10-01 21:10:01,,6,['00056327017702'],False,,0.33,[],SOL,Lager,Canada,False,,2,2,,,False,114.0,SOL,0.045,Domestic Beer,False,['On Sale'],SR,National Domestic Beer,,CA,,Domestic - Other Province Commercial Beer,,False,False,0,14.29,,False,,,sol,,2026-10-24T00:00:00.000-07:00,24,Beer,[],True,1000,1290,1138,3211.56,26422.379999999997,0.0891,182.82828282828282,0.5786802030456852
346,bcls,product,646000,0.24271375,ST BERNARDUS ABT 12,,,Import Beer,4.6,[],,5.69,False,False,,,"St. Bernardus Abt 12 is widely regarded as one of the best beers in the world. It is brewed in the classic quadrupel style and adheres to the original 1946 recipe. St.Bernardus Abt 12 has a very fruity aroma that is the result of using their own unique yeast. It brims over with different, complex tastes and stands out through its long, bittersweet finish. Thanks to its mild, rounded taste and perfect balance between bitter and sweet, this beer goes down very easily.
",,[],,,646000,,[],http://www.bcliquorstores.com/sites/default/files/imagecache/height400px/646000.jpeg,1764,2026-10-01 21:10:01,,1,"['05411911003649', '00000054079021', '05411911001140']",False,,0.33,[],ST BERNARDUS ABT 12,Other,Belgium,False,,2,2,,,False,69.0,ST BERNARDUS ABT 12,0.105,Import Beer,False,[],SR,,,BE,,Europe Beer,,False,False,0,5.69,,False,,,st bernardus abt 12,,,200,Beer,[],True,1000,1007,1188,582.12,10037.16,0.03465,164.2135642135642,0.350253807106599
347,bcls,product,318562,0.24544263,STANLEY PARK - SUNSETTER NON-ALCOHOLIC PEACH WHEAT ALE CAN,,,De-Alcoholized Product,3.8,['Non-Alcoholic Drinks'],True,8.29,,,2026-09-27T00:00:00.000-07:00,,"Ripe peach flavour and bold Citra hops set the mood in this unfiltered summer ale. Our refreshing SunSetter Peach Wheat Ale is the perfect partner for soaking up every last drop of sun.
",2026-09-27T00:00:00.000-07:00,['On Sale'],2026-10-24T00:00:00.000-07:00,,318562,True,['Non-Alcoholic Drinks'],http://www.bcliquorstores.com/sites/default/files/imagecache/height400px/318562.jpeg,120,2026-10-01 21:10:01,,4,"['00062067422652', '00062067386909']",False,,0.355,[],STANLEY PARK - SUNSETTER NON-ALCOHOLIC PEACH WHEAT ALE CAN,,Canada,False,,2,2,,,False,9.0, SUNSETTER NON-ALCOHOLIC PEACH WHEAT ALE CAN,0.003,De-Alcoholized Beer,False,['On Sale'],SR,,STANLEY PARK ,CA,,Beer And Refreshment De-Alcoholized Product,,False,False,0,6.27,,False,"[{'urlAlias': '/promotion/non-alcoholic', 'name': 'Non-Alcoholic Drinks', 'promoCode': '2024NOALCOHOL', 'published': True, 'shortName': ''}]","[{'urlAlias': '/promotion/non-alcoholic', 'name': 'Non-Alcoholic Drinks', 'promoCode': '2024NOALCOHOL', 'published': True, 'shortName': ''}]",stanley park - sunsetter non-alcoholic peach wheat ale can,,2026-10-24T00:00:00.000-07:00,7,General Merchandise,"[{'id': 'empty-placeholder', 'label': '&nbsp;', 'labelLengthWithoutTags': 1}, {'id': 'featured', 'label': 'FEATURED', 'labelLengthWithoutTags': 8}]",True,1000,1009,1128,170.39999999999998,994.8,0.00426,1946.0093896713613,0.04568527918781726
348,bcls,product,318559,0.24271375,STANLEY PARK - TRAILHOPPER NON-ALCOHOLIC IPA CAN,,,De-Alcoholized Product,4.3,['Non-Alcoholic Drinks'],,8.29,,,,,"Winning Silver at the 2024 World Beer Awards, Trail Hopper non-alcoholic is full-bodied, aromatic and juicy. Our delicious Trail Hopper IPA gets its bold flavour from generous additions of Citra and Simcoe hops.
",,[],,,318559,,['Non-Alcoholic Drinks'],http://www.bcliquorstores.com/sites/default/files/imagecache/height400px/318559.jpeg,2367,2026-10-01 21:10:01,,4,"['00062067422720', '00062067386916']",False,,0.355,[],STANLEY PARK - TRAILHOPPER NON-ALCOHOLIC IPA CAN,,Canada,False,,2,2,,,False,148.0, TRAILHOPPER NON-ALCOHOLIC IPA CAN,0.003,De-Alcoholized Beer,False,[],SR,,STANLEY PARK ,CA,,Beer And Refreshment De-Alcoholized Product,,False,False,0,8.29,,False,"[{'urlAlias': '/promotion/non-alcoholic', 'name': 'Non-Alcoholic Drinks', 'promoCode': '2024NOALCOHOL', 'published': True, 'shortName': ''}]","[{'urlAlias': '/promotion/non-alcoholic', 'name': 'Non-Alcoholic Drinks', 'promoCode': '2024NOALCOHOL', 'published': True, 'shortName': ''}]",stanley park - trailhopper non-alcoholic ipa can,,,11,General Merchandise,"[{'id': 'empty-placeholder', 'label': '&nbsp;', 'labelLengthWithoutTags': 1}, {'id': 'featured', 'label': 'FEATURED', 'labelLengthWithoutTags': 8}]",True,1000,1009,1128,3361.14,19622.429999999997,0.00426,1946.0093896713613,0.751269035532995
349,bcls,product,119357,0.24271375,STANLEY PARK BREWING - CONCESSION STAND CAN MIXED PACK,,,Domestic - BC Beer,4.3,[],,25.29,False,False,,,"An award-winning assortment of our crisp, low calorie Electro Lager, ripe and peachy Sun Setter Peach Wheat Ale, tropical and aromatic Waypoint Hazy Pale Ale and bold, hoppy Trail Hopper IPA - our Concession Stand Mix Pack offers adventure for all!
",,[],,,119357,,[],http://www.bcliquorstores.com/sites/default/files/imagecache/height400px/119357.jpeg,1234,2026-10-01 21:10:01,,12,"['00062067378737', '00062067384271', '00062067421921', '00062067382666', '00062067385667', '00062067380914', '00062067202834', '00062067377921']",False,,0.355,[],STANLEY PARK BREWING - CONCESSION STAND CAN MIXED PACK,Other,Canada,False,,2,2,,,False,110.0, CONCESSION STAND CAN MIXED PACK,0.05,Domestic Beer,False,[],SR,National Domestic Beer,STANLEY PARK BREWING ,CA,,Domestic - BC Commercial Beer,,False,False,0,25.29,,False,,,stanley park brewing - concession stand can mixed pack,,,101,Beer,[],True,1000,1006,1131,5256.84,31207.86,0.213,118.73239436619718,0.5583756345177665
350,bcls,product,309235,0.24271375,STANLEY PARK BREWING - PARK SESH LAGER TALL CAN,,,Domestic - BC Beer,4.2,[],,2.69,False,False,,,"Park Sesh Lager is a clean and easy drinking craft lager. A small addition of Munich malt provides a hint of sweetness to the otherwise dry finish. Hopped with Sterling and Saphir for a balancing bitterness and light hop aroma. Park Sesh Lager is brewed for lazy days with your favourite people in any outdoor setting.
",,['BCL Select'],,,309235,,[],http://www.bcliquorstores.com/sites/default/files/imagecache/height400px/309235.jpeg,16098,2026-10-01 21:10:01,,1,['00062067422621'],False,,0.473,[],STANLEY PARK BREWING - PARK SESH LAGER TALL CAN,Lager,Canada,False,,2,2,,,False,149.0, PARK SESH LAGER TALL CAN,0.05,Domestic Beer,True,['BCL Select'],C,National Domestic Beer,STANLEY PARK BREWING ,CA,,Domestic - BC Commercial Beer,,False,False,0,2.69,,False,,,stanley park brewing - park sesh lager tall can,,,64,Beer,"[{'id': 'empty-placeholder', 'label': '&nbsp;', 'labelLengthWithoutTags': 1}, {'id': 'exclusive', 'label': 'ONLY@BCL', 'labelLengthWithoutTags': 8}]",True,1000,1006,1131,7614.353999999999,43303.62,0.02365,113.74207188160676,0.7563451776649747
351,bcls,product,309313,0.24271375,STANLEY PARK BREWING - PARKLANDIA HAZY IPA TALL CAN,,,Domestic - BC Beer,4.1,[],,3.39,False,False,,,"A juicy, hazy IPA that packs a hoppy punch! With bright notes of cara cara orange, pineapple juice, dried mango, red grapefruit and apricot. Welcome to Parklandia.
",,[],,,309313,,[],http://www.bcliquorstores.com/sites/default/files/imagecache/height400px/309313.jpeg,4103,2026-10-01 21:10:01,,1,['00062067422669'],False,,0.473,[],STANLEY PARK BREWING - PARKLANDIA HAZY IPA TALL CAN,India Pale Ale,Canada,False,,2,2,,,False,87.0, PARKLANDIA HAZY IPA TALL CAN,0.065,Domestic Beer,False,[],SR,National Domestic Beer,STANLEY PARK BREWING ,CA,,Domestic - BC Commercial Beer,,False,False,0,3.39,,False,,,stanley park brewing - parklandia hazy ipa tall can,,,28,Beer,[],True,1000,1006,1131,1940.7189999999998,13909.17,0.030744999999999998,110.26183119206377,0.4416243654822335
352,bcls,product,972422,0.24544263,STANLEY PARK BREWING - SUNSETTER,,,Domestic - BC Beer,4.3,[],True,14.99,False,False,2026-09-27T00:00:00.000-07:00,,"Ripe peach flavour and bold Citra hops set the mood in this unfiltered ale. The refreshing SunSetter Peach Wheat Ale is a refreshing taste for the senses. Food Pairing: Peach Caprese salad, SunSetter steamed clams, grilled peach and pork tenderloin.
",2026-09-27T00:00:00.000-07:00,['On Sale'],2026-10-24T00:00:00.000-07:00,,972422,True,[],http://www.bcliquorstores.com/sites/default/files/imagecache/height400px/972422.jpeg,1444,2026-10-01 21:10:01,,6,"['00779305103616', '00062067148309', '00062067148293']",False,,0.355,[],STANLEY PARK BREWING - SUNSETTER,Wheat,Canada,False,,2,2,,,False,111.0, SUNSETTER,0.048,Domestic Beer,False,['On Sale'],SR,National Domestic Beer,STANLEY PARK BREWING ,CA,,Domestic - BC Commercial Beer,,False,False,0,13.99,,False,,,stanley park brewing - sunsetter,,2026-10-24T00:00:00.000-07:00,95,Beer,[],True,1000,1006,1131,3075.72,21645.56,0.10224,146.61580594679188,0.5634517766497462
353,bcls,product,309331,0.24544263,STANLEY PARK BREWING - TRAIL HOPPER IPA CAN,,,Domestic - BC Beer,4.1,[],,27.99,False,False,,,"Full-bodied, aromatic and juicy, the delicious Trail Hopper IPA gets its bold flavour from generous additions of Citra and Simcoe hops. Food Pairing: Cheddar cheese, cajun shrimp and spicy Indian curries.
",,['BCL Select'],,,309331,,[],http://www.bcliquorstores.com/sites/default/files/imagecache/height400px/309331.jpeg,1543,2026-10-01 21:10:01,,12,['00062067423154'],False,,0.355,[],STANLEY PARK BREWING - TRAIL HOPPER IPA CAN,India Pale Ale,Canada,False,,2,2,,,False,111.0, TRAIL HOPPER IPA CAN,0.068,Domestic Beer,True,['BCL Select'],C,National Domestic Beer,STANLEY PARK BREWING ,CA,,Domestic - BC Commercial Beer,,False,False,0,27.99,,False,,,stanley park brewing - trail hopper ipa can,,,47,Beer,"[{'id': 'empty-placeholder', 'label': '&nbsp;', 'labelLengthWithoutTags': 1}, {'id': 'exclusive', 'label': 'ONLY@BCL', 'labelLengthWithoutTags': 8}]",True,1000,1006,1131,6573.179999999999,43188.57,0.28968,96.6238608119304,0.5634517766497462
354,bcls,product,198890,0.24544263,STANLEY PARK BREWING - TRAIL HOPPER IPA TALL CAN,,,Domestic - BC Beer,4.2,['The Starting Lineup'],True,2.99,False,False,2026-09-27T00:00:00.000-07:00,,"Full-bodied, aromatic and juicy, the delicious Trail Hopper IPA gets its bold flavour from generous additions of Citra and Simcoe hops. Food Pairing: Cheddar cheese, cajun shrimp and spicy Indian curries.
",2026-09-27T00:00:00.000-07:00,['On Sale'],2026-10-24T00:00:00.000-07:00,,198890,True,['The Starting Lineup'],http://www.bcliquorstores.com/sites/default/files/imagecache/height400px/198890.jpeg,15473,2026-10-01 21:10:01,,1,['00062067377495'],False,,0.473,[],STANLEY PARK BREWING - TRAIL HOPPER IPA TALL CAN,India Pale Ale,Canada,False,,2,2,,,False,153.0, TRAIL HOPPER IPA TALL CAN,0.068,Domestic Beer,False,['On Sale'],SR,National Domestic Beer,STANLEY PARK BREWING ,CA,,Domestic - BC Commercial Beer,,False,False,0,2.59,,False,"[{'urlAlias': '/promotion/october-lineup', 'name': 'The Starting Lineup', 'promoCode': '2026OCTLINEUP', 'published': True, 'shortName': ''}]","[{'urlAlias': '/promotion/october-lineup', 'name': 'The Starting Lineup', 'promoCode': '2026OCTLINEUP', 'published': True, 'shortName': ''}]",stanley park brewing - trail hopper ipa tall can,,2026-10-24T00:00:00.000-07:00,126,Beer,"[{'id': 'empty-placeholder', 'label': '&nbsp;', 'labelLengthWithoutTags': 1}, {'id': 'featured', 'label': 'FEATURED', 'labelLengthWithoutTags': 8}]",True,1000,1006,1131,7318.728999999999,46264.270000000004,0.032164,92.96107449322224,0.7766497461928934
355,bcls,product,198832,0.24271375,STANLEY PARK BREWING - WINDSTORM TALL CAN,,,Domestic - BC Beer,4.5,[],,2.99,False,False,,,"Tropical fruit and citrus hop character that gives the Windstorm Pale Ale a medium body and full unfiltered flavour. Brace yourselves. It's a flavourful force of nature that's best enjoyed with adventurous friends. Food Pairing: Grilled steak, citrus salad, Thai curry and roasted vegetables.
",,[],,,198832,,[],http://www.bcliquorstores.com/sites/default/files/imagecache/height400px/198832.jpeg,10539,2026-10-01 21:10:01,,1,['00062067377488'],False,,0.473,[],STANLEY PARK BREWING - WINDSTORM TALL CAN,Pale Ale,Canada,False,,2,2,,,False,120.0, WINDSTORM TALL CAN,0.054000000000000006,Domestic Beer,False,[],SR,National Domestic Beer,STANLEY PARK BREWING ,CA,,Domestic - BC Commercial Beer,,False,False,0,2.99,,False,,,stanley park brewing - windstorm tall can,,,64,Beer,[],True,1000,1006,1131,4984.947,31511.61,0.025542000000000002,117.06209380627985,0.6091370558375635
356,bcls,product,783269,0.24544263,STEAM WHISTLE - PILSNER TALL CAN,,,Domestic - Other Province Beer,4.0,[],,3.59,False,False,,,"Do one thing and do it really well. Steam Whistle's focus results in a true expression of the pilsner style. This premium beer is handcrafted with 4 all-natural ingredients. Golden hued with aromas of fresh baked bread and saaz hops, the palate is dry with a refreshing, clean, crisp finish.",,[],,,783269,,[],http://www.bcliquorstores.com/sites/default/files/imagecache/height400px/783269.jpeg,3684,2026-10-01 21:10:01,,1,['00702915003014'],False,,0.473,[],STEAM WHISTLE - PILSNER TALL CAN,Pilsner,Canada,False,,2,2,,,False,94.0, PILSNER TALL CAN,0.05,Domestic Beer,False,[],SR,Outside of BC Beer,STEAM WHISTLE ,CA,,Domestic - Other Province Regional Beer,,False,False,0,3.59,,False,,,steam whistle - pilsner tall can,,,15,Beer,[],True,1000,1290,1142,1742.532,13225.56,0.02365,151.79704016913317,0.47715736040609136
357,bcls,product,51210,0.24271375,STEAMWORKS - FLAGSHIP 8 CAN,,,Domestic - BC Beer,4.1,[],,17.99,True,False,,,"Unleash your taste buds with our award-winning hazy IPA, a trailblazer in the BC craft beer market. Since it's release, the IPA's influential impact has shaped the craft beer scene, captivating enthusiasts nationwide. Over the years this flagship brew remains completely untouched, boasting big tropical hops and a pillowy cloud of delicate malt sweetness. It's a reliable staple, Steamworks' biggest brand, a continuous favourite, and worthy of the name Flagship.
",,[],,,51210,,[],http://www.bcliquorstores.com/sites/default/files/imagecache/height400px/51210.jpeg,1538,2026-10-01 21:10:01,,8,['00185902002618'],False,,0.355,[],STEAMWORKS - FLAGSHIP 8 CAN,India Pale Ale,Canada,True,,2,2,,,False,149.0, FLAGSHIP 8 CAN,0.067,Domestic Beer,False,[],SR,BC Craft Beer,STEAMWORKS ,CA,,Domestic - BC Regional Beer,,False,False,0,17.99,,False,,,steamworks - flagship 8 can,,,74,Beer,[],True,1000,1006,1135,4367.92,27668.62,0.19028,94.54488122766449,0.7563451776649747
358,bcls,product,189053,0.24271375,STEAMWORKS - FLAGSHIP IPA TALL CAN,,,Domestic - BC Beer,4.0,['The Starting Lineup'],True,3.29,True,False,2026-09-27T00:00:00.000-07:00,,"Unleash your taste buds with our award-winning hazy IPA, a trailblazer in the BC craft beer market. Since its release, the IPA's influential impact has shaped the craft beer scene, captivating enthusiasts nationwide. Over the years this flagship brew remains completely untouched, boasting big tropical hops and a pillowy cloud of delicate malt sweetness. It's a reliable staple, Steamworks' biggest brand, an everlasting favourite, and worthy of the name Flagship.
",2026-09-27T00:00:00.000-07:00,['On Sale'],2026-10-24T00:00:00.000-07:00,,189053,True,['The Starting Lineup'],http://www.bcliquorstores.com/sites/default/files/imagecache/height400px/189053.jpeg,9267,2026-10-01 21:10:01,,1,['00185902001963'],False,,0.473,[],STEAMWORKS - FLAGSHIP IPA TALL CAN,India Pale Ale,Canada,True,,2,2,,,False,147.0, FLAGSHIP IPA TALL CAN,0.067,Domestic Beer,False,['On Sale'],SR,BC Craft Beer,STEAMWORKS ,CA,,Domestic - BC Regional Beer,,False,False,0,2.99,,False,"[{'urlAlias': '/promotion/october-lineup', 'name': 'The Starting Lineup', 'promoCode': '2026OCTLINEUP', 'published': True, 'shortName': ''}]","[{'urlAlias': '/promotion/october-lineup', 'name': 'The Starting Lineup', 'promoCode': '2026OCTLINEUP', 'published': True, 'shortName': ''}]",steamworks - flagship ipa tall can,,2026-10-24T00:00:00.000-07:00,62,Beer,"[{'id': 'empty-placeholder', 'label': '&nbsp;', 'labelLengthWithoutTags': 1}, {'id': 'featured', 'label': 'FEATURED', 'labelLengthWithoutTags': 8}]",True,1000,1006,1135,4383.291,30488.43,0.031691,103.81496323877442,0.7461928934010152
359,bcls,product,171617,0.24271375,STEAMWORKS - HAZY PALE ALE CAN,,,Domestic - BC Beer,3.9,[],,17.49,True,False,,,"This sessionable Hazy Pale is designed to show off the unique profile of several New Zealand hops. Big, bright flavours and aromas of lychee, gooseberry, Sauvignon Blanc, and stone fruit are backed up by a simple, multi-grain malt bill. It's hazy, it's pillowy, it's delightfully fruity, and deliciously drinkable.
",,[],,,171617,,[],http://www.bcliquorstores.com/sites/default/files/imagecache/height400px/171617.jpeg,1100,2026-10-01 21:10:01,,8,['00185902002533'],False,,0.355,[],STEAMWORKS - HAZY PALE ALE CAN,Pale Ale,Canada,True,,2,2,,,False,125.0, HAZY PALE ALE CAN,0.05,Domestic Beer,False,[],SR,BC Craft Beer,STEAMWORKS ,CA,,Domestic - BC Regional Beer,,False,False,0,17.49,,False,,,steamworks - hazy pale ale can,,,113,Beer,[],True,1000,1006,1135,3124.0,19239.0,0.142,123.16901408450704,0.6345177664974619
360,bcls,product,348587,0.24271375,STEAMWORKS - JOHN OLIVER BOLD TALL CAN,,,Domestic - BC Beer,3.8,['The Starting Lineup'],True,2.99,True,False,2026-09-27T00:00:00.000-07:00,,"Steamworks John Oliver Bold is a tribute to the end of Prohibition. This strong ale (7.9%) delivers bold, full-bodied flavour with a balanced malt backbone and subtle hop finish. It's easy-drinking and full of character—a fitting tribute to the man who brought beer back to BC.
",2026-09-27T00:00:00.000-07:00,"['BCL Select', 'On Sale']",2026-10-24T00:00:00.000-07:00,,348587,True,['The Starting Lineup'],http://www.bcliquorstores.com/sites/default/files/imagecache/height400px/348587.jpeg,20561,2026-10-01 21:10:01,,1,['00185902004209'],False,,0.473,[],STEAMWORKS - JOHN OLIVER BOLD TALL CAN,Lager,Canada,True,,2,2,,,False,115.0, JOHN OLIVER BOLD TALL CAN,0.079,Domestic Beer,True,"['BCL Select', 'On Sale']",C,BC Craft Beer,STEAMWORKS ,CA,,Domestic - BC Regional Beer,,False,False,0,1.99,,False,"[{'urlAlias': '/promotion/october-lineup', 'name': 'The Starting Lineup', 'promoCode': '2026OCTLINEUP', 'published': True, 'shortName': ''}]","[{'urlAlias': '/promotion/october-lineup', 'name': 'The Starting Lineup', 'promoCode': '2026OCTLINEUP', 'published': True, 'shortName': ''}]",steamworks - john oliver bold tall can,,2026-10-24T00:00:00.000-07:00,43,Beer,"[{'id': 'featured', 'label': 'FEATURED', 'labelLengthWithoutTags': 8}, {'id': 'exclusive', 'label': 'ONLY@BCL', 'labelLengthWithoutTags': 8}]",True,1000,1006,1135,9725.353,61477.39000000001,0.037367,80.0171274118875,0.583756345177665
361,bcls,product,289716,0.24544263,STEAMWORKS - JOHN OLIVER IPA CAN,,,Domestic - BC Beer,4.2,[],,14.99,True,False,,,"A farmer turned politician, John Oliver believed in reaping what you sow. We brewed this full-bodied yet easy-drinking West Coast IPA in his honour—no shortcuts, just quality and value he'd be proud of.
",,['BCL Select'],,,289716,,[],http://www.bcliquorstores.com/sites/default/files/imagecache/height400px/289716.jpeg,1526,2026-10-01 21:10:01,,8,['00185902004933'],False,,0.355,[],STEAMWORKS - JOHN OLIVER IPA CAN,India Pale Ale,Canada,True,,2,2,,,False,105.0, JOHN OLIVER IPA CAN,0.065,Domestic Beer,True,['BCL Select'],C,BC Craft Beer,STEAMWORKS ,CA,,Domestic - BC Regional Beer,,False,False,0,14.99,,False,,,steamworks - john oliver ipa can,,,27,Beer,"[{'id': 'empty-placeholder', 'label': '&nbsp;', 'labelLengthWithoutTags': 1}, {'id': 'exclusive', 'label': 'ONLY@BCL', 'labelLengthWithoutTags': 8}]",True,1000,1006,1135,4333.84,22874.74,0.1846,81.20260021668473,0.5329949238578681
362,bcls,product,46075,0.24544263,STEAMWORKS - JOHN OLIVER LAGER CAN,,,Domestic - BC Beer,3.8,[],,26.99,True,False,,,"Under Premier John Oliver's leadership, Prohibition in British Columbia was repealed in 1921. Celebrate his legacy with our commemorative lager. Toast to the end of Prohibition in BC as you enjoy the crisp, refreshing flavour of John Oliver Lager. Cheers to another century of exceptional beer!
",,['BCL Select'],,,46075,,[],http://www.bcliquorstores.com/sites/default/files/imagecache/height400px/46075.jpeg,3717,2026-10-01 21:10:01,,15,['00185902003196'],False,,0.355,[],STEAMWORKS - JOHN OLIVER LAGER CAN,Lager,Canada,True,,2,2,,,False,142.0, JOHN OLIVER LAGER CAN,0.054000000000000006,Domestic Beer,True,['BCL Select'],C,BC Craft Beer,STEAMWORKS ,CA,,Domestic - BC Regional Beer,,False,False,0,26.99,,False,,,steamworks - john oliver lager can,,,256,Beer,"[{'id': 'empty-placeholder', 'label': '&nbsp;', 'labelLengthWithoutTags': 1}, {'id': 'exclusive', 'label': 'ONLY@BCL', 'labelLengthWithoutTags': 8}]",True,1000,1006,1135,19793.024999999998,100321.82999999999,0.28755,93.86193705442533,0.7208121827411168
363,bcls,product,289635,0.24544263,STEAMWORKS - JOHN OLIVER LAGER CAN,,,Domestic - BC Beer,4.0,[],,14.99,True,False,,,"Under Premier John Oliver's leadership, Prohibition in British Columbia was repealed in 1921. Celebrate his legacy with our commemorative lager. Toast to the end of Prohibition in BC as you enjoy the crisp, refreshing flavour of John Oliver Lager. Cheers to another century of exceptional beer!
",,['BCL Select'],,,289635,,[],http://www.bcliquorstores.com/sites/default/files/imagecache/height400px/289635.jpeg,2006,2026-10-01 21:10:01,,8,['00185902004926'],False,,0.355,[],STEAMWORKS - JOHN OLIVER LAGER CAN,Lager,Canada,True,,2,2,,,False,129.0, JOHN OLIVER LAGER CAN,0.054000000000000006,Domestic Beer,True,['BCL Select'],C,BC Craft Beer,STEAMWORKS ,CA,,Domestic - BC Regional Beer,,False,False,0,14.99,,False,,,steamworks - john oliver lager can,,,30,Beer,"[{'id': 'empty-placeholder', 'label': '&nbsp;', 'labelLengthWithoutTags': 1}, {'id': 'exclusive', 'label': 'ONLY@BCL', 'labelLengthWithoutTags': 8}]",True,1000,1006,1135,5697.04,30069.94,0.15336000000000002,97.74387063119457,0.6548223350253807
364,bcls,product,383573,0.24271375,STEAMWORKS - JOHN OLIVER MIX PACK,,,Domestic - BC Beer,3.6,[],,21.99,True,False,,,"As a farmer turned politician, Premier John Oliver understood the fundamentals of ""you reap what you sow"". To pay tribute to a man who gave his all, we present to you our premier mixed-pack, featuring John Oliver Lager, John Oliver IPA and John Oliver Pale Ale.
",,['BCL Select'],,,383573,,[],http://www.bcliquorstores.com/sites/default/files/imagecache/height400px/383573.jpeg,1478,2026-10-01 21:10:01,,12,['00185902004452'],False,,0.355,[],STEAMWORKS - JOHN OLIVER MIX PACK,Variety Pack,Canada,True,,2,2,,,False,115.0, JOHN OLIVER MIX PACK,0.055999999999999994,Domestic Beer,True,['BCL Select'],C,BC Craft Beer,STEAMWORKS ,CA,,Domestic - BC Regional Beer,,False,False,0,21.99,,False,,,steamworks - john oliver mix pack,,,24,Beer,"[{'id': 'empty-placeholder', 'label': '&nbsp;', 'labelLengthWithoutTags': 1}, {'id': 'exclusive', 'label': 'ONLY@BCL', 'labelLengthWithoutTags': 8}]",True,1000,1006,1135,6296.28,32501.219999999998,0.23855999999999997,92.17806841046279,0.583756345177665
365,bcls,product,551937,0.24544263,STEAMWORKS - KOLSCH TALL CAN,,,Domestic - BC Beer,4.3,[],,2.69,True,False,,,"Kölsch Lagered Ale is an uncomplicated beer made in a hybrid style: fermented like an ale and conditioned like a lager. By giving it a lengthy, cold resting period, the flavours blend together resulting in a wonderfully refreshing beer. It has subtle citrus notes and a fresh, bready taste, making it very easy to drink. It may be the lightest beer in the Steamworks lineup, but it's no slouch in the flavour department.
",,[],,,551937,,[],http://www.bcliquorstores.com/sites/default/files/imagecache/height400px/551937.jpeg,10488,2026-10-01 21:10:01,,1,['00185902001345'],False,,0.473,[],STEAMWORKS - KOLSCH TALL CAN,Altbier,Canada,True,,2,2,,,False,140.0, KOLSCH TALL CAN,0.048,Domestic Beer,False,[],SR,BC Craft Beer,STEAMWORKS ,CA,,Domestic - BC Regional Beer,,False,False,0,2.69,,False,,,steamworks - kolsch tall can,,,134,Beer,[],True,1000,1006,1135,4960.824,28212.72,0.022704,118.48132487667372,0.7106598984771574
366,bcls,product,175370,0.24544263,STEAMWORKS - LIONS GATE LAGER CAN 355ML,,,Domestic - BC Beer,3.8,[],,22.99,True,False,,,"Sometimes it's nice to have something simple and straight-forward. Steamworks' Lions Gate Lager is exactly that: uncomplicated. Made from premium Pacific Northwest malt and European hops, it is fermented cold, and aged even colder.
",,['BCL Select'],,,175370,,[],http://www.bcliquorstores.com/sites/default/files/imagecache/height400px/175370.jpeg,1255,2026-10-01 21:10:01,,12,['00185902001925'],False,,0.355,[],STEAMWORKS - LIONS GATE LAGER CAN 355ML,Lager,Canada,True,,2,2,,,False,109.0, LIONS GATE LAGER CAN 355ML,0.05,Domestic Beer,True,['BCL Select'],C,BC Craft Beer,STEAMWORKS ,CA,,Domestic - BC Regional Beer,,False,False,0,22.99,,False,,,steamworks - lions gate lager can 355ml,,,213,Beer,"[{'id': 'empty-placeholder', 'label': '&nbsp;', 'labelLengthWithoutTags': 1}, {'id': 'exclusive', 'label': 'ONLY@BCL', 'labelLengthWithoutTags': 8}]",True,1000,1006,1135,5346.3,28852.449999999997,0.213,107.93427230046947,0.5532994923857868
367,bcls,product,862375,0.24271375,STEAMWORKS - MASH-UP 8 TALL CAN PACK,,,Domestic - BC Beer,4.3,[],,22.99,True,False,,,"Experience the ultimate fusion of Steamworks' finest brews with our original Mash-Up. Whether you crave hazy and hoppy or prefer clear and crisp, this collection caters to every palate. Each pack includes the Flagship IPA, Pale Ale, Pilsner and Heroica Red Ale.
",,[],,,862375,,[],http://www.bcliquorstores.com/sites/default/files/imagecache/height400px/862375.jpeg,1323,2026-10-01 21:10:01,,8,['00185902001260'],False,,0.473,[],STEAMWORKS - MASH-UP 8 TALL CAN PACK,Variety Pack,Canada,True,,2,2,,,False,147.0, MASH-UP 8 TALL CAN PACK,0.05,Domestic Beer,False,[],G,BC Craft Beer,STEAMWORKS ,CA,,Domestic - BC Regional Beer,,False,False,0,22.99,,False,,,steamworks - mash-up 8 tall can pack,,,183,Beer,[],True,1000,1006,1135,5006.232,30415.769999999997,0.1892,121.51162790697673,0.7461928934010152
368,bcls,product,62263,0.24271375,STEAMWORKS - MASH-UP CAN MIX PACK,,,Domestic - BC Beer,3.8,[],True,24.99,True,False,2026-09-27T00:00:00.000-07:00,,"From easy-drinking lagers to fruit-forward IPAs, this Mash-Up has something for everyone. Now in an exciting 12x355mL format!
",2026-09-27T00:00:00.000-07:00,['On Sale'],2026-10-24T00:00:00.000-07:00,,62263,True,[],http://www.bcliquorstores.com/sites/default/files/imagecache/height400px/62263.jpeg,1373,2026-10-01 21:10:01,,12,['00185902003240'],False,,0.355,[],STEAMWORKS - MASH-UP CAN MIX PACK,Variety Pack,Canada,True,,2,2,,,False,95.0, MASH-UP CAN MIX PACK,0.049,Domestic Beer,False,['On Sale'],SR,BC Craft Beer,STEAMWORKS ,CA,,Domestic - BC Regional Beer,,False,False,0,21.99,,False,,,steamworks - mash-up can mix pack,,2026-10-24T00:00:00.000-07:00,62,Beer,[],True,1000,1006,1135,5848.98,34311.27,0.20874,119.71830985915491,0.48223350253807107
369,bcls,product,119523,0.24271375,STEAMWORKS - MASH-UP HOPPY 8 TALL CAN PACK,,,Domestic - BC Beer,4.2,[],,23.99,True,False,,,"Calling all hop-heads and haze lovers! Experience the ultimate hop adventure with our Mash-Up 8-pack. Indulge in four distinct and vibrant brews: Flagship Hazy IPA, Heroica Red Ale, Experimental Hazy IPA and West Coast IPA. Get ready to quench your hoppy cravings with this irresistible collection.
",,[],,,119523,,[],http://www.bcliquorstores.com/sites/default/files/imagecache/height400px/119523.jpeg,1105,2026-10-01 21:10:01,,8,"['00185902005145', '00185902001772', '00185902005664', '00185902004513']",False,,0.473,[],STEAMWORKS - MASH-UP HOPPY 8 TALL CAN PACK,Variety Pack,Canada,True,,2,2,,,False,107.0, MASH-UP HOPPY 8 TALL CAN PACK,0.06,Domestic Beer,False,[],SR,BC Craft Beer,STEAMWORKS ,CA,,Domestic - BC Regional Beer,,False,False,0,23.99,,False,,,steamworks - mash-up hoppy 8 tall can pack,,,103,Beer,[],True,1000,1006,1135,4181.32,26508.949999999997,0.22704,105.66420014094433,0.5431472081218274
370,bcls,product,724347,0.24544263,STEAMWORKS - NON ALCOHOLIC LIONS GATE LAGER 6PK,,,De-Alcoholized Product,4.2,['Non-Alcoholic Drinks'],,12.99,,,,,"Crisp, refreshing, and full of flavour, this non-alcoholic lager is brewed like a true beer using premium ingredients. Winner of gold for Best Non-Alc at the BC Beer Awards, it delivers quality and consistency in every clean, satisfying sip.",,[],,,724347,,['Non-Alcoholic Drinks'],http://www.bcliquorstores.com/sites/default/files/imagecache/height400px/724347.jpeg,1453,2026-10-01 21:10:01,,6,"['00990512700041', '00185902005213']",False,,0.355,[],STEAMWORKS - NON ALCOHOLIC LIONS GATE LAGER 6PK,,Canada,False,,2,2,,,False,86.0, NON ALCOHOLIC LIONS GATE LAGER 6PK,0.003,De-Alcoholized Beer,False,[],SR,,STEAMWORKS ,CA,,Beer And Refreshment De-Alcoholized Product,,False,False,0,12.99,,False,"[{'urlAlias': '/promotion/non-alcoholic', 'name': 'Non-Alcoholic Drinks', 'promoCode': '2024NOALCOHOL', 'published': True, 'shortName': ''}]","[{'urlAlias': '/promotion/non-alcoholic', 'name': 'Non-Alcoholic Drinks', 'promoCode': '2024NOALCOHOL', 'published': True, 'shortName': ''}]",steamworks - non alcoholic lions gate lager 6pk,,,16,General Merchandise,"[{'id': 'empty-placeholder', 'label': '&nbsp;', 'labelLengthWithoutTags': 1}, {'id': 'featured', 'label': 'FEATURED', 'labelLengthWithoutTags': 8}]",True,1000,1009,1128,3094.89,18874.47,0.00639,2032.8638497652582,0.4365482233502538
371,bcls,product,111787,0.24544263,STEAMWORKS - PALE ALE 8 CAN,,,Domestic - BC Beer,3.9,[],True,16.99,True,False,2026-09-27T00:00:00.000-07:00,,"A pale ale powered by a hefty does of the classic 'C' hops. The combination of these hops create a grapefruit citrus profile with hints of floral, lemon and bright pine. These flavours are backed with just enough malt to keep this beer drinkable and balanced. A classic pale ale that decades later remains a go to style for millions of craft fans.
",2026-09-27T00:00:00.000-07:00,['On Sale'],2026-10-24T00:00:00.000-07:00,,111787,True,[],http://www.bcliquorstores.com/sites/default/files/imagecache/height400px/111787.jpeg,1072,2026-10-01 21:10:01,,8,['00185902002809'],False,,0.355,[],STEAMWORKS - PALE ALE 8 CAN,Pale Ale,Canada,True,,2,2,,,False,99.0, PALE ALE 8 CAN,0.05,Domestic Beer,False,['On Sale'],SR,BC Craft Beer,STEAMWORKS ,CA,,Domestic - BC Regional Beer,,False,False,0,13.99,,False,,,steamworks - pale ale 8 can,,2026-10-24T00:00:00.000-07:00,32,Beer,[],True,1000,1006,1135,3044.48,18213.28,0.142,119.64788732394366,0.5025380710659898
372,bcls,product,652735,0.24271375,STEAMWORKS - PALE ALE TALL CAN,,,Domestic - BC Beer,3.8,[],,2.79,True,False,,,"A pale ale powered by a hefty does of the classic 'C' hops. The combination of these hops create a grapefruit citrus profile with hints of floral, lemon and bright pine. These flavours are backed with just enough malt to keep this beer drinkable and balanced. A classic pale ale that decades later remains a go to style for millions of craft fans.
",,[],,,652735,,[],http://www.bcliquorstores.com/sites/default/files/imagecache/height400px/652735.jpeg,13924,2026-10-01 21:10:01,,1,['00185902001321'],False,,0.473,[],STEAMWORKS - PALE ALE TALL CAN,Pale Ale,Canada,True,,2,2,,,False,150.0, PALE ALE TALL CAN,0.052000000000000005,Domestic Beer,False,[],SR,BC Craft Beer,STEAMWORKS ,CA,,Domestic - BC Regional Beer,,False,False,0,2.79,,False,,,steamworks - pale ale tall can,,,87,Beer,[],True,1000,1006,1135,6586.052,38847.96,0.024596,113.43307854935762,0.7614213197969543
373,bcls,product,102395,0.24271375,STEAMWORKS - PILSNER 8 CAN,,,Domestic - BC Beer,3.8,[],,16.99,True,False,,,"There is nothing more satisfying than an expertly crafted pilsner. The combination of light bready malt, noble hops, and subtle yet expressive yeast transform four simple ingredients into something truly remarkable. This pilsner is versatile; it has enough oomph that it can be paired with a decadent meal, but simple enough to quench your thirst at the beach.
",,[],,,102395,,[],http://www.bcliquorstores.com/sites/default/files/imagecache/height400px/102395.jpeg,1252,2026-10-01 21:10:01,,8,['00185902002786'],False,,0.355,[],STEAMWORKS - PILSNER 8 CAN,Pilsner,Canada,True,,2,2,,,False,126.0, PILSNER 8 CAN,0.05,Domestic Beer,False,[],SR,BC Craft Beer,STEAMWORKS ,CA,,Domestic - BC Regional Beer,,False,False,0,16.99,,False,,,steamworks - pilsner 8 can,,,47,Beer,[],True,1000,1006,1135,3555.68,21271.48,0.142,119.64788732394366,0.6395939086294417
374,bcls,product,585182,0.24544263,STEAMWORKS - PILSNER TALL CAN 473ML,,,Domestic - BC Beer,3.8,[],,2.69,True,False,,,"There is nothing more satisfying than an expertly crafted pilsner. The combination of light bready malt, noble hops, and subtle yet expressive yeast transform four simple ingredients into something truly remarkable. This pilsner is versatile; it has enough oomph that it can be paired with a decadent meal, but simple enough to quench your thirst at the beach.
",,[],,,585182,,[],http://www.bcliquorstores.com/sites/default/files/imagecache/height400px/585182.jpeg,9555,2026-10-01 21:10:01,,1,['00185902001338'],False,,0.473,[],STEAMWORKS - PILSNER TALL CAN 473ML,Pilsner,Canada,True,,2,2,,,False,147.0, PILSNER TALL CAN 473ML,0.05,Domestic Beer,False,[],SR,BC Craft Beer,STEAMWORKS ,CA,,Domestic - BC Regional Beer,,False,False,0,2.69,,False,,,steamworks - pilsner tall can 473ml,,,89,Beer,[],True,1000,1006,1135,4519.514999999999,25702.95,0.02365,113.74207188160676,0.7461928934010152
375,bcls,product,436320,0.24271375,STEAMWORKS - PUMPKIN ALE TALL CAN,,,Domestic - BC Beer,4.1,[],,3.69,True,False,,,"Pumpkin ales are as divisive as beers get. This malt forward ale is brewed with hundreds of pounds of pumpkin puree and punched up with a proprietary blend of seasonal baking spices. It has a pie crust backbone but doesn't finish overly sweet. 
",,['New Product'],,,436320,,[],http://www.bcliquorstores.com/sites/default/files/imagecache/height400px/436320.jpeg,9425,2026-10-01 21:10:01,,1,['00185902003660'],False,,0.473,[],STEAMWORKS - PUMPKIN ALE TALL CAN,Amber Ale,Canada,True,,2,2,,,False,107.0, PUMPKIN ALE TALL CAN,0.065,Domestic Beer,False,['New Product'],ST,BC Craft Beer,STEAMWORKS ,CA,,Domestic - BC Regional Beer,,False,False,0,3.69,,True,,,steamworks - pumpkin ale tall can,,,24,Beer,"[{'id': 'empty-placeholder', 'label': '&nbsp;', 'labelLengthWithoutTags': 1}, {'id': 'new', 'label': 'NEW', 'labelLengthWithoutTags': 3}]",True,1000,1006,1135,4458.025,34778.25,0.030744999999999998,120.01951536835259,0.5431472081218274
376,bcls,product,708756,0.24271375,STEAMWORKS - TRIPLE BERRY SOUR TALL CAN,,,Domestic - BC Beer,3.3,[],,3.99,False,False,,,False,,['New Product'],,,708756,,[],http://www.bcliquorstores.com/sites/default/files/imagecache/height400px/708756.jpeg,2879,2026-10-01 21:10:01,,1,['00185902005282'],False,,0.473,[],STEAMWORKS - TRIPLE BERRY SOUR TALL CAN,Sour,Canada,True,,2,2,,,False,70.0, TRIPLE BERRY SOUR TALL CAN,0.048,Domestic Beer,False,['New Product'],ST,BC Craft Beer,STEAMWORKS ,CA,,Domestic - BC Regional Beer,,False,False,0,3.99,,True,,,steamworks - triple berry sour tall can,,,10,Beer,"[{'id': 'empty-placeholder', 'label': '&nbsp;', 'labelLengthWithoutTags': 1}, {'id': 'new', 'label': 'NEW', 'labelLengthWithoutTags': 3}]",True,1000,1006,1135,1361.7669999999998,11487.210000000001,0.022704,175.73995771670192,0.3553299492385787
377,bcls,product,612358,0.24544263,STEEL & OAK - ROYAL CITY ALE CAN,,,Domestic - BC Beer,4.4,[],,14.99,True,False,,,"Bright and balanced, Royal City Blonde Ale is brewed with Canadian Pilsner malt and a hefty dose of German Vienna malt for a light, biscuity base. Delicately dry hopped, it has floral and citrus aromas with notes of blackcurrant and melon, finishing with a gentle bitterness.
",,[],,,612358,,[],http://www.bcliquorstores.com/sites/default/files/imagecache/height400px/612358.jpeg,16,2026-10-01 21:10:01,,4,['00628451330172'],False,,0.473,[],STEEL & OAK - ROYAL CITY ALE CAN,Pale Ale,Canada,True,,3,3,,,False,3.0, ROYAL CITY ALE CAN,0.05,Domestic Beer,False,[],SR,BC Craft Beer,STEEL & OAK ,CA,,Domestic - BC Micro Brew Beer,,False,False,1,14.99,,False,,,steel & oak - royal city ale can,,,98,Beer,[],True,1000,1006,1133,30.272,239.84,0.0946,158.4566596194503,0.015228426395939087
378,bcls,product,241542,0.24271375,STEEL AND OAK  - THE BREAKS XL TALL CAN,,,Domestic - BC Beer,4.3,[],True,4.99,False,False,2026-09-27T00:00:00.000-07:00,,"BC Beer Awards and Festival: ""The Breaks is an invigorating West Coast IPA dry-hopped with Cashmere, Amarillo and Citra hops. These create notes of lemon and lime zest, melon, peach and orange peel, while finishing with a crisp and refreshing bitterness."" (October 2025)",2026-09-27T00:00:00.000-07:00,['On Sale'],2026-10-24T00:00:00.000-07:00,,241542,True,[],http://www.bcliquorstores.com/sites/default/files/imagecache/height400px/241542.jpeg,1389,2026-10-01 21:10:01,,1,['00696852145718'],False,,0.568,[],STEEL AND OAK  - THE BREAKS XL TALL CAN,India Pale Ale,Canada,True,,2,2,,,False,33.0, THE BREAKS XL TALL CAN,0.069,Domestic Beer,False,['On Sale'],SR,BC Craft Beer,STEEL AND OAK  ,CA,,Domestic - BC Micro Brew Beer,,False,False,0,4.59,,False,,,steel and oak  - the breaks xl tall can,,2026-10-24T00:00:00.000-07:00,30,Beer,[],True,1000,1006,1133,788.9519999999999,6931.110000000001,0.039192,127.32190242906717,0.16751269035532995
379,bcls,product,15327,0.24544263,STELLA ARTOIS,,,Domestic - Other Province Beer,3.4,[],,16.79,False,False,,,"The perfect beer to pair with family and friends. Winner of the 2019 World Beer Award for World's Best International Lager. Taste Profile: Floral aroma, balanced malt sweetness, hoppy bitterness, dry finish.
",,[],,,15327,,[],http://www.bcliquorstores.com/sites/default/files/imagecache/height400px/15327.jpeg,2715,2026-10-01 21:10:01,,6,['00062067382222'],False,,0.33,[],STELLA ARTOIS,Lager,Canada,False,,2,2,,,False,181.0,STELLA ARTOIS,0.05,Domestic Beer,False,[],G,National Domestic Beer,,CA,,Domestic - Other Province Commercial Beer,,False,False,0,16.79,,False,,,stella artois,,,55,Beer,[],True,1000,1290,1138,5375.7,45584.85,0.099,169.59595959595958,0.9187817258883249
380,bcls,product,15011,0.24271375,STELLA ARTOIS,,,Domestic - Other Province Beer,3.4,[],,31.79,False,False,,,"The perfect beer to pair with family and friends. Winner of the 2019 World Beer Award for World's Best International Lager. Taste Profile: Floral aroma, balanced malt sweetness, hoppy bitterness, dry finish.
",,[],,,15011,,[],http://www.bcliquorstores.com/sites/default/files/imagecache/height400px/15011.jpeg,5512,2026-10-01 21:10:01,,12,['00062067382239'],False,,0.33,[],STELLA ARTOIS,Lager,Canada,False,,2,2,,,False,193.0,STELLA ARTOIS,0.05,Domestic Beer,False,[],G,National Domestic Beer,,CA,,Domestic - Other Province Commercial Beer,,False,False,0,31.79,,False,,,stella artois,,,60,Beer,[],True,1000,1290,1138,21827.52,175226.47999999998,0.198,160.55555555555554,0.9796954314720813
381,bcls,product,15330,0.24271375,STELLA ARTOIS,,,Domestic - Other Province Beer,3.8,[],,43.99,False,False,,,"The perfect beer to pair with family and friends. Winner of the 2019 World Beer Award for World's Best International Lager. Taste Profile: Floral aroma, balanced malt sweetness, hoppy bitterness, dry finish.
",,['BCL Select'],,,15330,,[],http://www.bcliquorstores.com/sites/default/files/imagecache/height400px/15330.jpeg,649,2026-10-01 21:10:01,,18,['00062067382284'],False,,0.33,[],STELLA ARTOIS,Lager,Canada,False,,2,2,,,False,54.0,STELLA ARTOIS,0.05,Domestic Beer,True,['BCL Select'],C,National Domestic Beer,,CA,,Domestic - Other Province Commercial Beer,,False,False,0,43.99,,False,,,stella artois,,,48,Beer,"[{'id': 'empty-placeholder', 'label': '&nbsp;', 'labelLengthWithoutTags': 1}, {'id': 'exclusive', 'label': 'ONLY@BCL', 'labelLengthWithoutTags': 8}]",True,1000,1290,1138,3855.0600000000004,28549.510000000002,0.29700000000000004,148.1144781144781,0.27411167512690354
382,bcls,product,15005,0.24271375,STELLA ARTOIS - CAN,,,Domestic - Other Province Beer,3.3,[],,31.79,False,False,,,"The perfect beer to pair with family and friends. Winner of the 2019 World Beer Award for World's Best International Lager. Taste Profile: Floral aroma, balanced malt sweetness, hoppy bitterness, dry finish.
",,[],,,15005,,[],http://www.bcliquorstores.com/sites/default/files/imagecache/height400px/15005.jpeg,2525,2026-10-01 21:10:01,,12,['00062067382277'],False,,0.355,[],STELLA ARTOIS - CAN,Lager,Canada,False,,2,2,,,False,112.0, CAN,0.05,Domestic Beer,False,[],SR,National Domestic Beer,STELLA ARTOIS ,CA,,Domestic - Other Province Commercial Beer,,False,False,0,31.79,,False,,,stella artois - can,,,40,Beer,[],True,1000,1290,1138,10756.5,80269.75,0.213,149.2488262910798,0.5685279187817259
383,bcls,product,15308,0.24271375,STELLA ARTOIS - CAN,,,Domestic - Other Province Beer,4.1,[],,16.79,False,False,,,"The perfect beer to pair with family and friends. Winner of the 2019 World Beer Award for World's Best International Lager. Taste Profile: Floral aroma, balanced malt sweetness, hoppy bitterness, dry finish.
",,[],,,15308,,[],http://www.bcliquorstores.com/sites/default/files/imagecache/height400px/15308.jpeg,566,2026-10-01 21:10:01,,6,['00062067382192'],False,,0.355,[],STELLA ARTOIS - CAN,Lager,Canada,False,,2,2,,,False,46.0, CAN,0.05,Domestic Beer,False,[],SR,National Domestic Beer,STELLA ARTOIS ,CA,,Domestic - Other Province Commercial Beer,,False,False,0,16.79,,False,,,stella artois - can,,,8,Beer,[],True,1000,1290,1138,1205.58,9503.14,0.1065,157.65258215962442,0.233502538071066
384,bcls,product,15456,0.24544263,STELLA ARTOIS - TALL CAN,,,Domestic - Other Province Beer,3.2,['The Starting Lineup'],True,3.89,False,False,2026-09-27T00:00:00.000-07:00,,"The perfect beer to pair with family and friends. Winner of the 2019 World Beer Award for World's Best International Lager. Taste Profile: Floral aroma, balanced malt sweetness, hoppy bitterness, dry finish.
",2026-09-27T00:00:00.000-07:00,['On Sale'],2026-10-24T00:00:00.000-07:00,,15456,True,['The Starting Lineup'],http://www.bcliquorstores.com/sites/default/files/imagecache/height400px/15456.jpeg,7105,2026-10-01 21:10:01,,1,"['00062067382185', '00062067382178']",False,,0.473,[],STELLA ARTOIS - TALL CAN,Lager,Canada,False,,2,2,,,False,122.0, TALL CAN,0.05,Domestic Beer,False,['On Sale'],G,National Domestic Beer,STELLA ARTOIS ,CA,,Domestic - Other Province Commercial Beer,,False,False,0,3.49,,False,"[{'urlAlias': '/promotion/october-lineup', 'name': 'The Starting Lineup', 'promoCode': '2026OCTLINEUP', 'published': True, 'shortName': ''}]","[{'urlAlias': '/promotion/october-lineup', 'name': 'The Starting Lineup', 'promoCode': '2026OCTLINEUP', 'published': True, 'shortName': ''}]",stella artois - tall can,,2026-10-24T00:00:00.000-07:00,41,Beer,"[{'id': 'empty-placeholder', 'label': '&nbsp;', 'labelLengthWithoutTags': 1}, {'id': 'featured', 'label': 'FEATURED', 'labelLengthWithoutTags': 8}]",True,1000,1290,1138,3360.665,27638.45,0.02365,164.48202959830866,0.6192893401015228
385,bcls,product,319327,0.24271375,STIEGL - GRAPEFRUIT RADLER TALL CAN,,,Import Beer,4.1,['Our Best Sellers'],,4.39,False,False,,,"Stiegl Radler Grapefruit quenches your thirst and has a wonderfully fruity grapefruit aroma. 100% natural ingredients, 0% artificial sweeteners and colouring agents. Stiegl Radler Grapefruit is the perfect low alcoholic beverage.
",,[],,,319327,,['Our Best Sellers'],http://www.bcliquorstores.com/sites/default/files/imagecache/height400px/319327.jpeg,1302,2026-10-01 21:10:01,,1,"['09003402653080', '06003383193080', '09003402753087', '09003400753089', '09003403193080', '09003400653082']",False,,0.5,[],STIEGL - GRAPEFRUIT RADLER TALL CAN,Radler,Austria,False,,2,2,,,False,21.0, GRAPEFRUIT RADLER TALL CAN,0.025,Import Beer,False,[],G,,STIEGL ,AT,,Europe Beer,,False,False,0,4.39,,False,"[{'urlAlias': '/promotion/best-sellers', 'name': 'Our Best Sellers', 'promoCode': 'MARCH2026BESTSELLERS', 'published': True, 'shortName': ''}]","[{'urlAlias': '/promotion/best-sellers', 'name': 'Our Best Sellers', 'promoCode': 'MARCH2026BESTSELLERS', 'published': True, 'shortName': ''}]",stiegl - grapefruit radler tall can,,,457,Beer,"[{'id': 'empty-placeholder', 'label': '&nbsp;', 'labelLengthWithoutTags': 1}, {'id': 'featured', 'label': 'FEATURED', 'labelLengthWithoutTags': 8}]",True,1000,1007,1188,651.0,5715.78,0.0125,351.19999999999993,0.1065989847715736
386,bcls,product,44634,0.24544263,STIEGL - RASPBERRY RADLER HIMBEERE TALL CAN,,,Import Beer,4.2,[],,4.39,False,False,,,"A blend of Stiegl Goldbrau and sweet fruity raspberry to refresh your palate with an enchantingly red, soft berrylike treat. The raspberry flavour gives a rich scented bouquet of fully ripe berries, balanced by a fantastic lager that is slowly brewed to perfection. Fruity, juicy, thirst-quenching. Naturally cloudy. All Natural.
",,[],,,44634,,[],http://www.bcliquorstores.com/sites/default/files/imagecache/height400px/44634.jpeg,2,2026-10-01 21:10:01,,1,['09003402655084'],False,,0.5,[],STIEGL - RASPBERRY RADLER HIMBEERE TALL CAN,Other,Austria,False,,2,2,,,False,1.0, RASPBERRY RADLER HIMBEERE TALL CAN,0.025,Import Beer,False,[],SH,,STIEGL ,AT,,Europe Beer,,False,False,0,4.39,,False,,,stiegl - raspberry radler himbeere tall can,,,32,Beer,[],True,1000,1007,1188,1.0,8.78,0.0125,351.19999999999993,0.005076142131979695
387,bcls,product,115546,0.24271375,STRANGE FELLOWS BREWING - BLACKMAIL STOUT TALL CAN,,,Domestic - BC Beer,5.0,[],True,14.29,False,False,2026-09-27T00:00:00.000-07:00,,False,2026-09-27T00:00:00.000-07:00,['On Sale'],2026-10-24T00:00:00.000-07:00,,115546,True,[],http://www.bcliquorstores.com/sites/default/files/imagecache/height400px/115546.jpeg,1256,2026-10-01 21:10:01,,4,['00628451207078'],False,,0.473,[],STRANGE FELLOWS BREWING - BLACKMAIL STOUT TALL CAN,Stout,Canada,True,,2,2,,,False,68.0, BLACKMAIL STOUT TALL CAN,0.045,Domestic Beer,False,['On Sale'],SH,BC Craft Beer,STRANGE FELLOWS BREWING ,CA,,Domestic - BC Micro Brew Beer,,False,False,0,11.29,,False,,,strange fellows brewing - blackmail stout tall can,,2026-10-24T00:00:00.000-07:00,4,Beer,[],True,1000,1006,1133,2376.352,17948.239999999998,0.08514,167.84120272492365,0.34517766497461927
388,bcls,product,333416,0.24271375,STRANGE FELLOWS BREWING - PSYCHOPOMP TALL CAN,,,Domestic - BC Beer,4.7,[],,14.99,False,False,,,"Death be thirsty work for a Psychopomp who's perpetually tasked with guiding lost souls to the afterlife. Forego the usual sacrificial offerings - a glass of this crisp black lager, with its malty aroma & reviving character is all that's needed to guarantee a first-class passage to the otherworld.
",,['New Product'],,,333416,,[],http://www.bcliquorstores.com/sites/default/files/imagecache/height400px/333416.jpeg,1545,2026-10-01 21:10:01,,4,['00628451207450'],False,,0.473,[],STRANGE FELLOWS BREWING - PSYCHOPOMP TALL CAN,Dark Lager,Canada,True,,2,2,,,False,88.0, PSYCHOPOMP TALL CAN,0.051,Domestic Beer,False,['New Product'],ST,BC Craft Beer,STRANGE FELLOWS BREWING ,CA,,Domestic - BC Micro Brew Beer,,False,False,0,14.99,,True,,,strange fellows brewing - psychopomp tall can,,,8,Beer,"[{'id': 'empty-placeholder', 'label': '&nbsp;', 'labelLengthWithoutTags': 1}, {'id': 'new', 'label': 'NEW', 'labelLengthWithoutTags': 3}]",True,1000,1006,1133,2923.14,23159.55,0.096492,155.34966629357876,0.4467005076142132
389,bcls,product,436020,0.24271375,STRANGE FELLOWS BREWING - SCARAB SUPER DRY LAGER TALL CAN,,,Domestic - BC Beer,4.5,[],,13.99,True,False,,,"Taking inspiration from Japanese Super Dry Lagers, Scarab was brewed with rice and select lager yeast strain yielding a very crisp, light, and bright tasting beer. Delicate malt flavours are balanced with high carbonation and a subtle bitterness making way for a thirst-quenching finish.",,[],,,436020,,[],http://www.bcliquorstores.com/sites/default/files/imagecache/height400px/436020.jpeg,1498,2026-10-01 21:10:01,,4,['00628451207269'],False,,0.473,[],STRANGE FELLOWS BREWING - SCARAB SUPER DRY LAGER TALL CAN,Lager,Canada,True,,2,2,,,False,105.0, SCARAB SUPER DRY LAGER TALL CAN,0.046,Domestic Beer,False,[],SR,BC Craft Beer,STRANGE FELLOWS BREWING ,CA,,Domestic - BC Micro Brew Beer,,False,False,0,13.99,,False,,,strange fellows brewing - scarab super dry lager tall can,,,77,Beer,[],True,1000,1006,1133,2834.216,20957.02,0.087032,160.7454729294972,0.5329949238578681
390,bcls,product,508739,0.24544263,STRANGE FELLOWS BREWING - TALISMAN PALE ALE CAN,,,Domestic - BC Beer,4.4,[],True,14.99,True,False,2026-09-27T00:00:00.000-07:00,,"The Siren of the Seas is a fickle creature: benevolent or spiteful, she can bestow a safe passage and bountiful catch, or provoke storms and shipwrecks. Sailors have long cast gifts of flowers, food or trinkets into the sea in exchange for good fortune. Talisman, a delicately dry-hopped and golden-hued ale with its tropical and citrusy aroma, may be just the thing to encourage the siren's blessing. It pairs with fish and chips, pizza, burgers and anything.
",2026-09-27T00:00:00.000-07:00,['On Sale'],2026-10-24T00:00:00.000-07:00,,508739,True,[],http://www.bcliquorstores.com/sites/default/files/imagecache/height400px/508739.jpeg,2073,2026-10-01 21:10:01,,4,"['00628451207955', '00628451207016']",False,,0.473,[],STRANGE FELLOWS BREWING - TALISMAN PALE ALE CAN,Pale Ale,Canada,True,,2,2,,,False,101.0, TALISMAN PALE ALE CAN,0.042,Domestic Beer,False,['On Sale'],SR,BC Craft Beer,STRANGE FELLOWS BREWING ,CA,,Domestic - BC Micro Brew Beer,,False,False,0,12.99,,False,,,strange fellows brewing - talisman pale ale can,,2026-10-24T00:00:00.000-07:00,180,Beer,[],True,1000,1006,1133,3922.116,31074.27,0.079464,188.6388804993456,0.5126903553299492
391,bcls,product,450745,0.24544263,STRANGE FELLOWS BREWING - VARIETY BOX TALL CAN,,,Domestic - BC Beer,4.4,[],,24.99,False,False,,,"Strange Fellows' Curious Characters Variety Box gathers everyone's favourite beers together in one 8-pack, with 2 cans each of the refreshing Scarab Super Dry Lager; the sessionable Talisman Pale Ale; the crisp Beldame Old World Pilsner; and our new hoppy Greenhorn West Coast IPA.
",,[],,,450745,,[],http://www.bcliquorstores.com/sites/default/files/imagecache/height400px/450745.jpeg,986,2026-10-01 21:10:01,,8,['00628451207900'],False,,0.473,[],STRANGE FELLOWS BREWING - VARIETY BOX TALL CAN,,Canada,True,,2,2,,,False,110.0, VARIETY BOX TALL CAN,0.05,Domestic Beer,False,[],SR,BC Craft Beer,STRANGE FELLOWS BREWING ,CA,,Domestic - BC Micro Brew Beer,,False,False,0,24.99,,False,,,strange fellows brewing - variety box tall can,,,104,Beer,[],True,1000,1006,1133,3731.024,24640.14,0.1892,132.08245243128962,0.5583756345177665
392,bcls,product,131014,0.24544263,STRATHCONA - BIG SEXY FUNK IPA TALL CAN,,,Domestic - BC Beer,4.1,[],True,14.79,True,False,2026-09-27T00:00:00.000-07:00,,"This dry, hazy IPA is audaciously aromatic with big citrus accents and fresh tropical fruit notes. Crisp, refreshing with Azacca, Citra and Simcoe hops.
",2026-09-27T00:00:00.000-07:00,['On Sale'],2026-10-24T00:00:00.000-07:00,,131014,True,[],http://www.bcliquorstores.com/sites/default/files/imagecache/height400px/131014.jpeg,681,2026-10-01 21:10:01,,4,['00626990314332'],False,,0.473,[],STRATHCONA - BIG SEXY FUNK IPA TALL CAN,India Pale Ale,Canada,True,,2,2,,,False,59.0, BIG SEXY FUNK IPA TALL CAN,0.055,Domestic Beer,False,['On Sale'],SR,BC Craft Beer,STRATHCONA ,CA,,Domestic - BC Micro Brew Beer,,False,False,0,13.79,,False,,,strathcona - big sexy funk ipa tall can,,2026-10-24T00:00:00.000-07:00,77,Beer,[],True,1000,1006,1133,1288.452,10071.99,0.10406,142.1295406496252,0.29949238578680204
393,bcls,product,379854,0.24544263,STREET LEGAL - DEALC IPA TALL CAN,,,De-Alcoholized Product,3.9,['Non-Alcoholic Drinks'],True,12.29,,,2026-09-30T00:00:00.000-07:00,,"A fully fermented and matured IPA prior to removing the alcohol. This beer is dry-hopped with Mosaic hops giving the beer a nice hoppy punch with tropical fruit aromas. This de-alc beer is for the IPA connoisseur.
",2026-09-30T00:00:00.000-07:00,['On Sale'],2026-10-24T00:00:00.000-07:00,,379854,True,['Non-Alcoholic Drinks'],http://www.bcliquorstores.com/sites/default/files/imagecache/height400px/379854.jpeg,1343,2026-10-01 21:10:01,,4,"['00696852063821', '00696852063777']",False,,0.473,[],STREET LEGAL - DEALC IPA TALL CAN,,Canada,False,,2,2,,,False,86.0, DEALC IPA TALL CAN,0.005,De-Alcoholized Beer,False,['On Sale'],SR,,STREET LEGAL ,CA,,Beer And Refreshment De-Alcoholized Product,,False,False,0,10.29,,False,"[{'urlAlias': '/promotion/non-alcoholic', 'name': 'Non-Alcoholic Drinks', 'promoCode': '2024NOALCOHOL', 'published': True, 'shortName': ''}]","[{'urlAlias': '/promotion/non-alcoholic', 'name': 'Non-Alcoholic Drinks', 'promoCode': '2024NOALCOHOL', 'published': True, 'shortName': ''}]",street legal - dealc ipa tall can,,2026-10-24T00:00:00.000-07:00,146,General Merchandise,"[{'id': 'empty-placeholder', 'label': '&nbsp;', 'labelLengthWithoutTags': 1}, {'id': 'featured', 'label': 'FEATURED', 'labelLengthWithoutTags': 8}]",True,1000,1009,1128,2540.9559999999997,16505.469999999998,0.00946,1299.154334038055,0.4365482233502538
394,bcls,product,454997,0.24544263,STREET LEGAL - DEALC PILSNER TALL CAN,,,De-Alcoholized Product,3.7,['Non-Alcoholic Drinks'],True,12.29,,,2026-09-27T00:00:00.000-07:00,,"A fully fermented and matured Pilsner prior to having the alcohol removed. This beer is brewed with German malt and hops to provide a taste close to a Bavarian lager. 
",2026-09-27T00:00:00.000-07:00,['On Sale'],2026-10-24T00:00:00.000-07:00,,454997,True,['Non-Alcoholic Drinks'],http://www.bcliquorstores.com/sites/default/files/imagecache/height400px/454997.jpeg,431,2026-10-01 21:10:01,,4,['00696852063814'],False,,0.473,[],STREET LEGAL - DEALC PILSNER TALL CAN,,Canada,False,,2,2,,,False,34.0, DEALC PILSNER TALL CAN,0.005,De-Alcoholized Beer,False,['On Sale'],SR,,STREET LEGAL ,CA,,Beer And Refreshment De-Alcoholized Product,,False,False,0,9.27,,False,"[{'urlAlias': '/promotion/non-alcoholic', 'name': 'Non-Alcoholic Drinks', 'promoCode': '2024NOALCOHOL', 'published': True, 'shortName': ''}]","[{'urlAlias': '/promotion/non-alcoholic', 'name': 'Non-Alcoholic Drinks', 'promoCode': '2024NOALCOHOL', 'published': True, 'shortName': ''}]",street legal - dealc pilsner tall can,,2026-10-24T00:00:00.000-07:00,95,General Merchandise,"[{'id': 'empty-placeholder', 'label': '&nbsp;', 'labelLengthWithoutTags': 1}, {'id': 'featured', 'label': 'FEATURED', 'labelLengthWithoutTags': 8}]",True,1000,1009,1128,815.452,5296.99,0.00946,1299.154334038055,0.17258883248730963
395,bcls,product,322501,0.24271375,STROH - OLD MILWAUKEE JUMBO CAN,,,Domestic - BC Beer,4.2,[],,3.99,False,False,,,,,[],,,322501,,[],http://www.bcliquorstores.com/sites/default/files/imagecache/height400px/322501.jpeg,2349,2026-10-01 21:10:01,,1,['00056910420711'],False,,0.71,[],STROH - OLD MILWAUKEE JUMBO CAN,Pilsner,Canada,False,,2,2,,,False,93.0, OLD MILWAUKEE JUMBO CAN,0.049,Domestic Beer,False,[],SR,National Domestic Beer,STROH ,CA,,Domestic - BC Commercial Beer,,False,False,0,3.99,,False,,,stroh - old milwaukee jumbo can,,,9,Beer,[],True,1000,1006,1131,1667.79,9372.51,0.03479,114.68812877263582,0.4720812182741117
396,bcls,product,561035,0.24271375,STROH CANADA - COLT 45 MALT LIQUOR CAN,,,Domestic - BC Beer,3.7,[],,10.79,False,False,,,"A well recognized and popular malt liquor brand throughout North America. Colt 45 has a distinctive taste profile that starts off crisp and finishes smooth and easy. Colt 45 is a tried and true favourite among consumers who agree, ""It works every time!""
",,[],,,561035,,[],http://www.bcliquorstores.com/sites/default/files/imagecache/height400px/561035.jpeg,3771,2026-10-01 21:10:01,,6,['00056910002207'],False,,0.355,[],STROH CANADA - COLT 45 MALT LIQUOR CAN,Other,Canada,False,,2,2,,,False,118.0, COLT 45 MALT LIQUOR CAN,0.08,Domestic Beer,False,[],G,National Domestic Beer,STROH CANADA ,CA,,Domestic - BC Commercial Beer,,False,False,0,10.79,,False,,,stroh canada - colt 45 malt liquor can,,,250,Beer,[],True,1000,1006,1131,8032.23,40689.09,0.1704,63.32159624413145,0.5989847715736041
397,bcls,product,606285,0.24544263,STROH CANADA - OLD MILWAUKEE CAN,,,Domestic - BC Beer,3.6,[],True,26.29,False,False,2026-09-27T00:00:00.000-07:00,,"Old Milwaukee offers a beer that is crisp, clean and made for easy-drinking. For a great beer at a great price, it doesn't get any better than this!
",2026-09-27T00:00:00.000-07:00,['On Sale'],2026-10-24T00:00:00.000-07:00,,606285,True,[],http://www.bcliquorstores.com/sites/default/files/imagecache/height400px/606285.jpeg,7520,2026-10-01 21:10:01,,15,"['00056910401604', '00056910401376', '00005691040137']",False,,0.355,[],STROH CANADA - OLD MILWAUKEE CAN,Lager,Canada,False,,2,2,,,False,184.0, OLD MILWAUKEE CAN,0.049,Domestic Beer,False,['On Sale'],G,National Domestic Beer,STROH CANADA ,CA,,Domestic - BC Commercial Beer,,False,False,0,24.29,,False,,,stroh canada - old milwaukee can,,2026-10-24T00:00:00.000-07:00,170,Beer,[],True,1000,1006,1131,40043.99999999999,197700.8,0.26092499999999996,100.75692248730479,0.934010152284264
398,bcls,product,606293,0.24271375,STROH CANADA - OLD MILWAUKEE CAN,,,Domestic - BC Beer,3.3,['Our Best Sellers'],,39.99,False,False,,,"Old Milwaukee offers a beer that is crisp, clean and made for easy-drinking. For a great beer at a great price, it doesn't get any better than this!
",,[],,,606293,,['Our Best Sellers'],http://www.bcliquorstores.com/sites/default/files/imagecache/height400px/606293.jpeg,4771,2026-10-01 21:10:01,,24,"['00056910401659', '00056910401406']",False,,0.355,[],STROH CANADA - OLD MILWAUKEE CAN,Lager,Canada,False,,2,2,,,False,141.0, OLD MILWAUKEE CAN,0.049,Domestic Beer,False,[],G,National Domestic Beer,STROH CANADA ,CA,,Domestic - BC Commercial Beer,,False,False,0,39.99,,False,"[{'urlAlias': '/promotion/best-sellers', 'name': 'Our Best Sellers', 'promoCode': 'MARCH2026BESTSELLERS', 'published': True, 'shortName': ''}]","[{'urlAlias': '/promotion/best-sellers', 'name': 'Our Best Sellers', 'promoCode': 'MARCH2026BESTSELLERS', 'published': True, 'shortName': ''}]",stroh canada - old milwaukee can,,,149,Beer,"[{'id': 'empty-placeholder', 'label': '&nbsp;', 'labelLengthWithoutTags': 1}, {'id': 'featured', 'label': 'FEATURED', 'labelLengthWithoutTags': 8}]",True,1000,1006,1131,40648.92,190792.29,0.41748,95.78901983328542,0.7157360406091371
399,bcls,product,54965,0.24544263,STROH CANADA - OLD MILWAUKEE CANS,,,Domestic - BC Beer,3.7,[],,14.29,False,False,,,"Old Milwaukee offers a beer that is crisp, clean and made for easy-drinking. For a great beer at a great price, it doesn't get any better than this!
",,[],,,54965,,[],http://www.bcliquorstores.com/sites/default/files/imagecache/height400px/54965.jpeg,3832,2026-10-01 21:10:01,,8,"['00056910401802', '00056910401185']",False,,0.355,[],STROH CANADA - OLD MILWAUKEE CANS,Lager,Canada,False,,2,2,,,False,131.0, OLD MILWAUKEE CANS,0.049,Domestic Beer,False,[],G,National Domestic Beer,STROH CANADA ,CA,,Domestic - BC Commercial Beer,,False,False,0,14.29,,False,,,stroh canada - old milwaukee cans,,,99,Beer,[],True,1000,1006,1131,10882.88,54759.28,0.13916,102.68755389479735,0.6649746192893401
400,bcls,product,175612,0.24544263,STROH CANADA - PABST BLUE RIBBON CAN,,,Domestic - BC Beer,3.7,[],,26.29,False,False,,,"The Original Pabst Blue Ribbon beer uses the choicest of nature's products to provide its prized flavour. The original smoothness goes down easy—without even a hint of bitter aftertaste.
",,[],,,175612,,[],http://www.bcliquorstores.com/sites/default/files/imagecache/height400px/175612.jpeg,5463,2026-10-01 21:10:01,,15,['00056910403158'],False,,0.355,[],STROH CANADA - PABST BLUE RIBBON CAN,Lager,Canada,False,,2,2,,,False,182.0, PABST BLUE RIBBON CAN,0.049,Domestic Beer,False,[],G,National Domestic Beer,STROH CANADA ,CA,,Domestic - BC Commercial Beer,,False,False,0,26.29,,False,,,stroh canada - pabst blue ribbon can,,,278,Beer,[],True,1000,1006,1131,29090.474999999995,143622.27,0.26092499999999996,100.75692248730479,0.9238578680203046
401,bcls,product,89888,0.24271375,STROH CANADA - PABST BLUE RIBBON CAN,,,Domestic - BC Beer,4.1,[],,14.79,False,False,,,"The Original Pabst Blue Ribbon beer uses the choicest of nature's products to provide its prized flavour. The original smoothness goes down easy—without even a hint of bitter aftertaste.
",,[],,,89888,,[],http://www.bcliquorstores.com/sites/default/files/imagecache/height400px/89888.jpeg,2697,2026-10-01 21:10:01,,8,['00056910403189'],False,,0.355,[],STROH CANADA - PABST BLUE RIBBON CAN,Lager,Canada,False,,2,2,,,False,113.0, PABST BLUE RIBBON CAN,0.049,Domestic Beer,False,[],G,National Domestic Beer,STROH CANADA ,CA,,Domestic - BC Commercial Beer,,False,False,0,14.79,,False,,,stroh canada - pabst blue ribbon can,,,135,Beer,[],True,1000,1006,1131,7659.48,39888.63,0.13916,106.28054038516814,0.5736040609137056
402,bcls,product,606269,0.24271375,STROH CANADA - RAINIER CAN,,,Domestic - BC Beer,3.4,[],,22.99,False,False,,,"Rainier Beer brings together nature's bounty from the great Northwest. Golden barley was used to produce a beer rich in taste and texture. Fermented slowly with a pedigree yeast culture under tightly controlled conditions, Rainier comes forth with a satisfying malty flavour over a slightly fruity background.
",,[],,,606269,,[],http://www.bcliquorstores.com/sites/default/files/imagecache/height400px/606269.jpeg,2188,2026-10-01 21:10:01,,15,['00056910403257'],False,,0.355,[],STROH CANADA - RAINIER CAN,Lager,Canada,False,,2,2,,,False,96.0, RAINIER CAN,0.05,Domestic Beer,False,[],G,National Domestic Beer,STROH CANADA ,CA,,Domestic - BC Commercial Beer,,False,False,0,22.99,,False,,,stroh canada - rainier can,,,200,Beer,[],True,1000,1006,1131,11651.099999999999,50302.119999999995,0.26625,86.34741784037558,0.4873096446700508
403,bcls,product,638257,0.24271375,SUPER BOCK - CAN 4-PACK,,,Import Beer,4.4,['Our Best Sellers'],,11.79,False,False,,,.,,[],,,638257,,['Our Best Sellers'],http://www.bcliquorstores.com/sites/default/files/imagecache/height400px/638257.jpeg,1757,2026-10-01 21:10:01,,4,['05601164906648'],False,,0.5,[],SUPER BOCK - CAN 4-PACK,Lager,Portugal,False,,2,2,,,False,72.0, CAN 4-PACK,0.052000000000000005,Import Beer,False,[],SR,,SUPER BOCK ,PT,,Europe Beer,,False,False,0,11.79,,False,"[{'urlAlias': '/promotion/best-sellers', 'name': 'Our Best Sellers', 'promoCode': 'MARCH2026BESTSELLERS', 'published': True, 'shortName': ''}]","[{'urlAlias': '/promotion/best-sellers', 'name': 'Our Best Sellers', 'promoCode': 'MARCH2026BESTSELLERS', 'published': True, 'shortName': ''}]",super bock - can 4-pack,,,52,Beer,"[{'id': 'empty-placeholder', 'label': '&nbsp;', 'labelLengthWithoutTags': 1}, {'id': 'featured', 'label': 'FEATURED', 'labelLengthWithoutTags': 8}]",True,1000,1007,1188,3514.0,20715.03,0.10400000000000001,113.3653846153846,0.36548223350253806
404,bcls,product,13233,0.24544263,SUPERFLUX - COCONUTS TALL CAN,,,Domestic - BC Beer,3.8,[],,18.99,False,False,,,"A soft and full-bodied IPA heavily dry-hopped with Vic Secret and Citra then conditioned on a voluptuous bed of coconuts. Strong notes of pineapple and coconut, followed by a hint of orange and grapefruit.
",,['New Product'],,,13233,,[],http://www.bcliquorstores.com/sites/default/files/imagecache/height400px/13233.jpeg,566,2026-10-01 21:10:01,,4,['00626990409441'],False,,0.473,[],SUPERFLUX - COCONUTS TALL CAN,India Pale Ale,Canada,True,,2,2,,,False,34.0, COCONUTS TALL CAN,0.07,Domestic Beer,False,['New Product'],ST,BC Craft Beer,SUPERFLUX ,CA,,Domestic - BC Micro Brew Beer,,False,False,0,18.99,,True,,,superflux - coconuts tall can,,,7,Beer,"[{'id': 'empty-placeholder', 'label': '&nbsp;', 'labelLengthWithoutTags': 1}, {'id': 'new', 'label': 'NEW', 'labelLengthWithoutTags': 3}]",True,1000,1006,1133,1070.8719999999998,10748.339999999998,0.13244,143.38568408335848,0.17258883248730963
405,bcls,product,36809,0.24271375,SUPERFLUX - COLOUR AND SHAPE TALL CAN,,,Domestic - BC Beer,4.5,[],True,17.99,True,False,2026-09-27T00:00:00.000-07:00,,"Colour and Shape IPA is dry-hopped with large amounts of Citra and full of tropical and citrus notes. On the palate, it's soft, tropical and herbaceous, with a medium bitter and hop finish.
",2026-09-27T00:00:00.000-07:00,['On Sale'],2026-10-24T00:00:00.000-07:00,,36809,True,[],http://www.bcliquorstores.com/sites/default/files/imagecache/height400px/36809.jpeg,1307,2026-10-01 21:10:01,,4,"['00626990301752', '00627843718161']",False,,0.473,[],SUPERFLUX - COLOUR AND SHAPE TALL CAN,India Pale Ale,Canada,True,,2,2,,,False,96.0, COLOUR AND SHAPE TALL CAN,0.065,Domestic Beer,False,['On Sale'],SR,BC Craft Beer,SUPERFLUX ,CA,,Domestic - BC Micro Brew Beer,,False,False,0,16.99,,False,,,superflux - colour and shape tall can,,2026-10-24T00:00:00.000-07:00,89,Beer,[],True,1000,1006,1133,2472.844,23512.929999999997,0.12297999999999999,146.28394860953,0.4873096446700508
406,bcls,product,149730,0.24271375,SUPERFLUX - EASY TIGER TALL CAN,,,Domestic - BC Beer,4.4,[],,16.49,True,False,,,"This little hoppy beer is moderately dry-hopped with a blend of American and Australian hops. Pours a hazy, pale orange colour with bright carbonation. Delicate on the palate, with notes of citrus, orange zest, guava, fresh cut grass and a dry, yet soft finish.",,[],,,149730,,[],http://www.bcliquorstores.com/sites/default/files/imagecache/height400px/149730.jpeg,932,2026-10-01 21:10:01,,4,"['00626990301837', '00627843718178']",False,,0.473,[],SUPERFLUX - EASY TIGER TALL CAN,Pale Ale,Canada,True,,2,2,,,False,79.0, EASY TIGER TALL CAN,0.045,Domestic Beer,False,[],SR,BC Craft Beer,SUPERFLUX ,CA,,Domestic - BC Micro Brew Beer,,False,False,0,16.49,,False,,,superflux - easy tiger tall can,,,27,Beer,[],True,1000,1006,1133,1763.3439999999998,15368.679999999998,0.08514,193.6809960065774,0.4010152284263959
407,bcls,product,30803,0.24544263,SUPERFLUX - HAPPYNESS TALL CAN,,,Domestic - BC Beer,4.4,[],,17.49,True,False,,,"A foreward-looking take on the classic West Coast IPA. Bright and crisp this beer is loaded with Citra and Mosaic hops. Colourful notes of tropical fruit, pine sap, and a medium body of slightly sweet malt. ",,[],,,30803,,[],http://www.bcliquorstores.com/sites/default/files/imagecache/height400px/30803.jpeg,977,2026-10-01 21:10:01,,4,['00627843718154'],False,,0.473,[],SUPERFLUX - HAPPYNESS TALL CAN,India Pale Ale,Canada,True,,2,2,,,False,84.0, HAPPYNESS TALL CAN,0.065,Domestic Beer,False,[],SR,BC Craft Beer,SUPERFLUX ,CA,,Domestic - BC Micro Brew Beer,,False,False,0,17.49,,False,,,superflux - happyness tall can,,,54,Beer,[],True,1000,1006,1133,1848.484,17087.73,0.12297999999999999,142.21824686940965,0.4263959390862944
408,bcls,product,354197,0.24271375,TENNENT'S - SCOTCH ALE,,,Import Beer,4.2,[],True,3.09,False,False,2026-09-27T00:00:00.000-07:00,,"Tennent's Scotch Ale is a strong, full-bodied ale with a soft side. It features subtle fruit flavours and a touch of hops, followed by a warm, welcoming finish of caramel and malt - the aftertaste equivalent of sitting by a crackling fire, toasty and warm.
",2026-09-27T00:00:00.000-07:00,['On Sale'],2026-10-24T00:00:00.000-07:00,,354197,True,[],http://www.bcliquorstores.com/sites/default/files/imagecache/height400px/354197.jpeg,3501,2026-10-01 21:10:01,,1,['05391516930635'],False,,0.33,[],TENNENT'S - SCOTCH ALE,Scotch Ale,United Kingdom,False,,2,2,,,False,122.0, SCOTCH ALE,0.09,Import Beer,False,['On Sale'],SH,,TENNENT'S ,GB,,Europe Beer,,False,False,0,2.79,,False,,,tennents - scotch ale,,2026-10-24T00:00:00.000-07:00,47,Beer,[],True,1000,1007,1188,1155.3300000000002,10818.09,0.0297,104.04040404040403,0.6192893401015228
409,bcls,product,537258,0.24544263,TIGER TALL CAN,,,Import Beer,4.0,[],,3.69,False,False,,,"The tropical, definitive Asian lager! Tiger was born in Singapore - a busy trading destination and melting pot of Asian, Indian, and British influences and culture. The result is a bravely creative and unpretentious lager with an intensely refreshing, full-bodied taste that's one of the world's fastest growing premium beers.
",,[],,,537258,,[],http://www.bcliquorstores.com/sites/default/files/imagecache/height400px/537258.jpeg,3969,2026-10-01 21:10:01,,1,"['08888017230502', '00086428230502']",False,,0.5,[],TIGER TALL CAN,Other,Singapore,False,,2,2,,,False,67.0,TIGER TALL CAN,0.05,Import Beer,False,[],SR,,,SG,,Asia And South Pacific Beer,,False,False,0,3.69,,False,,,tiger tall can,,,72,Beer,[],True,1000,1007,1186,1984.5,14645.61,0.025,147.6,0.3401015228426396
410,bcls,product,188210,0.24544263,TIN WHISTLE - PEACH CREAM ALE TALL CAN,,,Domestic - BC Beer,4.3,[],,13.99,True,False,,,"Enjoy one of the region's iconic stonefruits with this balanced and refreshing beer. Take a sip of history. Tasting Notes: Fruity without being sweet. Medium body. Food Pairings: Grilled fish, pork, BBQ meats, salads and stone fruit-based desserts.
",,[],,,188210,,[],http://www.bcliquorstores.com/sites/default/files/imagecache/height400px/188210.jpeg,713,2026-10-01 21:10:01,,4,"['00696852023627', '00626990197959']",False,,0.473,[],TIN WHISTLE - PEACH CREAM ALE TALL CAN,Pale Ale,Canada,True,,2,2,,,False,68.0, PEACH CREAM ALE TALL CAN,0.05,Domestic Beer,False,[],SR,BC Craft Beer,TIN WHISTLE ,CA,,Domestic - BC Micro Brew Beer,,False,False,0,13.99,,False,,,tin whistle - peach cream ale tall can,,,51,Beer,[],True,1000,1006,1133,1348.9959999999999,9974.87,0.0946,147.88583509513742,0.34517766497461927
411,bcls,product,37468,0.24544263,TOFINO BREWING - BLONDE ALE TALL CAN,,,Domestic - BC Beer,4.1,[],,14.99,True,False,,,"Style: Blonde ale. Body: Light, subtle. Finish: Crisp, dry. Notes: Earthy hop notes with a malt sweetness.
",,[],,,37468,,[],http://www.bcliquorstores.com/sites/default/files/imagecache/height400px/37468.jpeg,1104,2026-10-01 21:10:01,,4,['00626990394112'],False,,0.473,[],TOFINO BREWING - BLONDE ALE TALL CAN,Blonde Ale,Canada,True,,2,2,,,False,97.0, BLONDE ALE TALL CAN,0.055,Domestic Beer,False,[],SR,BC Craft Beer,TOFINO BREWING ,CA,,Domestic - BC Micro Brew Beer,,False,False,0,14.99,,False,,,tofino brewing - blonde ale tall can,,,23,Beer,[],True,1000,1006,1133,2088.768,16548.96,0.10406,144.05150874495484,0.49238578680203043
412,bcls,product,37438,0.24544263,TOFINO BREWING - PILSNER TALL CAN,,,Domestic - BC Beer,4.3,[],,15.49,True,False,,,False,,[],,,37438,,[],http://www.bcliquorstores.com/sites/default/files/imagecache/height400px/37438.jpeg,742,2026-10-01 21:10:01,,4,['00626990394150'],False,,0.473,[],TOFINO BREWING - PILSNER TALL CAN,Pilsner,Canada,True,,2,2,,,False,68.0, PILSNER TALL CAN,0.045,Domestic Beer,False,[],SH,BC Craft Beer,TOFINO BREWING ,CA,,Domestic - BC Micro Brew Beer,,False,False,0,15.49,,False,,,tofino brewing - pilsner tall can,,,10,Beer,[],True,1000,1006,1133,1403.864,11493.58,0.08514,181.93563542400753,0.34517766497461927
413,bcls,product,293787,0.24271375,TSINGTAO,,,Import Beer,3.9,[],,14.79,False,False,,,"Unique and prolonged fermentation process to create a crisp and refreshing beer with malty aroma. It will complement spicy and flavourful Asian cuisine.
",,[],,,293787,,[],http://www.bcliquorstores.com/sites/default/files/imagecache/height400px/293787.jpeg,2225,2026-10-01 21:10:01,,6,"['06901035601030', '06901035601047', '06901035601016']",False,,0.33,[],TSINGTAO,Lager,China,False,,2,2,,,False,102.0,TSINGTAO,0.045,Import Beer,False,[],SR,,,CN,,Asia And South Pacific Beer,,False,False,0,14.79,,False,,,tsingtao,,,275,Beer,[],True,1000,1007,1186,4405.5,32907.75,0.0891,165.993265993266,0.5177664974619289
414,bcls,product,357409,0.24271375,TUBORG GOLD - TALL CAN,,,Domestic - Other Province Beer,3.3,[],True,2.59,False,False,2026-09-27T00:00:00.000-07:00,,"Light gold colour with a fine head; aromas of malt, toasted cereal, citrus and floral hops; dry, light and crisp with light grainy, malt and hop flavours; very mild bitter finish.
",2026-09-27T00:00:00.000-07:00,['On Sale'],2026-10-24T00:00:00.000-07:00,,357409,True,[],http://www.bcliquorstores.com/sites/default/files/imagecache/height400px/357409.jpeg,26044,2026-10-01 21:10:01,,1,['00675325092209'],False,,0.473,[],TUBORG GOLD - TALL CAN,Lager,Canada,False,,2,2,,,False,186.0, TALL CAN,0.055,Domestic Beer,False,['On Sale'],SR,National Domestic Beer,TUBORG GOLD ,CA,,Domestic - Other Province Commercial Beer,,False,False,0,1.99,,False,,,tuborg gold - tall can,,2026-10-24T00:00:00.000-07:00,46,Beer,[],True,1000,1290,1138,12318.812,67453.95999999999,0.026015,99.55794733807419,0.9441624365482234
415,bcls,product,17216,0.24271375,TWIN SAILS BREWING - DAT JUICE TALL CAN,,,Domestic - BC Beer,4.5,[],True,13.99,True,False,2026-09-27T00:00:00.000-07:00,,"Dat Juice is an unfiltered pale ale brewed with large amounts of flaked and malted wheat, then heavily dry-hopped with 100% Citra hops. It pours a cloudy pale straw colour, with bright aromatics of grapefruit, pineapple and mango.
",2026-09-27T00:00:00.000-07:00,['On Sale'],2026-10-24T00:00:00.000-07:00,,17216,True,[],http://www.bcliquorstores.com/sites/default/files/imagecache/height400px/17216.jpeg,2317,2026-10-01 21:10:01,,4,"['00626990276289', '00626990271161']",False,,0.473,[],TWIN SAILS BREWING - DAT JUICE TALL CAN,Pale Ale,Canada,True,,2,2,,,False,95.0, DAT JUICE TALL CAN,0.052000000000000005,Domestic Beer,False,['On Sale'],SR,BC Craft Beer,TWIN SAILS BREWING ,CA,,Domestic - BC Micro Brew Beer,,False,False,0,12.99,,False,,,twin sails brewing - dat juice tall can,,2026-10-24T00:00:00.000-07:00,137,Beer,[],True,1000,1006,1133,4383.764,32414.83,0.098384,142.19791836070905,0.48223350253807107
416,bcls,product,188811,0.24271375,TYSKIE TALL CAN,,,Import Beer,3.7,[],,3.09,False,False,,,,,[],,,188811,,[],http://www.bcliquorstores.com/sites/default/files/imagecache/height400px/188811.jpeg,8001,2026-10-01 21:10:01,,1,"['00835609001093', '05901359104669']",False,,0.5,[],TYSKIE TALL CAN,Lager,Poland,False,,2,2,,,False,122.0,TYSKIE TALL CAN,0.05,Import Beer,False,[],SR,,,PL,,Europe Beer,,False,False,0,3.09,,False,,,tyskie tall can,,,48,Beer,[],True,1000,1007,1188,4000.5,24723.09,0.025,123.6,0.6192893401015228
417,bcls,product,355506,0.24544263,UNIBROUE - COLLECTIONS CAN,,,Domestic - Other Province Beer,4.4,[],,28.29,False,False,,,"This Unibroue pack is the perfect mix, offering a taste of some of our most iconic Belgian-style beers. Each beer is unique, and naturally conditioned in cans, delivering a truly distinctive craft beer experience. 
",,['BCL Select'],,,355506,,[],http://www.bcliquorstores.com/sites/default/files/imagecache/height400px/355506.jpeg,603,2026-10-01 21:10:01,,12,['00056910799121'],False,,0.355,[],UNIBROUE - COLLECTIONS CAN,Variety Pack,Canada,False,,2,2,,,False,70.0, COLLECTIONS CAN,0.087,Domestic Beer,True,['BCL Select'],C,National Domestic Beer,UNIBROUE ,CA,,Domestic - Other Province Commercial Beer,,False,False,0,28.29,,False,,,unibroue - collections can,,,60,Beer,"[{'id': 'empty-placeholder', 'label': '&nbsp;', 'labelLengthWithoutTags': 1}, {'id': 'exclusive', 'label': 'ONLY@BCL', 'labelLengthWithoutTags': 8}]",True,1000,1290,1138,2568.7799999999997,17058.87,0.37061999999999995,76.33155253359237,0.3553299492385787
418,bcls,product,52423,0.24544263,URPINER - EXCLUSIVE GOLDEN CRAFT BEER TALL CAN,,,Import Beer,4.3,[],,2.49,False,False,,,"Urpiner Exclusive Beer is craft brewed with Levický pilsen barley malt and Saaz ""Noble"" hops that impart a medium to high crispness, distinctive hoppiness, with a bright golden colour and rich foam.
",,[],,,52423,,[],http://www.bcliquorstores.com/sites/default/files/imagecache/height400px/52423.jpeg,8135,2026-10-01 21:10:01,,1,['08586000971752'],False,,0.5,[],URPINER - EXCLUSIVE GOLDEN CRAFT BEER TALL CAN,Lager,Slovak Republic,False,,2,2,,,False,114.0, EXCLUSIVE GOLDEN CRAFT BEER TALL CAN,0.07,Import Beer,False,[],SR,,URPINER ,SK,,Europe Beer,,False,False,0,2.49,,False,,,urpiner - exclusive golden craft beer tall can,,,389,Beer,[],True,1000,1007,1188,4067.5,20256.15,0.035,71.14285714285714,0.5786802030456852
419,bcls,product,60462,0.24544263,URPINER - PREMIUM 12 CRAFT TALL CAN,,,Import Beer,4.5,[],,2.39,False,False,,,"Grand Gold, International Tasting Competition: ""Urpiner Premium 12° Craft Tall Can is small batch brewed and aged fifty days with Levicky Malt and Saaz Hops, producing medium to high crispness and bright golden colour."" (2023)
",,[],,,60462,,[],http://www.bcliquorstores.com/sites/default/files/imagecache/height400px/60462.jpeg,5629,2026-10-01 21:10:01,,1,['08586000971257'],False,,0.5,[],URPINER - PREMIUM 12 CRAFT TALL CAN,Lager,Slovak Republic,False,,2,2,,,False,109.0, PREMIUM 12 CRAFT TALL CAN,0.05,Import Beer,False,[],SH,,URPINER ,SK,,Europe Beer,,False,False,0,2.39,,False,,,urpiner - premium 12 craft tall can,,,44,Beer,[],True,1000,1007,1188,2814.5,13453.310000000001,0.025,95.6,0.5532994923857868
420,bcls,product,294766,0.24544263,VANCOUVER ISLAND - BEACH SHACK BLACKBERRY BLONDE 568 TALL CA,,,Domestic - BC Beer,4.1,[],,3.29,False,False,,,"This fresh addition to our beach shack lineup delivers a burst of sun-ripened sweetness with a smooth, easy finish. It contains notes of blackberry, pear and slight honey combined with a biscuit malt backbone. ",,[],,,294766,,[],http://www.bcliquorstores.com/sites/default/files/imagecache/height400px/294766.jpeg,3457,2026-10-01 21:10:01,,1,['00620097005599'],False,,0.568,[],VANCOUVER ISLAND - BEACH SHACK BLACKBERRY BLONDE 568 TALL CA,Blonde Ale,Canada,True,,3,3,,,False,88.0, BEACH SHACK BLACKBERRY BLONDE 568 TALL CA,0.052000000000000005,Domestic Beer,False,[],SH,BC Craft Beer,VANCOUVER ISLAND ,CA,,Domestic - BC Regional Beer,,False,False,0,3.29,,False,,,vancouver island - beach shack blackberry blonde 568 tall ca,,,14,Beer,[],True,1000,1006,1135,1963.5759999999998,11373.53,0.029536,111.38949079089925,0.4467005076142132
421,bcls,product,332409,0.24271375,VANCOUVER ISLAND - BROKEN ISLANDS HAZY IPA 8 PACK,,,Domestic - BC Beer,4.0,[],,17.99,True,False,,,,,[],,,332409,,[],http://www.bcliquorstores.com/sites/default/files/imagecache/height400px/332409.jpeg,1125,2026-10-01 21:10:01,,8,['00620097005407'],False,,0.355,[],VANCOUVER ISLAND - BROKEN ISLANDS HAZY IPA 8 PACK,India Pale Ale,Canada,True,,2,2,,,False,82.0, BROKEN ISLANDS HAZY IPA 8 PACK,0.06,Domestic Beer,False,[],SR,BC Craft Beer,VANCOUVER ISLAND ,CA,,Domestic - BC Regional Beer,,False,False,0,17.99,,False,,,vancouver island - broken islands hazy ipa 8 pack,,,41,Beer,[],True,1000,1006,1135,3195.0,20238.75,0.1704,105.57511737089202,0.41624365482233505
422,bcls,product,730328,0.24544263,VANCOUVER ISLAND - HERMANN'S DARK CAN,,,Domestic - BC Beer,4.3,[],,16.29,False,False,,,"A returning favourite, this smooth Bavarian style lager has notes of chocolate and coffee on the palate with a dry, clean finish. It delivers aromas of high malty coffe and caramel. ",,['New Product'],,,730328,,[],http://www.bcliquorstores.com/sites/default/files/imagecache/height400px/730328.jpeg,293,2026-10-01 21:10:01,,8,['00620097005667'],False,,0.355,[],VANCOUVER ISLAND - HERMANN'S DARK CAN,Dark Lager,Canada,True,,2,2,,,False,22.0, HERMANN'S DARK CAN,0.055,Domestic Beer,False,['New Product'],SH,BC Craft Beer,VANCOUVER ISLAND ,CA,,Domestic - BC Regional Beer,,False,False,0,16.29,,True,,,vancouver island - hermanns dark can,,,16,Beer,"[{'id': 'empty-placeholder', 'label': '&nbsp;', 'labelLengthWithoutTags': 1}, {'id': 'new', 'label': 'NEW', 'labelLengthWithoutTags': 3}]",True,1000,1006,1135,832.12,4772.969999999999,0.1562,104.28937259923174,0.1116751269035533
423,bcls,product,257006,0.24271375,VANCOUVER ISLAND - ISLANDER LAGER CAN,,,Domestic - BC Beer,3.9,[],,16.29,True,False,,,"1st Place, BC Beer Awards and Festival: ""This Vancouver Island classic lager is crisp & clean with low bitterness and subtle floral finish."" (January 2023)
",,[],,,257006,,[],http://www.bcliquorstores.com/sites/default/files/imagecache/height400px/257006.jpeg,853,2026-10-01 21:10:01,,8,['00620097001270'],False,,0.355,[],VANCOUVER ISLAND - ISLANDER LAGER CAN,Pilsner,Canada,True,,2,2,,,False,56.0, ISLANDER LAGER CAN,0.05,Domestic Beer,False,[],SR,BC Craft Beer,VANCOUVER ISLAND ,CA,,Domestic - BC Regional Beer,,False,False,0,16.29,,False,,,vancouver island - islander lager can,,,175,Beer,[],True,1000,1006,1135,2422.52,13895.369999999999,0.142,114.71830985915493,0.28426395939086296
424,bcls,product,300895,0.24271375,VANCOUVER ISLAND - ISLANDER LAGER SS TALL CAN,,,Domestic - BC Beer,4.2,[],,2.69,True,False,,,"BC Beer Awards and Festival: ""As Vancouver Island's classic lager, this laid-back and refreshing beer lets you drink in all our island has to offer. Crisp and refreshing with slight malt finish, this gold medal lager won 1st place at the 2023 BC Beer Awards."" (October 2023)",,[],,,300895,,[],http://www.bcliquorstores.com/sites/default/files/imagecache/height400px/300895.jpeg,6353,2026-10-01 21:10:01,,1,['00620097005162'],False,,0.473,[],VANCOUVER ISLAND - ISLANDER LAGER SS TALL CAN,Lager,Canada,True,,2,2,,,False,85.0, ISLANDER LAGER SS TALL CAN,0.05,Domestic Beer,False,[],SR,BC Craft Beer,VANCOUVER ISLAND ,CA,,Domestic - BC Regional Beer,,False,False,0,2.69,,False,,,vancouver island - islander lager ss tall can,,,40,Beer,[],True,1000,1006,1135,3004.969,17089.57,0.02365,113.74207188160676,0.43147208121827413
425,bcls,product,309082,0.24271375,VANCOUVER ISLAND - MYSTIC HAZE PALE ALE 8 PACK,,,Domestic - BC Beer,4.4,[],True,17.49,True,False,2026-09-27T00:00:00.000-07:00,,,2026-09-27T00:00:00.000-07:00,['On Sale'],2026-10-24T00:00:00.000-07:00,,309082,True,[],http://www.bcliquorstores.com/sites/default/files/imagecache/height400px/309082.jpeg,1334,2026-10-01 21:10:01,,8,['00620097005414'],False,,0.355,[],VANCOUVER ISLAND - MYSTIC HAZE PALE ALE 8 PACK,Pale Ale,Canada,True,,2,2,,,False,87.0, MYSTIC HAZE PALE ALE 8 PACK,0.045,Domestic Beer,False,['On Sale'],SR,BC Craft Beer,VANCOUVER ISLAND ,CA,,Domestic - BC Regional Beer,,False,False,0,14.99,,False,,,vancouver island - mystic haze pale ale 8 pack,,2026-10-24T00:00:00.000-07:00,34,Beer,[],True,1000,1006,1135,3788.56,23331.659999999996,0.1278,136.8544600938967,0.4416243654822335
426,bcls,product,268444,0.24544263,VANCOUVER ISLAND - OUTPOST MIX PACK CAN,,,Domestic - BC Beer,4.0,[],,24.99,True,False,,,"Featuring the easy-drinking with a slight malt finish  Islander Lager, tropical and refreshing Mystic Haze Pale Ale, bright and citrusy Broken Islands Hazy IPA, and a crisp and refreshing  german-style Break Point Pislner.
",,[],,,268444,,[],http://www.bcliquorstores.com/sites/default/files/imagecache/height400px/268444.jpeg,1339,2026-10-01 21:10:01,,12,"['00620097005636', '00620097005292']",False,,0.355,[],VANCOUVER ISLAND - OUTPOST MIX PACK CAN,Variety Pack,Canada,True,,2,2,,,False,123.0, OUTPOST MIX PACK CAN,0.0512,Domestic Beer,False,[],SR,BC Craft Beer,VANCOUVER ISLAND ,CA,,Domestic - BC Regional Beer,,False,False,0,24.99,,False,,,vancouver island - outpost mix pack can,,,43,Beer,[],True,1000,1006,1135,5704.139999999999,33461.61,0.218112,114.57416373239435,0.6243654822335025
427,bcls,product,668817,0.24271375,VANCOUVER ISLAND - PUMPKIN SHACK HARVEST ALE KING CAN,,,Domestic - BC Beer,3.5,[],,3.69,False,False,,,"A new fall seasonal addtion to the beach shack line, this pumpkin spiced  ale brings the harvest home with light caramel malts, a roasted, dry finish and notes of all spice and nutmeg on the palate.
",,['New Product'],,,668817,,[],http://www.bcliquorstores.com/sites/default/files/imagecache/height400px/668817.jpeg,4954,2026-10-01 21:10:01,,1,['00620097005650'],False,,0.568,[],VANCOUVER ISLAND - PUMPKIN SHACK HARVEST ALE KING CAN,Amber Ale,Canada,True,,2,2,,,False,72.0, PUMPKIN SHACK HARVEST ALE KING CAN,0.052000000000000005,Domestic Beer,False,['New Product'],ST,BC Craft Beer,VANCOUVER ISLAND ,CA,,Domestic - BC Regional Beer,,False,False,0,3.69,,True,,,vancouver island - pumpkin shack harvest ale king can,,,13,Beer,"[{'id': 'empty-placeholder', 'label': '&nbsp;', 'labelLengthWithoutTags': 1}, {'id': 'new', 'label': 'NEW', 'labelLengthWithoutTags': 3}]",True,1000,1006,1135,2813.872,18280.26,0.029536,124.93228602383532,0.36548223350253806
428,bcls,product,687409,0.24544263,VANCOUVER ISLAND - THRASHIN' CADDY JUICY IPA KING CAN,,,Domestic - BC Beer,4.0,[],,4.59,False,False,,,"Thrashin' Caddy has come to ashore, ready to party and share this dang juicy IPA. A hazy IPA with peach and orange flavours and a citrus hop punch combined with sweet and fruity aroma. This IPA is perfect for easy drinking and sunny days.
",,[],,,687409,,[],http://www.bcliquorstores.com/sites/default/files/imagecache/height400px/687409.jpeg,1404,2026-10-01 21:10:01,,1,['00620097005681'],False,,0.568,[],VANCOUVER ISLAND - THRASHIN' CADDY JUICY IPA KING CAN,India Pale Ale,Canada,True,,2,2,,,False,43.0, THRASHIN' CADDY JUICY IPA KING CAN,0.08,Domestic Beer,False,[],ST,BC Craft Beer,VANCOUVER ISLAND ,CA,,Domestic - BC Regional Beer,,False,False,0,4.59,,False,,,vancouver island - thrashin caddy juicy ipa king can,,,31,Beer,[],True,1000,1006,1135,797.472,6444.36,0.045439999999999994,101.01232394366198,0.2182741116751269
429,bcls,product,265262,0.24544263,WARSTEINER - FRESH TALL CAN,,,De-Alcoholized Product,4.2,['Our Best Sellers'],,10.99,,,,,"A refreshing German non-alcoholic lager. The palate is light, clean, and well balanced, showing gentle flavours of crusty bread, light malt, and subtle honey sweetness. Crisp noble hop bitterness and a touch of citrus zest carry through to a dry, thirst-quenching finish with no cloying sweetness.
",,[],,,265262,,['Our Best Sellers'],http://www.bcliquorstores.com/sites/default/files/imagecache/height400px/265262.jpeg,3242,2026-10-01 21:10:01,,4,"['04000856396803', '00696852174350']",False,,0.5,[],WARSTEINER - FRESH TALL CAN,,Germany,False,,2,2,,,False,175.0, FRESH TALL CAN,0.0,De-Alcoholized Beer,False,[],SR,,WARSTEINER ,DE,,Beer And Refreshment De-Alcoholized Product,,False,False,0,10.99,,False,"[{'urlAlias': '/promotion/best-sellers', 'name': 'Our Best Sellers', 'promoCode': 'MARCH2026BESTSELLERS', 'published': True, 'shortName': ''}]","[{'urlAlias': '/promotion/best-sellers', 'name': 'Our Best Sellers', 'promoCode': 'MARCH2026BESTSELLERS', 'published': True, 'shortName': ''}]",warsteiner - fresh tall can,,,82,General Merchandise,"[{'id': 'empty-placeholder', 'label': '&nbsp;', 'labelLengthWithoutTags': 1}, {'id': 'featured', 'label': 'FEATURED', 'labelLengthWithoutTags': 8}]",True,1000,1009,1128,6484.0,35629.58,0.0,inf,0.8883248730964467
430,bcls,product,354536,0.24544263,WARSTEINER - PREMIUM DUNKEL TALL CAN,,,Import Beer,4.6,[],,11.99,False,False,,,"An exceptional rich, dark amber German larger. It has a rich and smooth taste a lingering sweet aftertaste. The delicate aroma and notes of malt and extradordinary colouration result from a careful barley malt roasting process and subtle bottom fermenting yeast notes. 
",,[],,,354536,,[],http://www.bcliquorstores.com/sites/default/files/imagecache/height400px/354536.jpeg,465,2026-10-01 21:10:01,,4,['00082054595718'],False,,0.5,[],WARSTEINER - PREMIUM DUNKEL TALL CAN,Dark Lager,Germany,False,,2,2,,,False,59.0, PREMIUM DUNKEL TALL CAN,0.048,Import Beer,False,[],SH,,WARSTEINER ,DE,,Europe Beer,,False,False,0,11.99,,False,,,warsteiner - premium dunkel tall can,,,87,Beer,[],True,1000,1007,1188,930.0,5575.35,0.096,124.89583333333333,0.29949238578680204
431,bcls,product,339829,0.24544263,WARSTEINER PREMIUM PILSNER TALL CAN,,,Import Beer,4.7,[],,2.99,False,False,,,"A refreshing, pale golden pilsener with a clean taste perfectly balanced with hints of barley malt, subtle bottom fermenting yeast tones, and mild hoppy bitterness.
",,[],,,339829,,[],http://www.bcliquorstores.com/sites/default/files/imagecache/height400px/339829.jpeg,4866,2026-10-01 21:10:01,,1,['00082054132210'],False,,0.5,[],WARSTEINER PREMIUM PILSNER TALL CAN,Other,Germany,False,,2,2,,,False,69.0,WARSTEINER PREMIUM PILSNER TALL CAN,0.048,Import Beer,False,[],SH,,,DE,,Europe Beer,,False,False,0,2.99,,False,,,warsteiner premium pilsner tall can,,,128,Beer,[],True,1000,1007,1188,2433.0,14549.34,0.024,124.58333333333334,0.350253807106599
432,bcls,product,556720,0.24544263,WARSTEINER PREMIUM VERUM TALL CAN,,,Import Beer,4.4,[],,12.99,False,False,,,"A classic German pilsner. The palate is crisp and refreshing, with flavours of lightly toasted malt and delicate cereal sweetness balanced by firm noble hop bitterness. Subtle notes of fresh grass, white flowers, and lemon zest carry through to a clean, dry, refreshingly bitter finish.
",,[],,,556720,,[],http://www.bcliquorstores.com/sites/default/files/imagecache/height400px/556720.jpeg,1922,2026-10-01 21:10:01,,4,"['00082054132227', '04000856354551']",False,,0.5,[],WARSTEINER PREMIUM VERUM TALL CAN,Pilsner,Germany,False,,2,2,,,False,135.0,WARSTEINER PREMIUM VERUM TALL CAN,0.048,Import Beer,False,[],SR,,,DE,,Europe Beer,,False,False,0,12.99,,False,,,warsteiner premium verum tall can,,,425,Beer,[],True,1000,1007,1188,3844.0,24966.78,0.096,135.3125,0.6852791878172588
433,bcls,product,161863,0.24544263,WESTMALLE - TRIPEL,,,Import Beer,4.7,[],,5.89,False,False,,,"Westmalle Tripel (9.5% ABV) is a clear Trappist beer, golden-yellow in colour, with amazingly fruity aromas of ripe banana and a lovely, subtle nose of hops. This full-bodied beer offers finesse and elegance, with a mild taste and a creamy mouthfeel, yielding bitter notes supported by fruit aromas. Enjoy the lingering, dry finish. The complex character of a Westmalle Tripel is derived from the slow brewing process and its re-fermentation in the bottle.
",,[],,,161863,,[],http://www.bcliquorstores.com/sites/default/files/imagecache/height400px/161863.jpeg,1906,2026-10-01 21:10:01,,1,"['05412343001531', '00085725154047', '05412343201337']",False,,0.33,[],WESTMALLE - TRIPEL,Belgian Ale,Belgium,False,,2,2,,,False,67.0, TRIPEL,0.095,Import Beer,False,[],SR,,WESTMALLE ,BE,,Europe Beer,,False,False,0,5.89,,False,,,westmalle - tripel,,,184,Beer,[],True,1000,1007,1188,628.98,11226.34,0.03135,187.87878787878785,0.3401015228426396
434,bcls,product,275832,0.24544263,WHISTLER - 90 LIGHT LAGER CAN,,,Domestic - BC Beer,4.1,['Our Best Sellers'],True,14.99,False,False,2026-09-27T00:00:00.000-07:00,,"NEW from Whistler Brewing! A light lager of superior quality and taste, this easy drinking beer has a touch of malt, is crisp and refreshing with a smooth and clean finish, and has only 90 calories and 4 grams of carbs! Cheers!
",2026-09-27T00:00:00.000-07:00,"['BCL Select', 'On Sale']",2026-10-24T00:00:00.000-07:00,,275832,True,['Our Best Sellers'],http://www.bcliquorstores.com/sites/default/files/imagecache/height400px/275832.jpeg,1612,2026-10-01 21:10:01,,8,['00696852169400'],False,,0.355,[],WHISTLER - 90 LIGHT LAGER CAN,Lager,Canada,True,,2,2,,,False,100.0, 90 LIGHT LAGER CAN,0.04,Domestic Beer,True,"['BCL Select', 'On Sale']",C,BC Craft Beer,WHISTLER ,CA,,Domestic - BC Regional Beer,,False,False,0,9.99,,False,"[{'urlAlias': '/promotion/best-sellers', 'name': 'Our Best Sellers', 'promoCode': 'MARCH2026BESTSELLERS', 'published': True, 'shortName': ''}]","[{'urlAlias': '/promotion/best-sellers', 'name': 'Our Best Sellers', 'promoCode': 'MARCH2026BESTSELLERS', 'published': True, 'shortName': ''}]",whistler - 90 light lager can,,2026-10-24T00:00:00.000-07:00,67,Beer,"[{'id': 'featured', 'label': 'FEATURED', 'labelLengthWithoutTags': 8}, {'id': 'exclusive', 'label': 'ONLY@BCL', 'labelLengthWithoutTags': 8}]",True,1000,1006,1135,4578.08,24163.88,0.11359999999999999,131.95422535211267,0.5076142131979695
435,bcls,product,42427,0.24271375,WHISTLER - FORAGER GLUTEN FREE LAGER CAN,,,Domestic - BC Beer,3.6,[],,16.99,True,False,,,"BC's first craft gluten-free lager made with a grist of sorghum and rice. It's hop-forward and full of character.
",,[],,,42427,,[],http://www.bcliquorstores.com/sites/default/files/imagecache/height400px/42427.jpeg,2527,2026-10-01 21:10:01,,6,['00626990411499'],False,,0.355,[],WHISTLER - FORAGER GLUTEN FREE LAGER CAN,Lager,Canada,True,,2,2,,,False,176.0, FORAGER GLUTEN FREE LAGER CAN,0.05,Domestic Beer,False,[],SR,BC Craft Beer,WHISTLER ,CA,,Domestic - BC Regional Beer,,False,False,0,16.99,,False,,,whistler - forager gluten free lager can,,,207,Beer,[],True,1000,1006,1135,5382.509999999999,42933.729999999996,0.1065,159.53051643192487,0.8934010152284264
436,bcls,product,431794,0.24271375,WHISTLER - FORAGER GLUTEN FREE PALE ALE CAN,,,Domestic - BC Beer,3.9,[],,16.99,True,False,,,"We've sought out only the best ingredients to brew this award-winning gluten free amber pale ale that has a brush of malt character with a complement of hops. Each batch is tested to ensure that it is safe for gluten free consumption.
",,[],,,431794,,[],http://www.bcliquorstores.com/sites/default/files/imagecache/height400px/431794.jpeg,880,2026-10-01 21:10:01,,6,['00626990469384'],False,,0.355,[],WHISTLER - FORAGER GLUTEN FREE PALE ALE CAN,Pale Ale,Canada,True,,2,2,,,False,105.0, FORAGER GLUTEN FREE PALE ALE CAN,0.05,Domestic Beer,False,[],SR,BC Craft Beer,WHISTLER ,CA,,Domestic - BC Regional Beer,,False,False,0,16.99,,False,,,whistler - forager gluten free pale ale can,,,18,Beer,[],True,1000,1006,1135,1874.3999999999999,14951.199999999999,0.1065,159.53051643192487,0.5329949238578681
437,bcls,product,238964,0.24271375,WHISTLER - GRAPEFRUIT ALE CAN,,,Domestic - BC Beer,4.2,[],True,14.99,True,False,2026-09-27T00:00:00.000-07:00,,"It's a summer blonde with a twist—literally. Whistler Brewing begins with a malty blonde ale, then add grapefruit zest, a little coriander and two types of hops to finish it off. The result is a refreshing grapefruit aromatic, lightly hopped, with a clean citrus finish. It's the perfect patio beer.
",2026-09-27T00:00:00.000-07:00,['On Sale'],2026-10-24T00:00:00.000-07:00,,238964,True,[],http://www.bcliquorstores.com/sites/default/files/imagecache/height400px/238964.jpeg,1421,2026-10-01 21:10:01,,6,['00626990129349'],False,,0.355,[],WHISTLER - GRAPEFRUIT ALE CAN,Other,Canada,True,,3,3,,,False,145.0, GRAPEFRUIT ALE CAN,0.05,Domestic Beer,False,['On Sale'],SH,BC Craft Beer,WHISTLER ,CA,,Domestic - BC Regional Beer,,False,False,0,12.37,,False,,,whistler - grapefruit ale can,,2026-10-24T00:00:00.000-07:00,45,Beer,[],True,1000,1006,1135,3026.73,21300.79,0.1065,140.7511737089202,0.7360406091370558
438,bcls,product,300572,0.24544263,WHISTLER - LIME CREAMSICLE SOUR TALL CAN,,,Domestic - BC Beer,4.0,[],,3.69,False,False,,,"Whistler Brewing is excited to introduce a NEW limited series release, the Whistler Lime Creamsicle Sour! A refreshing-lime flavoured beer with a smooth, ice cream twist and a touch of tart citrus at the end! The ultimate treat for warm spring and summer days!
",,[],,,300572,,[],http://www.bcliquorstores.com/sites/default/files/imagecache/height400px/300572.jpeg,1780,2026-10-01 21:10:01,,1,['00696852169394'],False,,0.473,[],WHISTLER - LIME CREAMSICLE SOUR TALL CAN,Sour,Canada,True,,2,2,,,False,56.0, LIME CREAMSICLE SOUR TALL CAN,0.05,Domestic Beer,False,[],ST,BC Craft Beer,WHISTLER ,CA,,Domestic - BC Regional Beer,,False,False,0,3.69,,False,,,whistler - lime creamsicle sour tall can,,,16,Beer,[],True,1000,1006,1135,841.9399999999999,6568.2,0.02365,156.02536997885835,0.28426395939086296
439,bcls,product,47402,0.24544263,WHISTLER - MOUNTAINEER PILSNER CAN,,,Domestic - BC Beer,4.1,[],,15.99,True,False,,,"This lightly hopped pilsner is crisp, cool and clean. Brisk and refreshing, with smooth aromas of citrus and hops, this pilsner will reach new heights to quench your thirst!
",,[],,,47402,,[],http://www.bcliquorstores.com/sites/default/files/imagecache/height400px/47402.jpeg,804,2026-10-01 21:10:01,,8,['00626990469186'],False,,0.355,[],WHISTLER - MOUNTAINEER PILSNER CAN,Pilsner,Canada,True,,2,2,,,False,81.0, MOUNTAINEER PILSNER CAN,0.05,Domestic Beer,False,[],SR,BC Craft Beer,WHISTLER ,CA,,Domestic - BC Regional Beer,,False,False,0,15.99,,False,,,whistler - mountaineer pilsner can,,,54,Beer,[],True,1000,1006,1135,2283.3599999999997,12855.960000000001,0.142,112.60563380281691,0.41116751269035534
440,bcls,product,15217,0.24271375,WHISTLER - RAMBLER PACK CANS 2,,,Domestic - BC Beer,3.7,[],True,24.99,True,False,2026-09-27T00:00:00.000-07:00,,"Featuring four of Whistler Brewing's most exciting beers! Showcasing the refreshing and thirst quenching Mountaineer Pilsner, freshed brewed Bear Paw Honey Lager with great honey flavour, the tropical fruit flavours of the Variable Conditions Hazy IPA and the grapefruit citrus seasonal favorite Grapefruit Ale, the Rambler has something for everyone!
",2026-09-27T00:00:00.000-07:00,['On Sale'],2026-10-24T00:00:00.000-07:00,,15217,True,[],http://www.bcliquorstores.com/sites/default/files/imagecache/height400px/15217.jpeg,870,2026-10-01 21:10:01,,12,"['00626990411550', '00696852060936']",False,,0.355,[],WHISTLER - RAMBLER PACK CANS 2,Variety Pack,Canada,True,,2,2,,,False,93.0, RAMBLER PACK CANS 2,0.054000000000000006,Domestic Beer,False,['On Sale'],SR,BC Craft Beer,WHISTLER ,CA,,Domestic - BC Regional Beer,,False,False,0,22.49,,False,,,whistler - rambler pack cans 2,,2026-10-24T00:00:00.000-07:00,75,Beer,[],True,1000,1006,1135,3706.2,21741.3,0.23004000000000002,108.63328116849242,0.4720812182741117
441,bcls,product,674162,0.24271375,WHITE CLAW ZERO - MANGO PASSIONFRUIT,,,De-Alcoholized Product,4.2,['Non-Alcoholic Drinks'],,10.79,,,,,"White Claw Zero Proof is a non-alcoholic take on the popular brand's hard seltzers. Natural mango and passion fruit flavours combine with premium seltzer and electrolytes into an exceptionally refreshing experience. With only 2 grams of sugar and 10 calories per can, Zero Proof is the perfect guilt-free thirst quencher.
",,[],,,674162,,['Non-Alcoholic Drinks'],http://www.bcliquorstores.com/sites/default/files/imagecache/height400px/674162.jpeg,1921,2026-10-01 21:10:01,,4,['00848819070032'],False,,0.355,[],WHITE CLAW ZERO - MANGO PASSIONFRUIT,,Canada,False,,2,2,,,False,103.0, MANGO PASSIONFRUIT,0.0,De-Alcoholized Beer,False,[],SR,,WHITE CLAW ZERO ,CA,,Beer And Refreshment De-Alcoholized Product,,False,False,0,10.79,,False,"[{'urlAlias': '/promotion/non-alcoholic', 'name': 'Non-Alcoholic Drinks', 'promoCode': '2024NOALCOHOL', 'published': True, 'shortName': ''}]","[{'urlAlias': '/promotion/non-alcoholic', 'name': 'Non-Alcoholic Drinks', 'promoCode': '2024NOALCOHOL', 'published': True, 'shortName': ''}]",white claw zero - mango passionfruit,,,9,General Merchandise,"[{'id': 'empty-placeholder', 'label': '&nbsp;', 'labelLengthWithoutTags': 1}, {'id': 'featured', 'label': 'FEATURED', 'labelLengthWithoutTags': 8}]",True,1000,1009,1128,2727.8199999999997,20727.59,0.0,inf,0.5228426395939086
442,bcls,product,239424,0.24544263,WILD NORTH BREWING - DOWNTOWN HONEY BROWN LAGER TALL CAN,,,Domestic - BC Beer,3.6,[],,15.49,False,False,,,"A smooth, easy-drinking lager with a warm copper hue and gentle caramel malt character. Subtle honey notes add a hint of sweetness, while a crisp, clean finish keeps it light, balanced, and sessionable.",,[],,,239424,,[],http://www.bcliquorstores.com/sites/default/files/imagecache/height400px/239424.jpeg,827,2026-10-01 21:10:01,,4,['00696852171113'],False,,0.473,[],WILD NORTH BREWING - DOWNTOWN HONEY BROWN LAGER TALL CAN,Dark Lager,Canada,True,,2,2,,,False,71.0, DOWNTOWN HONEY BROWN LAGER TALL CAN,0.05,Domestic Beer,False,[],SR,BC Craft Beer,WILD NORTH BREWING ,CA,,Domestic - BC Micro Brew Beer,,False,False,0,15.49,,False,,,wild north brewing - downtown honey brown lager tall can,,,3,Beer,[],True,1000,1006,1133,1564.684,12810.23,0.0946,163.74207188160676,0.3604060913705584
443,bcls,product,485381,0.24271375,WILD NORTH BREWING - PILOT BAY HAZY IPA TALL CAN,,,Domestic - BC Beer,3.5,[],True,16.49,True,False,2026-09-27T00:00:00.000-07:00,,"A vibrant New England-style IPA bursting with tropical pineapple and bright citrus notes. Carefully crafted to deliver juicy fruit flavors with a subtle hop bitterness, balanced by a clean malt profile. Smooth and easy-drinking, this beer offers a refreshing taste experience for IPA enthusiasts.",2026-09-27T00:00:00.000-07:00,['On Sale'],2026-10-24T00:00:00.000-07:00,,485381,True,[],http://www.bcliquorstores.com/sites/default/files/imagecache/height400px/485381.jpeg,669,2026-10-01 21:10:01,,4,['00696852036573'],False,,0.473,[],WILD NORTH BREWING - PILOT BAY HAZY IPA TALL CAN,India Pale Ale,Canada,True,,2,2,,,False,54.0, PILOT BAY HAZY IPA TALL CAN,0.065,Domestic Beer,False,['On Sale'],SR,BC Craft Beer,WILD NORTH BREWING ,CA,,Domestic - BC Micro Brew Beer,,False,False,0,15.49,,False,,,wild north brewing - pilot bay hazy ipa tall can,,2026-10-24T00:00:00.000-07:00,11,Beer,[],True,1000,1006,1133,1265.748,11031.81,0.12297999999999999,134.08684338916896,0.27411167512690354
444,bcls,product,217990,0.24271375,WILDEYE BREWING - CZECH PILSNER TALL CAN,,,Domestic - BC Beer,4.5,[],,13.99,True,False,,,"This award winning Czech Pilsner boasts a crisp golden hue with floral Saaz hop aroma. Its balanced maltiness leads to a clean, refreshing finish.
",,[],,,217990,,[],http://www.bcliquorstores.com/sites/default/files/imagecache/height400px/217990.jpeg,681,2026-10-01 21:10:01,,4,"['00626990388708', '00062699388708']",False,,0.473,[],WILDEYE BREWING - CZECH PILSNER TALL CAN,Pilsner,Canada,True,,2,2,,,False,68.0, CZECH PILSNER TALL CAN,0.048,Domestic Beer,False,[],SR,BC Craft Beer,WILDEYE BREWING ,CA,,Domestic - BC Micro Brew Beer,,False,False,0,13.99,,False,,,wildeye brewing - czech pilsner tall can,,,156,Beer,[],True,1000,1006,1133,1288.452,9527.19,0.090816,154.04774489076817,0.34517766497461927
445,bcls,product,66753,0.24271375,YELLOW DOG - CHASE MY TAIL PALE ALE TALL CAN,,,Domestic - BC Beer,3.9,[],,14.79,True,False,,,"A balanced and highly drinkable adult beverage that dreams are made of! Chase My Tail pours rich burnt orange in colour, while the mouth-watering hoppy aroma hits you right before your first sip. Hints of citrus and grapefruit tickle the tongue with the firm malt backbone to back it up. This thirst-quenching pale ale will have you running around in circles!
",,[],,,66753,,[],http://www.bcliquorstores.com/sites/default/files/imagecache/height400px/66753.jpeg,2087,2026-10-01 21:10:01,,4,['00626990203469'],False,,0.473,[],YELLOW DOG - CHASE MY TAIL PALE ALE TALL CAN,Pale Ale,Canada,True,,2,2,,,False,131.0, CHASE MY TAIL PALE ALE TALL CAN,0.052000000000000005,Domestic Beer,False,[],G,BC Craft Beer,YELLOW DOG ,CA,,Domestic - BC Regional Beer,,False,False,0,14.79,,False,,,yellow dog - chase my tail pale ale tall can,,,164,Beer,[],True,1000,1006,1135,3948.604,30866.73,0.098384,150.32932184094975,0.6649746192893401
446,bcls,product,5629,0.24271375,YELLOW DOG - PLAY DEAD IPA TALL CAN,,,Domestic - BC Beer,4.4,[],,14.99,True,False,,,"A delicious treat that will have you doing tricks! This carefully crafted hop potion provides a tropical fruit kick, with a strong backbone that complements a pleasingly dry finish. A big beer that is very drinkable, but don't be fooled, it packs a punch!
",,[],,,5629,,[],http://www.bcliquorstores.com/sites/default/files/imagecache/height400px/5629.jpeg,2733,2026-10-01 21:10:01,,4,['00626990203483'],False,,0.473,[],YELLOW DOG - PLAY DEAD IPA TALL CAN,India Pale Ale,Canada,True,,2,2,,,False,138.0, PLAY DEAD IPA TALL CAN,0.068,Domestic Beer,False,[],G,BC Craft Beer,YELLOW DOG ,CA,,Domestic - BC Regional Beer,,False,False,0,14.99,,False,,,yellow dog - play dead ipa tall can,,,210,Beer,[],True,1000,1006,1135,5170.835999999999,40967.67,0.128656,116.51224972018406,0.700507614213198
447,bcls,product,494002,0.24271375,YELLOW DOG BREWING - CHASE MY TAIL PALE ALE CAN,,,Domestic - BC Beer,3.4,[],,28.29,True,False,,,"A balanced and highly drinkable adult beverage that dreams are made of! Chase My Tail pours rich burnt orange in colour, while the mouth-watering hoppy aroma hits you right before your first sip. Hints of citrus and grapefruit tickle the tongue with the firm malt backbone to back it up. This thirst-quenching pale ale will have you running around in circles!
",,['BCL Select'],,,494002,,[],http://www.bcliquorstores.com/sites/default/files/imagecache/height400px/494002.jpeg,929,2026-10-01 21:10:01,,12,['00696852017558'],False,,0.355,[],YELLOW DOG BREWING - CHASE MY TAIL PALE ALE CAN,Pale Ale,Canada,True,,2,2,,,False,100.0, CHASE MY TAIL PALE ALE CAN,0.052000000000000005,Domestic Beer,True,['BCL Select'],C,BC Craft Beer,YELLOW DOG BREWING ,CA,,Domestic - BC Regional Beer,,False,False,0,28.29,,False,,,yellow dog brewing - chase my tail pale ale can,,,78,Beer,"[{'id': 'empty-placeholder', 'label': '&nbsp;', 'labelLengthWithoutTags': 1}, {'id': 'exclusive', 'label': 'ONLY@BCL', 'labelLengthWithoutTags': 8}]",True,1000,1006,1135,3957.54,26281.41,0.22152,127.70855904658721,0.5076142131979695
448,bcls,product,286969,0.24271375,YELLOW DOG BREWING - DOG PARK TALL CAN MIXED PACK,,,Domestic - BC Beer,3.0,[],True,23.99,True,False,2026-09-27T00:00:00.000-07:00,,"This mix pack will keep everyone in the Dog Park refreshed all year long! Choose between our classic Retriever Golden Ale, Rollover Cerveza Negra, and two brews exclusive to the Dog Park: Rascal Japanese Lager and Pack Leader Pilsner! Now say it with me; who let the dogs out?
",2026-09-27T00:00:00.000-07:00,['On Sale'],2026-10-24T00:00:00.000-07:00,,286969,True,[],http://www.bcliquorstores.com/sites/default/files/imagecache/height400px/286969.jpeg,745,2026-10-01 21:10:01,,8,['00696852152969'],False,,0.473,[],YELLOW DOG BREWING - DOG PARK TALL CAN MIXED PACK,Variety Pack,Canada,True,,2,2,,,False,100.0, DOG PARK TALL CAN MIXED PACK,0.048,Domestic Beer,False,['On Sale'],SR,BC Craft Beer,YELLOW DOG BREWING ,CA,,Domestic - BC Regional Beer,,False,False,0,22.99,,False,,,yellow dog brewing - dog park tall can mixed pack,,2026-10-24T00:00:00.000-07:00,39,Beer,[],True,1000,1006,1135,2819.08,17872.55,0.181632,132.0802501761804,0.5076142131979695
449,bcls,product,26498,0.24271375,YELLOW DOG BREWING - HIGH 5 HAZY IPA CAN,,,Domestic - BC Beer,4.2,[],,14.99,True,False,,,"A hazy, crazy, tropical fruit explosion! Slightly cloudy in look with a super soft mouthfeel, this beer is then loaded with a plethora of hops to give it strong flavours of grapefruit and stone fruit. Bright, fresh and vibrant, this hop elixir will have you racing to the end of the glass!
",,[],,,26498,,[],http://www.bcliquorstores.com/sites/default/files/imagecache/height400px/26498.jpeg,2309,2026-10-01 21:10:01,,4,['00626990237457'],False,,0.473,[],YELLOW DOG BREWING - HIGH 5 HAZY IPA CAN,India Pale Ale,Canada,True,,2,2,,,False,127.0, HIGH 5 HAZY IPA CAN,0.065,Domestic Beer,False,[],G,BC Craft Beer,YELLOW DOG BREWING ,CA,,Domestic - BC Regional Beer,,False,False,0,14.99,,False,,,yellow dog brewing - high 5 hazy ipa can,,,152,Beer,[],True,1000,1006,1135,4368.628,34611.91,0.12297999999999999,121.88973816880795,0.6446700507614214
450,bcls,product,185333,0.24544263,YELLOW DOG BREWING - SQUIRREL CHASER HAZY PALE ALE CAN,,,Domestic - BC Beer,4.1,[],True,14.99,True,False,2026-09-27T00:00:00.000-07:00,,"A sophisticated hop juice cocktail! Cloudy appearance with intense aromas of pineapple and grapefruit. The first sip provides a pillowy mouth feel that leads to a tantalizing hop experience with a balanced backbone. Enjoy this beer undistracted and focused on...SQUIRREL.
",2026-09-27T00:00:00.000-07:00,['On Sale'],2026-10-24T00:00:00.000-07:00,,185333,True,[],http://www.bcliquorstores.com/sites/default/files/imagecache/height400px/185333.jpeg,1811,2026-10-01 21:10:01,,4,['00626990306825'],False,,0.473,[],YELLOW DOG BREWING - SQUIRREL CHASER HAZY PALE ALE CAN,Pale Ale,Canada,True,,2,2,,,False,119.0, SQUIRREL CHASER HAZY PALE ALE CAN,0.052000000000000005,Domestic Beer,False,['On Sale'],SR,BC Craft Beer,YELLOW DOG BREWING ,CA,,Domestic - BC Regional Beer,,False,False,0,13.99,,False,,,yellow dog brewing - squirrel chaser hazy pale ale can,,2026-10-24T00:00:00.000-07:00,56,Beer,[],True,1000,1006,1135,3426.412,27146.89,0.098384,152.36217271100992,0.6040609137055838
